0.721657,0.668016,0.448153,0.492145,0.343162,0.635655,0.454038,0.0372068,0.7302,0.344911,0.402318,0.282041,0.350489,0.391653,0.253354,0.414008,0.32066,0.47528,0.561077,0.429372,0.702072,0.219809,0.278844,0.537667,0.317577,0.333237,0.425419,0.259123,0.385198,0.656828,0.602046,0.413872,0.278158,0.235061,0.559954,0.354713,0.172865,0.501087,0.308415,0.280335,0.565144,0.530817,0.348651,0.766248,0.547937,0.338682,0.25159,0.628546,0.512806,0.666497,0.456756,0.518223,0.501071,0.848985,0.220117,0.762896,0.471901,0.788009,0.378402,0.593533,0.33514,0.383647,0.410861,0.190452,0.444277,0.258718,0.39082,0.414227,0.27461,0.316066,0.731721,0.492374,0.134013,0.46954,0.622496,0.45088,0.52771,0.0754504,0.269635,0.580795,0.396953,0.302511,0.335019,0.331726,0.392173,0.487064,0.405431,0.0836351,0.478389,0.28408,0.603597,0.163234,0.152448,0.45226,0.39117,0.43644,0.559329,0.206977,0.235061,0.559954,0.353506,0.117416,0.637725,0.128082,0.156215,0.564767,0.412288,0.475886,0.504989,0.328424,0.722899,0.477947,0.714723,0.432362,0.183994,0.59824,0.359351,0.352244,0.246987,0.264841,0.364892,0.188361,0.231106,0.392039,0.299439,0.630038,0.148995,0.0572079,0.462475,0.25414,0.28084,0.409933,0.16909,0.235303,0.272043,0.188101,0.363055,0.485822,0.695633,0.366056,0.469355,0.764395,0.611845,0.363598,0.283849,0.260978,0.491151,0.35299,0.55058,0.141239,0.319712,0.500502,0.159035,0.548974,0.231416,0.321439,0.404876,0.354997,0.518721,0.0923955,0.217547,0.471146,0.334954,0.328126,0.348185,0.104598,0.54298,0.228762,0.256973,0.165849,0.139747,0.353121,0.129972,0.150716,0.340209,0.351129,0.255508,0.105101,0.377558,0.421237,0.553841,0.346525,0.320477,0.286307,0.25975,0.544269,0.375335,0.396617,0.473244,0.539203,0.2052,0.494958,0.513652,0.736709,0.308506,0.259411,0.479018,0.310813,0.238868,0.123274,0.382936,0.183618,0.205966,0.206569,0.454007,0.799812,0.308463,0.226737,0.180423,0.321792,0.425847,0.264827,0.275188,0.376871,0.177963,0.129804,0.379545,0.223142,0.266088,0.310427,0.370294,0.408582,0.206599,0.625079,0.510674,0.393029,0.360346,0.18548,0.343545,0.165494,0.225623,0.278673,0.485241,0.822009,0.741302,0.218884,0.408582,0.206599,0.438761,0.475814,0.804856,0.549671,0.436896,0.609278,0.651208,0.529241,0.209411,0.82486,0.284514,0.381124,0.263284,0.166559,0.183782,0.514955,0.417537,0.554638,0.265935,0.54046,0.228991,0.428676,0.30413,0.329487,0.218714,0.166542,0.24825,0.278288,0.297897,0.266387,0.165683,0.0966864,0.598827,0.327465,0.197041,0.3526,0.169707,0.765971,0.508253,0.812659,0.268439,0.137654,0.11828,0.491417,0.140945,0.183782,0.514955,0.657,0.618898,0.205583,0.212725,0.324971,0.12891,0.564736,0.677206,0.41651,0.0660845,0.166222,0.429815,0.478417,0.367432,0.19248,0.310486,0.260712,0.337616,0.383281,0.1268,0.476298,0.301232,0.234095,0.16576,0.32519,0.165267,0.523288,0.190051,0.221658,0.366842,0.307452,0.234106,0.190877,0.159142,0.427653,0.442962,0.153889,0.226737,0.180423,0.321277,0.376377,0.096012,0.431406,0.0969265,0.273473,0.174325,0.0572448,0.590847,0.128452,0.415908,0.102607,0.178105,0.236714,0.171486,0.51973,0.291592,0.524602,0.539147,0.416508,0.532471,0.428097,0.297651,0.274628,0.419777,0.276422,0.406849,0.173285,0.461563,0.302489,0.0902266,0.226477,0.214955,0.519195,0.13694,0.383326,0.183869,0.272455,0.0848966,0.121756,0.254928,0.513652,0.736709,0.149384,0.158731,0.171915,0.338606,0.0915844,0.38963,0.304719,0.26229,0.0329695,0.279351,0.165615,0.240709,0.198792,0.247161,0.0262219,0.436478,0.181768,0.141135,0.0999616,0.337616,0.383281,0.153449,0.300106,0.465149,0.225077,0.259868,0.128093,0.24953,0.203026,0.783527,0.788743,0.0791528,0.225281,0.611283,0.123415,0.126248,0.249962,0.0673078,0.753254,0.00903086,0.498379,0.161153,0.188574,0.097584,0.20514,0.318903,0.216468,0.301995,0.088643,0.349989,0.593888,0.0812086,0.149475,0.338272,0.251451,0.318151,0.544921,0.269906,0.306533,0.208048,0.840171,0.158304,0.0555608,0.271145,0.300665,0.325442,0.135986,0.134816,0.1485
0.740344,0.422035,0.628098,0.227805,0.600206,0.426225,0.0973544,0.0781893,0.925156,0.193944,0.200534,0.0888273,0.443716,0.127779,0.245145,0.119502,0.261659,0.529553,0.337375,0.652622,0.388026,0.415912,0.14313,0.408857,0.304178,0.360432,0.676317,0.372329,0.456942,0.467187,0.616549,0.3818,0.236111,0.508432,0.561558,0.440119,0.367371,0.242203,0.510906,0.447405,0.401846,0.655884,0.592488,0.713471,0.271121,0.16011,0.22171,0.489831,0.50136,0.592429,0.561415,0.552261,0.855263,0.77708,0.122528,0.697872,0.563336,0.526964,0.521299,0.61283,0.563972,0.624923,0.392722,0.298209,0.677757,0.162869,0.263329,0.573923,0.449421,0.383862,0.335223,0.287088,0.201736,0.595856,0.267331,0.546556,0.619423,0.026313,0.433944,0.23954,0.4809,0.365703,0.178886,0.272166,0.373248,0.226937,0.461342,0.105504,0.530554,0.679633,0.741443,0.129151,0.244462,0.657656,0.516424,0.126915,0.779217,0.273438,0.508432,0.561558,0.647711,0.653896,0.79414,0.161106,0.392724,0.735929,0.699305,0.25349,0.254217,0.400664,0.438591,0.381088,0.630233,0.226055,0.0993221,0.385674,0.301853,0.164846,0.0902068,0.595953,0.453967,0.0654739,0.270321,0.36291,0.181523,0.510027,0.128237,0.160804,0.465874,0.159444,0.657425,0.453581,0.0472099,0.224741,0.147416,0.161957,0.642678,0.246173,0.474287,0.212769,0.295235,0.749882,0.564576,0.358048,0.591367,0.406273,0.646312,0.513799,0.536451,0.184695,0.366884,0.486517,0.532378,0.590678,0.590643,0.0610888,0.505095,0.491796,0.25057,0.235912,0.154661,0.562295,0.328165,0.0795638,0.147999,0.384513,0.431805,0.36206,0.404847,0.0786777,0.163635,0.230372,0.0610949,0.22209,0.744532,0.331191,0.273565,0.110362,0.311108,0.0892385,0.475215,0.229626,0.365558,0.178334,0.280591,0.222299,0.271358,0.650068,0.19731,0.409641,0.161741,0.29536,0.453549,0.390089,0.363397,0.129141,0.144048,0.388478,0.167346,0.453791,0.122692,0.177197,0.127028,0.167302,0.814741,0.58641,0.192876,0.16103,0.197862,0.352295,0.459682,0.418277,0.256769,0.629611,0.238218,0.143579,0.195761,0.128282,0.171084,0.36422,0.241272,0.760499,0.204285,0.131411,0.380492,0.259006,0.498836,0.153147,0.428698,0.299915,0.720962,0.2952,0.493965,0.619026,0.471344,0.290986,0.760499,0.204285,0.244677,0.0964051,0.879033,0.154846,0.630204,0.363517,0.557857,0.285898,0.143676,0.828016,0.191285,0.36726,0.0771487,0.0990618,0.235837,0.240225,0.264112,0.525361,0.313333,0.528925,0.0861516,0.43317,0.203818,0.341751,0.183714,0.121885,0.246412,0.182103,0.31213,0.179781,0.164674,0.128934,0.817697,0.242976,0.270924,0.281232,0.417119,0.849471,0.677887,0.86632,0.234018,0.141548,0.0700994,0.261739,0.169936,0.235837,0.240225,0.598131,0.321643,0.390634,0.26656,0.612268,0.0505874,0.801154,0.663578,0.365517,0.228641,0.599375,0.431463,0.727333,0.201825,0.277,0.146595,0.347893,0.714397,0.2946,0.103846,0.534001,0.194724,0.225352,0.15089,0.366159,0.152732,0.742152,0.255462,0.28357,0.204823,0.162724,0.207202,0.115317,0.232572,0.304439,0.677797,0.364901,0.16103,0.197862,0.286684,0.434942,0.112433,0.703752,0.0780044,0.353665,0.0925876,0.119807,0.285737,0.170664,0.474717,0.108151,0.203117,0.549507,0.290344,0.589814,0.285811,0.596451,0.255039,0.322014,0.168786,0.372978,0.379012,0.247407,0.220327,0.309969,0.200694,0.316375,0.461285,0.260419,0.123216,0.124186,0.161763,0.267984,0.167906,0.396368,0.176552,0.11098,0.0896915,0.107353,0.165982,0.453549,0.390089,0.126622,0.136044,0.138199,0.167824,0.0796371,0.507099,0.294538,0.206647,0.07922,0.219871,0.218918,0.22527,0.13507,0.577491,0.0358144,0.757452,0.177903,0.180765,0.133073,0.714397,0.2946,0.39115,0.151853,0.567619,0.190738,0.179098,0.184699,0.254091,0.0738753,0.790742,0.507611,0.263871,0.231596,0.283055,0.252113,0.132645,0.191273,0.0921307,0.46646,0.0637083,0.313766,0.290412,0.105531,0.160301,0.123285,0.172801,0.141282,0.318525,0.222935,0.384131,0.321987,0.156378,0.0981687,0.301951,0.15743,0.604678,0.332006,0.449373,0.717903,0.174904,0.795704,0.187489,0.0905264,0.314536,0.153193,0.616617,0.129894,0.162419,0.224764
0.492904,0.550746,0.489165,0.213866,0.479534,0.695748,0.596348,0.0881993,0.709345,0.606454,0.633008,0.537084,0.181969,0.706353,0.519273,0.679373,0.31185,0.59699,0.385693,0.388565,0.447994,0.494133,0.258726,0.53079,0.416324,0.169091,0.478253,0.306631,0.325052,0.474357,0.359824,0.332144,0.241598,0.45371,0.422948,0.24096,0.264762,0.688505,0.33004,0.370603,0.352607,0.544287,0.543355,0.690886,0.279433,0.667785,0.576684,0.506388,0.597769,0.605095,0.457043,0.401471,0.586732,0.656517,0.292764,0.511366,0.379121,0.653372,0.623059,0.731777,0.635779,0.440474,0.668652,0.613501,0.345887,0.463007,0.550242,0.39984,0.388163,0.672614,0.757731,0.644603,0.57574,0.627822,0.279508,0.548946,0.506935,0.243249,0.334158,0.17992,0.309126,0.168717,0.560891,0.18305,0.275055,0.337902,0.326754,0.181689,0.441351,0.209305,0.600378,0.191902,0.178476,0.430399,0.676784,0.789896,0.652009,0.147249,0.45371,0.422948,0.532786,0.49947,0.304561,0.0856854,0.29901,0.787294,0.571699,0.19831,0.676336,0.461452,0.331243,0.638928,0.618724,0.338487,0.103253,0.369052,0.300513,0.20623,0.215715,0.434883,0.3993,0.0316253,0.934076,0.271654,0.293756,0.61758,0.14633,0.126494,0.539068,0.156119,0.308207,0.295082,0.0390448,0.224402,0.146513,0.184961,0.373877,0.313087,0.558572,0.134179,0.310009,0.657378,0.506032,0.224672,0.506164,0.186019,0.595936,0.440482,0.59765,0.0976948,0.402973,0.720853,0.0353311,0.663926,0.53637,0.110119,0.455205,0.742867,0.423479,0.194141,0.0883423,0.465154,0.38263,0.0886838,0.148753,0.0639019,0.465677,0.260477,0.363919,0.0881909,0.159497,0.252935,0.0164729,0.228204,0.39883,0.253311,0.305073,0.0832836,0.389685,0.183541,0.544033,0.300614,0.296507,0.184843,0.230848,0.418482,0.24828,0.548401,0.306432,0.469379,0.240607,0.478156,0.24313,0.560956,0.230213,0.237069,0.401016,0.283082,0.109523,0.30343,0.0696707,0.0914359,0.198479,0.134035,0.463068,0.469233,0.208241,0.169745,0.258848,0.405403,0.505812,0.284999,0.222679,0.471047,0.306672,0.225969,0.40569,0.138437,0.182318,0.259247,0.276374,0.497314,0.313221,0.208654,0.238694,0.224769,0.74099,0.0532499,0.372509,0.271519,0.187835,0.178792,0.302274,0.535776,0.803217,0.183572,0.497314,0.313221,0.0848284,0.322101,0.890863,0.773935,0.519853,0.328907,0.495341,0.127852,0.222654,0.839242,0.224317,0.44544,0.312509,0.0401703,0.362189,0.231719,0.19436,0.499208,0.286254,0.530849,0.233544,0.493375,0.135883,0.389588,0.231237,0.126383,0.330687,0.0961252,0.226331,0.137572,0.059738,0.0965595,0.507641,0.118117,0.185016,0.288546,0.336081,0.897044,0.0880011,0.865235,0.185249,0.142395,0.142724,0.11696,0.0987741,0.362189,0.231719,0.801298,0.327164,0.111585,0.257983,0.435251,0.113695,0.678374,0.945597,0.166727,0.125686,0.406354,0.446096,0.595776,0.179834,0.142637,0.145171,0.302605,0.480862,0.36009,0.104206,0.505088,0.157251,0.155842,0.1317,0.25407,0.137525,0.574416,0.188191,0.197103,0.241462,0.117243,0.2861,0.0721191,0.273034,0.354214,0.538189,0.2496,0.169745,0.258848,0.250367,0.483865,0.12861,0.507189,0.0716539,0.231854,0.2453,0.139785,0.202929,0.161222,0.214865,0.0705285,0.26187,0.451251,0.13423,0.645997,0.329383,0.647446,0.33322,0.281847,0.443337,0.302396,0.207415,0.0780952,0.126472,0.104026,0.365407,0.21563,0.506707,0.314472,0.142269,0.102362,0.169777,0.300283,0.107985,0.254813,0.270742,0.0978558,0.0809518,0.0775941,0.0365697,0.24313,0.560956,0.124077,0.108738,0.0721896,0.14137,0.0595316,0.181042,0.308155,0.205805,0.0540975,0.134285,0.0751294,0.194272,0.156422,0.177568,0.0361558,0.361348,0.132858,0.0883811,0.172054,0.480862,0.36009,0.227038,0.114961,0.409145,0.150016,0.177377,0.0814174,0.298321,0.176986,0.758727,0.466525,0.116082,0.248415,0.469348,0.0551469,0.191349,0.161642,0.0555033,0.469388,0.0848399,0.202514,0.156914,0.253084,0.0722111,0.0828572,0.262124,0.0873205,0.304504,0.20714,0.24656,0.505891,0.113183,0.0970694,0.164561,0.069444,0.399635,0.259695,0.272881,0.42292,0.288237,0.818186,0.25834,0.113702,0.164359,0.0939631,0.340508,0.085367,0.137185,0.117518
0.596643,0.309222,0.463972,0.335627,0.33493,0.391981,0.555934,0.0830712,0.632258,0.422228,0.434415,0.227983,0.432236,0.356278,0.387474,0.228671,0.225288,0.480796,0.588502,0.260885,0.321168,0.469241,0.146829,0.514223,0.159247,0.321452,0.702627,0.331453,0.555384,0.533449,0.590759,0.321502,0.185052,0.152033,0.562761,0.363569,0.283599,0.192949,0.375324,0.512637,0.563349,0.569406,0.456816,0.695743,0.289275,0.298142,0.614372,0.525348,0.542341,0.668113,0.463903,0.518397,0.629275,0.707776,0.179657,0.553965,0.631968,0.665846,0.518482,0.558724,0.506996,0.315486,0.520998,0.406515,0.393432,0.285295,0.513283,0.47118,0.299519,0.557241,0.744396,0.423037,0.089645,0.461299,0.453348,0.511917,0.62304,0.161243,0.320741,0.357758,0.400203,0.316242,0.438963,0.2272,0.251382,0.286149,0.392308,0.10214,0.735173,0.511529,0.42288,0.180846,0.153625,0.379527,0.523309,0.383834,0.728441,0.448435,0.152033,0.562761,0.483673,0.323716,0.502551,0.164977,0.254884,0.659756,0.47634,0.167917,0.373064,0.466075,0.563676,0.569821,0.590801,0.325988,0.151305,0.388218,0.433747,0.253866,0.147978,0.250227,0.468618,0.118502,0.351977,0.516847,0.253597,0.604215,0.125689,0.185417,0.455476,0.137976,0.428514,0.357997,0.0545495,0.240167,0.13657,0.229159,0.541902,0.339689,0.472401,0.419611,0.201452,0.781836,0.568673,0.429348,0.590518,0.342088,0.54199,0.428692,0.565442,0.134974,0.540852,0.31252,0.066138,0.619316,0.422374,0.177571,0.577099,0.619296,0.547171,-0.0136132,0.3438,0.591347,0.195613,0.121058,0.229882,0.131807,0.472223,0.25183,0.393064,0.0894258,0.176287,0.377842,0.0568357,0.169238,0.515305,0.446914,0.326858,0.0423645,0.323147,0.0570334,0.533785,0.303351,0.197121,0.237245,0.419779,0.158292,0.248388,0.486715,0.486812,0.465639,0.200437,0.515834,0.318195,0.536806,0.101787,0.221383,0.497315,0.45506,0.390513,0.207148,0.243663,0.19617,0.195872,0.207762,0.436773,0.593227,0.417546,0.238532,0.223697,0.403801,0.61447,0.393792,0.369603,0.600026,0.534798,0.215526,0.382388,0.496577,0.232534,0.492616,0.172228,0.503177,0.171559,0.186843,0.573822,0.207801,0.400487,0.278672,0.535044,0.116499,0.0911393,0.31277,0.259932,0.401859,0.571473,0.353078,0.503177,0.171559,0.310433,0.39677,0.87923,0.216881,0.503099,0.394188,0.677766,0.19043,0.261593,0.783106,0.594568,0.603779,0.302565,0.149372,0.0593022,0.240535,0.274979,0.652946,0.124893,0.491662,0.377713,0.266633,0.0722721,0.433313,0.182309,0.246265,0.407208,0.398276,0.386827,0.476346,0.360272,0.0845566,0.720219,0.288166,0.16126,0.661502,0.151557,0.853667,0.573227,0.871045,0.214588,0.238532,0.1385,0.358752,0.101743,0.0593022,0.240535,0.687582,0.609065,0.251516,0.29568,0.71933,0.15565,0.758114,0.712727,0.269512,0.426476,0.188016,0.525061,0.450672,0.684901,0.215769,0.353781,0.17943,0.345624,0.484507,0.0686636,0.590592,0.334805,0.308837,0.24032,0.575085,0.0433313,0.944845,0.210558,0.245951,0.25758,0.250739,0.0782268,0.181421,0.263968,0.433555,0.85264,0.150908,0.238532,0.223697,0.455098,0.589156,0.112332,0.503249,0.217499,0.657773,0.280983,0.118772,0.279757,0.17404,0.314417,0.209702,0.199634,0.32396,0.368989,0.559619,0.157364,0.692722,0.649975,0.284699,0.358288,0.271869,0.228196,0.120898,0.232367,0.42071,0.321225,0.142785,0.298514,0.294144,0.420527,0.299314,0.0403716,0.498795,0.192418,0.0690199,0.179375,0.212554,0.191887,0.317319,0.232612,0.318195,0.536806,0.198615,0.134163,0.132137,0.273477,0.176568,0.383941,0.275568,0.232905,0.0637136,0.11414,0.076157,0.74814,0.100307,0.285768,0.0446452,0.414234,0.147519,0.244308,0.0792735,0.345624,0.484507,0.20613,0.331812,0.60257,0.328731,0.20149,0.346287,0.112797,0.0837562,0.788613,0.370297,0.134234,0.417149,0.240712,0.215218,0.276828,0.238762,0.173187,0.516989,0.0584494,0.769215,0.244787,0.228203,0.0482534,0.167835,0.329348,0.141029,0.309814,0.259086,0.119608,0.295648,0.269499,0.139682,0.348314,0.0876629,0.261912,1.01741,0.286385,0.778207,0.368906,0.748041,0.149304,0.0707939,0.563466,0.191452,0.440578,0.198466,0.106459,0.347586
0.810383,0.676235,0.609633,0.165372,0.608131,0.6864,0.397223,0.0999778,0.795639,0.395216,0.439342,0.393649,0.30361,0.483438,0.478882,0.224635,0.393127,0.542299,0.388017,0.626473,0.762497,0.412256,0.208871,0.512441,0.263385,0.494662,0.562616,0.364873,0.492831,0.967761,0.928964,0.275651,0.180583,0.283618,0.700514,0.389243,0.33035,0.495916,0.230236,0.251172,0.291025,0.675401,0.530211,0.799789,0.2578,0.335713,0.231013,0.405278,0.68026,0.671159,0.453787,0.646023,0.807276,0.659171,0.318646,0.731972,0.361947,0.795182,0.5761,0.693326,0.584439,0.512685,0.511705,0.373273,0.31139,0.283404,0.264006,0.526446,0.495429,0.156809,0.705801,0.46397,0.169686,0.529496,0.276658,0.614931,0.456556,0.0469687,0.176965,0.270867,0.492164,0.20261,0.241407,0.286304,0.382023,0.409594,0.526215,0.141417,0.139479,0.832297,0.504329,0.0782107,0.156242,0.523454,0.875561,0.30343,0.681568,0.368258,0.283618,0.700514,0.597469,0.36922,0.729795,0.0998319,0.303196,0.89291,0.456057,0.279192,0.39338,0.460357,0.526551,0.467509,0.596902,0.166984,0.286921,0.479087,0.285907,0.124902,0.238965,0.536012,0.462648,0.0347893,0.584068,0.317026,0.107392,0.633504,0.171861,0.0778252,0.424633,0.193207,0.462533,0.000671488,0.0696201,0.304609,0.147164,0.194425,0.459481,0.284841,0.776981,0.248985,0.323146,0.603628,0.625626,0.470103,0.544383,0.217744,0.643727,0.484071,0.722431,0.137012,0.374172,0.559421,0.102948,0.517719,0.330392,0.0473682,0.142085,0.457579,0.141917,0.252742,0.158177,0.429196,0.296447,0.0704972,0.214897,0.0932602,0.279215,0.206489,0.299897,0.0489318,0.490352,0.271273,0.0444979,0.347662,0.739289,0.167516,0.252245,0.190258,0.249514,0.0607771,0.95913,0.191228,0.357149,0.14012,0.141337,0.307778,0.207448,0.73829,0.102164,0.457167,0.162074,0.661315,0.518559,0.478317,0.309455,0.14751,0.113954,0.246865,0.258767,0.180767,0.0316048,0.17187,0.412466,0.295273,0.679726,0.537226,0.116312,0.179737,0.184499,0.281595,0.452597,0.534157,0.141371,0.427576,0.197279,0.14331,0.237447,0.249802,0.323218,0.244524,0.312744,0.526493,0.216718,0.128757,0.394839,0.324429,0.758396,0.175232,0.382449,0.180471,0.704678,0.314972,0.427174,0.578412,0.585268,0.153315,0.526493,0.216718,0.26579,0.131814,0.882593,1.01026,0.719044,0.372309,0.769628,0.355453,0.13561,1.06088,0.266415,0.506973,0.207977,0.0776408,0.519034,0.149466,0.172562,0.564278,0.123167,0.550713,0.284031,0.535832,0.192254,0.530221,0.118287,0.0830171,0.321859,0.266419,0.452066,0.287561,0.161044,0.231119,0.358385,0.290426,0.201527,0.398324,0.518436,0.821797,0.398693,0.812315,0.173814,0.190635,0.135092,0.280741,0.0722045,0.519034,0.149466,0.694409,0.99231,0.795417,0.233879,0.652119,0.180129,1.06878,0.801073,0.375533,0.294486,0.613638,0.463718,0.645835,0.341059,0.41836,0.164707,0.758827,0.739547,0.68643,0.0831312,0.544286,0.172147,0.653777,0.198153,0.420719,0.188644,0.603028,0.153263,0.20765,0.278901,0.310923,0.184444,0.130551,0.167913,0.436367,0.635314,0.377844,0.179737,0.184499,0.236668,0.38228,0.101545,0.354583,0.107394,0.206652,0.13866,0.142732,0.335422,0.178461,0.315483,0.0755893,0.158695,0.547039,0.252692,0.249709,0.257236,0.55085,0.569621,0.329885,0.149768,0.347963,0.452491,0.23148,0.162663,0.289068,0.177091,0.274823,0.446201,0.267457,0.324904,0.365286,0.182723,0.276247,0.240413,0.339163,0.212431,0.16209,0.110154,0.137938,0.162525,0.518559,0.478317,0.0808808,0.215703,0.119468,0.237399,0.159149,0.284419,0.247871,0.282392,0.06702,0.279789,0.238567,0.25603,0.0909335,0.295599,0.0657759,0.569683,0.154135,0.116066,0.0998885,0.739547,0.68643,0.391181,0.213198,0.665789,0.15237,0.27895,0.114453,0.230174,0.110731,0.883355,0.168379,0.110575,0.445954,0.13526,0.299062,0.0894061,0.331418,0.110276,0.263466,0.0396137,0.201675,0.104656,0.345329,0.0876216,0.238546,0.340475,0.109351,0.268369,0.19547,0.737154,0.198749,0.116544,0.143672,0.182184,0.149136,0.802212,1.12569,0.65981,0.0684916,0.149427,0.364477,0.221075,0.275334,0.171939,0.290835,0.441304,0.205788,0.135185,0.264804
-0.149423,0.531022,0.00804636,0.844123,-0.33299,0.179293,0.0255972,0.114697,-0.611769,0.538135,0.526591,0.13704,0.828018,0.48547,0.10629,-0.0341551,-0.113477,0.291078,0.0753231,1.01458,0.666252,0.322027,0.269974,0.31928,1.14015,2.40716,0.612288,-0.45509,-0.60163,-0.263239,-0.326397,0.224901,0.161105,-0.366216,0.0315759,0.146291,0.0639601,1.08635,1.08734,0.940021,0.0136545,0.207364,0.149857,0.118958,1.74039,0.11115,-0.150256,0.189781,0.75907,0.248675,0.44697,0.214332,1.00741,1.0439,-0.563045,0.606472,2.00427,0.3452,1.1719,-0.337195,-0.351768,1.35444,2.02298,2.02782,-0.207542,0.781441,0.245834,-0.0233145,1.00812,0.521752,0.104478,0.114719,0.0649518,0.714821,0.591586,0.139233,0.220508,0.127667,0.0320038,0.552923,0.719605,0.356674,3.26667,0.10848,0.112415,0.571804,-0.175127,0.0999459,1.22182,0.674317,0.918366,0.102842,0.0483896,0.170319,0.630372,-0.0130751,-0.0570025,0.954587,-0.366216,0.0315759,0.022446,0.0753822,-0.0258518,0.0765225,0.0152783,0.0204293,-0.229296,0.17006,-0.0556944,-0.130174,0.426527,1.75104,-0.228022,0.791478,0.212117,0.269915,0.7478,0.432717,0.515379,0.888019,-0.272554,0.280283,0.270049,0.583412,0.210989,0.236405,1.25276,0.196585,0.0871803,0.316513,0.184671,1.27726,1.14858,0.203764,0.0911701,0.26543,1.3913,0.332292,0.417701,0.267143,0.389079,0.375559,0.772241,0.116208,-1.72318,1.45253,0.564147,0.521552,-0.584055,0.108599,1.30525,0.00277868,0.0413101,0.139547,0.106346,0.517115,0.902311,1.20764,0.77728,0.164757,0.485013,0.230217,0.459483,0.668059,0.675679,0.0310438,0.870672,0.131639,-0.11456,0.0503941,0.24775,0.711285,0.0161787,0.120903,-0.104541,0.632472,0.238387,0.0307925,0.583038,0.573561,0.491935,0.60051,0.131958,0.526306,0.432996,0.464196,0.214035,-0.0318258,0.499796,0.446429,0.716106,0.753151,0.863986,1.21272,0.72955,0.382587,0.663934,1.18633,0.237231,0.404405,0.61209,0.181467,0.979657,0.194521,0.738033,1.63044,0.528741,0.163244,0.666549,0.551696,1.00272,0.0986324,0.290408,2.25888,0.243127,0.79548,0.749135,0.308891,0.212002,1.08274,0.495378,0.14171,0.664858,0.868832,0.595306,0.329378,-0.36094,0.097919,0.42017,1.31925,0.179676,1.25552,0.313712,0.619641,0.220263,0.96787,0.14171,0.664858,0.236258,0.698895,0.145347,0.0728913,-0.391631,-0.222951,-0.424635,1.11027,0.711822,0.0473912,0.27829,0.668807,0.533485,0.121486,0.569531,0.553729,0.401918,0.628723,0.420553,0.55202,0.284468,0.326888,0.197707,0.738365,0.393797,0.257153,0.700496,0.214484,0.279596,0.249707,0.212096,0.0432947,0.359921,0.555896,0.294214,0.540546,-0.0646833,0.270118,-0.419186,0.0854062,0.70674,0.122509,0.190371,0.183289,0.170924,0.569531,0.553729,1.14792,0.492783,0.279779,0.278936,0.693285,0.195557,-0.870505,1.1709,-0.174932,0.688567,0.060076,0.593483,0.0784518,0.28257,0.00543849,0.221512,0.085265,-0.00763093,0.758144,0.231893,0.725548,0.164605,0.381005,0.21197,0.318817,0.224044,0.808044,0.169065,0.380064,0.325751,0.237486,0.303562,0.104415,1.37947,0.841791,0.790027,0.554308,0.163244,0.666549,0.166402,0.25796,0.173735,2.03968,0.074941,0.351157,0.132054,0.0505966,0.555971,0.406313,0.228188,0.111856,0.8646,0.0132229,0.0744839,-0.0107273,0.469846,0.170487,0.928441,0.107758,0.603389,0.808451,0.0441219,0.120689,0.353505,0.172964,0.780344,0.27003,0.802689,0.634121,0.154083,0.398176,0.190916,0.357922,0.468642,0.395909,0.111768,0.0991413,0.186699,0.146776,0.155785,0.863986,1.21272,0.300421,0.217699,0.198086,0.171726,0.416828,0.791323,0.571425,0.503241,0.0813863,0.186862,0.331349,0.132193,0.747249,0.517326,0.0229499,-0.0464629,0.181625,0.897585,0.201969,-0.00763093,0.758144,0.0302448,-0.0823053,0.282084,0.480113,0.261059,0.282004,0.506425,0.456331,0.261016,0.342423,0.320692,0.681408,0.124905,0.0962301,0.263695,0.341859,0.0968696,0.134557,0.0482749,0.256369,0.88626,0.286644,0.789969,0.21921,0.150735,0.181302,1.7012,1.48102,0.302463,0.622065,0.284225,0.171134,0.625299,0.267855,0.277461,0.38451,0.189487,0.583458,0.642465,0.541849,0.451645,0.412154,0.240733,0.174663,0.621891,0.294049,0.374042,0.227054
0.511869,0.723581,0.390602,0.809929,0.500339,0.608846,0.123842,0.142909,0.707117,0.176954,0.194265,0.0716606,0.438722,0.214096,0.118027,0.0286439,0.0988275,0.13094,0.598285,0.490065,0.554227,0.205624,0.202622,0.357093,0.431012,0.532342,0.280753,0.459204,0.638229,0.735283,0.556536,0.450356,0.362366,0.141679,0.720439,0.197996,0.0259482,0.692771,0.352914,0.393318,0.730767,0.484292,0.182982,0.502197,0.313683,0.0698171,0.139002,0.548147,0.514243,0.763499,0.424659,0.551157,0.317367,0.853049,0.326189,0.688844,0.706833,0.854303,0.293298,0.815552,0.591827,0.266163,0.366203,0.292078,0.321517,0.329963,0.278201,0.723547,0.0686304,0.198164,0.684856,0.430266,0.0639373,0.208447,0.702609,0.328528,0.587255,0.0635579,0.323436,0.540456,0.431665,0.296815,0.318506,0.365759,0.183716,0.215852,0.481026,0.124243,0.544391,0.0410782,0.450344,0.10459,0.128102,0.396732,0.37184,0.0480426,0.575366,0.637419,0.141679,0.720439,0.347628,0.0685401,0.122057,0.172793,0.148022,0.457203,0.386428,0.36734,0.484632,0.430063,0.594391,0.423466,0.803953,0.818482,0.616347,0.0198163,0.598927,0.461829,0.13283,0.444177,0.601955,0.430238,0.0780393,0.55933,0.105761,0.572242,0.193925,0.0187993,0.217466,0.214028,0.159515,0.52252,0.119885,0.1897,0.0955901,0.224733,0.476412,0.246313,0.260504,0.139979,0.414345,0.600099,0.703482,0.120809,0.399447,0.313428,0.366017,0.360335,0.514044,0.126111,0.486303,0.520805,0.141959,0.519224,0.237372,0.950616,0.550531,0.34563,0.654343,0.167332,0.342608,0.538641,0.458824,0.745504,0.677232,0.166266,0.839983,0.243472,0.433745,0.0258338,0.0533436,0.758565,0.210052,0.180265,0.225062,0.636719,0.357871,0.128327,0.489418,0.312947,0.352813,0.40896,0.147998,0.334871,0.208412,1.03217,0.186364,0.342254,1.14227,0.396107,0.271395,0.513618,0.389165,1.09797,0.46389,0.291109,0.607876,0.415102,0.141871,0.193174,0.877041,0.151673,0.207673,0.0538262,0.263196,0.621476,0.397738,0.150071,0.19345,0.452378,0.601161,0.118161,0.288535,0.340048,0.279481,0.277048,0.567886,0.150727,0.177476,0.402531,0.378122,0.377212,0.189456,0.936825,0.786556,0.317489,0.381817,0.102285,0.431208,0.22914,0.268923,0.202466,0.429441,1.03754,0.427795,0.348802,0.377212,0.189456,0.173568,0.711275,0.729828,0.290473,0.340917,0.45055,0.727995,0.874939,0.4013,0.717592,0.333945,0.41751,0.159492,0.25712,0.0706031,0.666844,1.28562,0.645983,0.321031,0.559503,0.345947,0.34524,0.207687,0.358397,0.328411,0.151884,0.371297,0.0817569,0.218676,0.279213,0.317568,0.0904026,0.457556,0.2251,0.27994,0.411193,0.127333,0.63161,0.329409,0.736574,0.169311,0.14204,0.0713624,0.243912,0.148421,0.0706031,0.666844,0.545194,0.358271,0.495653,0.131845,0.234228,0.252944,0.525785,0.446003,0.13192,0.181059,0.133506,0.520169,0.290961,0.315079,0.174941,0.164534,0.105291,0.334964,0.371279,0.158207,0.524,0.226577,0.238367,0.0888626,0.345636,0.218067,0.409659,0.202728,0.320247,0.244011,0.248821,0.295567,0.169497,0.177856,0.476992,0.37188,0.160419,0.150071,0.19345,0.382323,0.424775,0.187908,0.391292,0.0639976,0.503983,0.117862,0.127851,0.30709,0.159754,0.26902,0.0739834,0.296992,0.183193,0.241663,0.147487,0.352728,0.592139,0.791966,0.180761,0.849933,0.258075,0.424113,0.172502,0.206624,0.0880921,0.360216,0.196105,0.585959,0.542315,0.0903435,0.201971,0.234346,0.278826,0.258221,0.149463,0.371447,0.152643,0.0998475,0.238793,0.137524,0.389165,1.09797,0.240503,0.245376,0.05159,0.146407,0.0763854,0.640801,0.480343,0.524337,0.0557175,0.209607,0.0612354,0.297194,0.437626,0.265126,0.0433563,0.337178,0.123923,0.113678,0.165875,0.334964,0.371279,0.249821,0.175083,0.428045,0.553454,0.192785,0.204066,0.533763,0.353309,0.710359,0.167548,0.322277,0.224928,0.114371,0.226865,0.200031,0.147767,0.082769,0.278166,0.0835434,0.50262,0.156921,0.266986,0.092441,0.168322,0.343189,0.15732,0.253652,0.298399,0.178625,1.0603,0.150803,0.0555148,0.424181,0.216793,0.264223,0.403397,0.308917,0.545122,0.298779,0.350926,0.37771,0.110871,0.183307,0.321872,0.325025,0.252456,0.270822,0.218724
0.862327,0.463419,0.479962,0.428453,0.648383,0.539299,0.19821,0.119607,0.289709,0.19617,0.226377,0.13751,0.229187,0.188525,0.146022,0.0808807,0.224323,0.562491,0.441473,0.495972,0.510627,0.387197,0.267085,0.448306,0.476992,0.321011,0.489753,0.407337,0.620804,0.56152,0.56728,0.217571,0.161604,0.495771,0.626443,0.306014,0.233141,0.66848,0.284794,0.316652,0.703138,0.538804,0.409695,0.785782,0.310115,0.158648,0.332249,0.524066,0.681031,0.724377,0.666186,0.612608,0.616244,0.724063,0.206915,0.703847,0.370886,0.746604,0.614067,0.691952,0.616154,0.57546,0.162187,0.0778096,0.403274,0.252103,0.285367,0.61312,0.345317,0.249342,0.676969,0.40906,0.135869,0.366586,0.394025,0.561506,0.224331,0.0718326,0.0304862,0.397221,0.446285,0.207373,0.130907,0.457942,0.314435,0.282438,0.575871,0.110143,0.428668,0.577694,0.522723,0.109574,0.187013,0.458808,0.0935492,0.107301,0.764894,0.231904,0.495771,0.626443,0.618678,0.386396,0.38672,0.0762178,0.312846,0.733951,0.255446,0.141711,0.461414,0.502699,0.580103,0.176271,0.644599,0.379171,0.343831,0.366238,0.621616,0.240413,0.118267,0.565254,0.474142,0.153023,0.155226,0.475025,0.289241,0.676971,0.0110178,0.0581893,0.450193,0.212436,0.279919,0.41215,0.20779,0.197509,0.175846,0.188114,0.163815,0.400513,0.450955,0.137004,0.361009,0.548533,0.655774,0.43274,0.568358,0.140253,0.884554,0.550954,0.540677,0.121719,0.0143536,0.297006,0.255195,0.636993,0.275724,0.244997,0.452292,0.717718,0.398511,0.27271,0.255439,0.437426,0.446736,0.296208,0.407525,0.229274,0.561118,0.185924,-0.0448547,0.168429,0.258542,0.364261,0.07401,0.312183,0.589885,0.440213,0.143935,0.182585,0.431358,0.200413,0.519683,0.374362,0.195029,0.29034,0.332762,0.413996,0.230245,0.620189,0.434235,0.503872,0.321861,0.43608,0.445634,0.6474,0.343796,0.310211,0.411711,0.0898143,0.128932,0.341947,0.231724,0.124108,0.104239,0.32379,0.48233,0.685437,0.29871,0.187027,0.138513,0.416082,0.55863,0.385224,0.279237,0.494169,0.210279,0.312158,0.367788,0.167905,0.197887,0.00430417,0.355103,0.65669,0.226789,0.381606,0.300631,0.338146,0.445053,0.174346,0.4193,0.255385,0.309721,0.141977,0.338556,0.619341,0.74249,0.080672,0.65669,0.226789,0.205367,0.314016,0.809121,0.385057,0.547791,0.656939,0.489854,0.386035,0.396602,0.607868,0.300943,0.468199,0.174771,0.0792178,0.413954,0.367981,0.34185,0.581576,0.319818,0.545479,0.259972,0.456407,0.168343,0.665346,0.266432,0.128284,0.362916,0.188735,0.29681,0.171587,0.180361,0.211849,0.717649,0.261604,0.111125,0.253415,0.244851,0.827349,0.544986,0.808073,0.241605,0.146426,0.117277,0.192184,0.237782,0.413954,0.367981,0.684786,0.460813,0.378524,0.178079,0.500891,0.147812,0.728423,0.705449,0.444172,0.172903,0.292421,0.459104,0.315612,0.250875,0.150891,0.134172,0.136146,0.351424,0.35889,0.163557,0.61126,0.175767,0.30755,0.109579,0.330934,0.216469,0.622479,0.222952,0.320906,0.268264,0.190466,0.255953,0.10767,0.155286,0.52121,0.586635,0.201453,0.187027,0.138513,0.273679,0.310529,0.169511,0.618745,0.0956766,0.328745,0.0411353,0.138022,0.24691,0.182105,0.287903,0.0997205,0.178625,0.333719,0.235437,0.603566,0.354275,0.564059,0.509751,0.272884,0.405052,0.459077,0.226417,0.164286,0.169756,0.186133,0.456008,0.221807,0.559767,0.452849,0.160916,0.150741,0.174758,0.242578,0.176847,0.308776,0.302083,0.116631,0.0597866,0.129439,0.156903,0.445634,0.6474,0.197649,0.151161,0.14825,0.17794,0.0894432,0.558989,0.383134,0.407854,0.118701,0.137602,0.15978,0.303292,0.273583,0.428614,0.0425722,0.521703,0.197189,0.070118,0.136198,0.351424,0.35889,0.375484,0.224064,0.506351,0.238612,0.205289,0.101261,0.340743,0.293106,0.685454,0.343355,0.125453,0.383361,0.10965,0.208302,0.184615,0.239823,0.0727862,0.38576,0.121378,0.329798,0.173994,0.237154,0.119251,0.103811,0.265835,0.18695,0.200214,0.0832045,0.209012,0.475108,0.120754,0.108823,0.336376,0.161814,0.310427,0.242243,0.414174,0.338805,0.322718,0.506248,0.222891,0.116537,0.323777,0.319061,0.519098,0.155908,0.123674,0.201893
0.694787,0.663106,0.491235,0.326201,0.565805,0.732257,0.469519,0.0801901,0.666416,0.398021,0.419387,0.251487,0.445552,0.459931,0.354006,0.348807,0.343158,0.497047,0.47608,0.510741,0.549643,0.420918,0.208493,0.424178,0.470387,0.322071,0.286495,0.355195,0.41141,0.687007,0.56753,0.478789,0.295423,0.549263,0.46162,0.397788,0.294356,0.374542,0.413158,0.385772,0.777971,0.548901,0.484342,0.567878,0.202313,0.528049,0.513491,0.383068,0.593101,0.612164,0.418592,0.651079,0.698439,0.749918,0.159781,0.609136,0.432274,0.755037,0.359253,0.375916,0.494627,0.358498,0.57501,0.441379,0.440623,0.281597,0.46602,0.53194,0.291862,0.395651,0.664726,0.405918,0.117533,0.523851,0.382932,0.695923,0.646486,0.0578338,0.48854,0.182976,0.278076,0.289317,0.35321,0.274247,0.237226,0.198983,0.632789,0.13577,0.186722,0.420099,0.720243,0.203181,0.217363,0.329311,0.513849,0.393418,0.739927,0.261238,0.549263,0.46162,0.617887,0.377345,0.384687,0.268997,0.270742,0.680815,0.48677,0.175909,0.543159,0.510994,0.287255,0.489761,0.699034,0.269885,0.179595,0.402781,0.24287,0.127502,0.198602,0.663743,0.284543,0.168558,0.26125,0.386569,0.208956,0.641999,0.22641,0.0859124,0.51722,0.353664,0.234131,0.0762315,0.106176,0.204107,0.139961,0.140035,0.518596,0.287233,0.368769,0.219799,0.330207,0.655831,0.514355,0.395552,0.620014,0.348357,0.512465,0.281646,0.512998,0.0934291,0.473499,0.295911,0.238541,0.729071,0.430943,0.104989,0.288375,0.517621,0.25399,0.247378,0.182691,0.68539,0.393844,0.0929622,0.24446,0.212568,0.398659,0.421559,0.445763,0.150982,0.0717671,0.258374,0.036444,0.227944,0.324141,0.220875,0.428476,0.15894,0.355428,0.112967,0.353157,0.200842,0.252269,0.136866,0.195282,0.393282,0.190747,0.617483,0.392494,0.441127,0.154508,0.546243,0.370515,0.688596,0.396341,0.202743,0.249558,0.468757,0.131925,0.156692,0.136635,0.113973,0.106312,0.0387629,0.506619,0.398365,0.324617,0.175736,0.327947,0.338988,0.333722,0.474012,0.175299,0.34873,0.234689,0.202151,0.283059,0.156459,0.141275,0.430161,0.321407,0.693529,0.128365,0.277579,0.441867,0.31357,0.6465,0.0833895,0.376804,0.302333,0.269535,0.167643,0.245919,0.405912,0.427822,0.344706,0.693529,0.128365,0.187705,0.264912,0.883476,0.467533,0.66773,0.385072,0.644684,0.244061,0.119666,0.766041,0.200084,0.392725,0.197637,0.0658706,0.264414,0.245958,0.202501,0.548774,0.228899,0.543261,0.217031,0.40002,0.179195,0.518819,0.210164,0.100337,0.213738,0.202805,0.196165,0.132314,0.192903,0.144904,0.801797,0.16828,0.126659,0.28273,0.326111,0.898151,0.547033,0.945109,0.226566,0.0892205,0.137792,0.194446,0.130685,0.264414,0.245958,0.563439,0.402127,0.363269,0.185689,0.304169,0.17223,0.724943,0.668241,0.277851,0.195939,0.302691,0.445595,0.44525,0.216102,0.219704,0.119655,0.296438,0.354639,0.334948,0.151205,0.535434,0.142384,0.324492,0.0816772,0.263415,0.127686,0.331056,0.132854,0.0882761,0.343092,0.14966,0.274983,0.133859,0.301154,0.336332,0.351651,0.281567,0.175736,0.327947,0.242971,0.458225,0.183484,0.0927395,0.0625423,0.151001,0.259977,0.165644,0.0884559,0.129671,0.370882,0.0856672,0.268967,0.48857,0.132736,0.605096,0.282337,0.699957,0.348138,0.243377,0.30686,0.16787,0.255177,0.168927,0.143514,0.174768,0.272976,0.17572,0.501458,0.359694,0.129926,0.1341,0.129338,0.267989,0.0893278,0.264098,0.306932,0.145621,0.0671918,0.0930857,0.0944184,0.370515,0.688596,0.101278,0.106972,0.0706474,0.140159,0.0834617,0.445911,0.263816,0.281873,0.0875659,0.102416,0.0716265,0.197142,0.198263,0.433707,0.0237161,0.53099,0.116694,0.227186,0.128744,0.354639,0.334948,0.32103,0.203233,0.524298,0.254214,0.146456,0.078725,0.36263,0.215056,0.821367,0.335179,0.14505,0.173634,0.363858,0.123064,0.168663,0.179839,0.0883656,0.413378,0.225934,0.214544,0.0118753,0.292801,0.0622389,0.0918461,0.210471,0.135137,0.398293,0.331544,0.174049,0.405727,0.089899,0.0981522,0.160664,0.136177,0.380359,0.331843,0.370104,0.123197,0.139526,0.595103,0.145563,0.0908065,0.180842,0.0907331,0.586627,0.134306,0.126732,0.162382
0.512578,0.497012,0.576454,0.602674,0.847562,1.01819,0.47754,0.022975,0.558337,0.62174,0.682725,0.263217,0.372896,0.433471,0.58316,0.239221,0.135457,0.144379,0.303191,0.562884,0.396979,0.369456,0.476121,0.216568,0.480529,0.385407,0.265509,0.520988,0.631081,0.705821,0.647234,0.498924,0.429506,0.484838,0.445489,0.34134,0.268715,0.0745774,0.376246,0.436549,0.2674,0.600739,0.657363,0.38476,0.330567,0.159437,0.537354,0.301889,0.333085,0.372282,0.0956267,0.506756,0.551956,0.622381,0.132152,0.622641,0.55682,0.750495,0.67697,0.418912,0.495105,0.473654,0.40291,0.261471,0.395604,0.283387,0.154338,0.699775,0.327279,0.456733,0.241957,0.050914,0.0528991,0.802175,0.805511,0.511803,0.488229,0.220066,0.280121,0.578463,0.154273,0.855334,0.215364,0.0326254,0.19347,0.276651,0.490704,0.0463478,0.347722,0.310884,0.408664,0.157299,0.152511,0.43008,0.519191,0.335872,0.811075,0.350118,0.484838,0.445489,0.720736,0.252157,0.169276,0.216841,0.136594,0.593904,0.354092,0.0416151,0.253431,0.439634,0.510806,0.392742,0.630606,0.616302,0.102577,0.289636,0.786859,0.574635,0.169173,0.713494,0.455641,0.164729,0.296552,0.279656,0.127608,0.557249,0.127223,0.120933,0.588881,0.170049,0.214331,0.31081,0.202506,0.124022,0.0924348,0.157157,0.510913,0.094537,0.040191,0.0622142,0.408129,0.251251,0.553366,0.413223,0.598263,0.314876,0.624795,0.53755,0.69865,0.0302897,0.446698,0.39907,0.451139,0.650111,0.241857,0.226009,0.451834,0.355035,0.526733,0.222415,0.286909,0.577835,0.405672,0.226914,0.296571,0.703437,0.684962,0.184663,0.348968,0.0121363,0.22129,0.585424,0.00551498,0.12314,0.508576,0.885921,0.283929,0.129008,0.64071,0.278907,0.406232,0.545232,0.159358,0.39056,0.412777,0.953027,0.222268,0.454839,0.4795,0.325015,0.403334,0.514994,0.304421,0.802434,0.37338,0.433458,0.751162,0.406161,-0.0322412,0.214161,0.218212,0.104606,0.12075,0.299231,0.474289,0.668615,0.0486557,0.21147,0.157432,0.627285,0.518639,0.459615,0.295869,0.453354,0.238146,0.182871,0.388673,0.170084,0.117829,0.358846,0.11936,0.605937,0.243957,0.457417,0.451792,0.342164,0.578065,0.0394195,0.354976,0.307262,0.329775,0.101062,0.193165,0.361256,0.280093,0.265116,0.605937,0.243957,0.163061,0.690287,0.807324,0.35044,0.511103,0.283347,0.463402,0.676259,0.250694,0.672767,0.324351,0.498062,0.776474,-0.000921171,0.165883,0.675196,0.420145,0.507181,0.452486,0.533854,0.157359,0.341658,0.146625,0.381141,0.445284,0.33629,0.459535,0.0984394,0.311391,-0.0464701,0.105079,-0.0110259,0.593141,0.157972,0.123839,0.331354,0.47992,0.855938,0.47449,0.844668,0.200826,0.149579,0.565087,0.16486,0.0564896,0.165883,0.675196,0.82921,0.38612,0.143994,0.157084,0.34463,0.102689,0.612716,0.790883,0.170756,0.022933,0.433174,0.419294,0.412623,0.153877,0.0591617,0.0724202,0.0811881,0.391077,0.226115,0.142905,0.55789,0.157019,0.24566,0.081379,0.269499,0.0928926,0.22208,0.259612,0.410902,0.192388,0.180826,0.259456,0.0749896,0.29128,0.363362,0.350082,0.397443,0.21147,0.157432,0.226632,0.431353,0.111486,0.452681,0.0350876,0.212371,0.207336,0.0955303,0.099374,0.12281,0.152826,0.100092,0.257567,0.481705,0.0721188,0.445821,0.587315,0.676642,0.65519,0.393773,0.43099,0.316913,0.30213,0.0272593,0.125067,0.163833,1.15135,0.146055,0.53577,0.346503,0.00160562,0.0913287,0.160934,0.26202,0.0225195,0.367292,0.352904,0.00607004,0.0163778,0.0762902,0.0546306,0.304421,0.802434,0.0780362,-0.0251614,0.10609,0.0162428,0.0342792,0.240973,0.434353,0.860252,0.0185637,0.22185,-0.011741,0.0519022,0.248605,-0.0541836,0.194158,0.419993,0.130915,0.0112284,0.17697,0.391077,0.226115,0.0606547,0.158129,0.304272,0.203315,0.0564871,0.110411,0.344179,0.573347,0.853369,0.324715,0.0927877,0.244351,0.617085,0.134141,0.241793,0.115385,0.125343,0.403462,-0.00637585,0.332466,0.0737298,0.384595,0.100556,0.039585,0.303921,0.093361,0.241393,0.0527105,0.357703,0.41485,0.027365,0.0209071,0.15863,0.0913466,0.497358,0.42677,0.206976,0.404088,0.417299,0.508815,0.474002,0.0355898,0.166664,0.113113,0.171314,0.287932,0.0719984,0.0828102
0.574942,0.567525,0.42083,0.211595,0.821928,0.385446,0.198215,0.0262226,0.700176,0.294792,0.307339,0.299548,0.459169,0.166439,0.232191,0.175949,0.307476,0.464326,0.793707,0.439731,0.549707,1.06039,0.151729,0.387112,0.24591,0.409046,0.503671,0.313382,0.174769,0.453448,0.436692,0.25107,0.168508,1.34925,0.517395,0.187067,0.146981,0.342554,0.519321,0.440278,0.188717,0.490372,0.409893,0.703736,0.21484,0.233558,0.243967,0.535096,0.415474,0.430011,0.147271,0.713039,0.887646,0.799194,0.193707,0.678338,0.299494,0.847357,0.656159,0.604359,0.633702,0.682871,0.165876,0.165828,0.450512,0.222404,0.145405,0.889245,0.431558,0.274709,0.361913,0.229319,0.171917,0.224639,0.310605,0.762933,0.337189,0.405469,0.135504,0.389225,0.372632,0.389975,0.147876,0.0659887,0.349582,0.295731,0.610219,0.109996,0.46646,0.852064,0.928603,0.128073,0.368474,0.492165,0.170056,0.297798,0.790772,0.124015,1.34925,0.517395,0.752523,0.684663,0.528621,0.131729,0.917589,1.12417,0.543513,0.139454,0.558965,0.629602,0.49594,0.253463,0.650998,0.236496,0.41492,0.366521,0.470033,0.172734,0.0753832,0.827628,0.473195,0.0683047,0.218908,0.514893,0.200331,0.797158,0.05864,0.0748306,0.570293,0.191813,0.236635,0.483454,0.085117,0.126031,0.209027,0.147465,0.253994,0.237178,0.522399,0.24228,0.261807,0.716808,0.607164,0.352591,0.666938,0.160272,1.11124,0.330765,0.666996,0.140687,0.138823,0.856749,0.132212,0.709541,0.348915,0.0989544,0.428966,1.25186,0.268954,0.293039,0.406774,0.563296,0.327167,0.103836,0.249629,0.0808686,0.42369,0.155182,0.17657,0.166918,0.90213,0.30671,0.0552838,0.397483,0.393568,0.513078,0.148517,0.488503,0.343965,0.149929,0.536998,0.235299,0.410408,0.187881,0.196088,0.222204,0.16481,0.849682,0.339436,0.411223,0.178749,0.468377,0.418783,0.43363,0.274366,0.178418,0.27016,0.168559,0.221289,0.286168,0.142675,0.114442,0.158598,1.04465,0.723914,0.609201,0.245855,0.478672,0.0879777,0.327479,0.603449,0.665518,0.18913,0.372029,0.240487,0.163237,0.198283,0.186132,0.124757,0.144873,0.223131,0.616726,0.239365,0.220842,0.21632,0.299654,0.725883,0.0225651,0.579343,0.384502,0.524802,0.209704,0.430402,0.628988,0.581495,0.157377,0.616726,0.239365,0.200807,0.166353,0.932991,0.215354,0.502894,0.686333,0.402959,0.362816,0.204905,0.831168,0.217266,0.326025,0.124276,0.100636,0.452541,0.257875,0.334789,0.620212,0.19856,0.535187,0.0829689,0.531296,0.259526,0.271804,0.174157,0.123319,0.305502,0.232949,0.31872,0.348263,0.239643,0.298528,0.739846,0.368505,0.229624,0.22685,0.75616,0.991843,0.753766,0.883182,0.287361,0.123457,0.14542,0.24285,0.304267,0.452541,0.257875,0.717681,0.48832,0.366261,0.346493,0.54757,0.101864,0.63661,0.709044,0.519228,0.160971,1.0034,0.435273,0.886431,0.249114,0.354958,0.22653,0.451341,0.875609,0.340918,0.137283,0.510732,0.215457,0.261231,0.135606,0.322504,0.19701,0.729593,0.263834,0.185472,0.310537,0.179132,0.1825,0.113873,0.164163,0.298225,0.640784,0.783629,0.478672,0.0879777,0.289582,0.250766,0.098155,0.496135,0.0683126,0.4334,0.120747,0.697162,0.16999,0.132531,0.180304,0.094126,0.146273,1.21798,0.279133,0.399036,0.322338,0.916023,0.289898,0.436644,0.234389,0.371431,0.558068,0.245348,0.195361,0.444613,0.274231,0.218187,0.398325,0.361224,0.19006,0.157054,0.161411,0.247891,0.145847,0.538986,0.121415,0.185711,0.0796404,0.0875554,0.114265,0.418783,0.43363,0.173756,0.220417,0.0985044,0.101252,0.106908,0.135227,0.276733,0.294946,0.225672,0.255426,0.297205,0.286167,0.149954,0.252406,0.0529469,0.924077,0.178246,0.103154,0.185742,0.875609,0.340918,0.277357,0.308779,0.445942,0.161223,0.278049,0.150243,0.200024,0.191999,0.870206,0.311935,0.1823,0.0203934,0.0280767,0.153483,0.121374,0.288512,0.104428,0.269148,0.0721635,0.315158,0.225015,0.183074,0.141838,0.176714,0.0950005,0.122348,0.260613,0.147002,0.201471,0.379676,0.157026,0.133054,0.299165,0.171006,1.02237,0.2309,0.445468,0.149971,0.236188,0.50332,0.137305,0.0773515,0.146125,0.132827,0.311242,0.112496,0.101601,0.252643
0.451665,0.369052,0.682905,0.233195,0.574498,0.69513,0.553671,0.0945067,0.60151,0.483415,0.561361,0.170237,0.587654,0.30876,0.472483,0.431283,0.376248,0.404999,0.410631,0.360071,0.318738,0.679991,0.134591,0.281082,0.376587,0.69099,0.406303,0.608084,0.808767,0.633231,0.691946,0.239262,0.161733,0.59978,0.465844,0.576874,0.477185,0.447962,0.65775,0.627809,0.226536,0.71353,0.653727,0.575279,0.258838,0.227369,0.762608,0.339813,0.338007,0.410081,0.243017,0.386984,1.07415,0.743109,0.242628,0.447352,0.557785,0.635517,0.583436,0.421818,0.543003,0.463827,0.426093,0.350609,0.641359,0.751695,0.754419,0.738242,0.667788,0.563158,0.388937,0.388805,0.183182,0.672034,0.201774,0.632686,0.581643,0.0678858,0.355891,0.31629,0.445474,0.262953,0.349207,0.142919,0.316764,0.232045,0.335063,0.166097,0.423397,0.441757,0.647935,0.999958,0.363563,0.274608,0.541784,0.374411,0.739553,0.543651,0.59978,0.465844,0.646656,0.505813,0.782985,0.0990059,0.385356,0.697813,0.495318,0.171784,0.520497,0.573359,0.695874,0.400371,0.426636,0.237767,0.0749479,0.432539,0.325904,0.0613932,0.311368,0.538192,0.538408,0.0597635,0.250311,0.356665,0.623605,0.597595,0.191668,0.101741,0.522106,0.269402,0.294573,0.282012,0.0466959,0.302807,0.142011,0.130732,0.599702,0.527648,0.423082,0.214055,0.334404,0.759027,0.545474,0.373899,0.520376,0.358951,0.668472,0.320742,0.47513,0.147828,0.428455,0.4267,0.37057,0.694799,0.244667,0.012321,0.404676,0.699018,0.274607,0.320045,0.198005,0.545041,0.430223,0.0300355,0.231315,0.225592,0.406049,0.219518,0.382122,0.132326,0.245234,0.197027,0.0254911,0.176205,0.559921,0.213558,0.314139,0.187713,0.28981,0.106683,0.557552,0.153815,0.301376,0.130134,0.19026,0.137169,0.197265,0.8776,0.495243,0.678317,0.494964,0.447451,0.594306,0.461626,0.513254,0.136337,0.214423,0.400427,0.234507,0.123657,0.0861467,0.236029,0.166474,0.216742,0.876693,0.459942,0.235751,0.205216,0.231622,0.298342,0.435207,0.454411,0.172569,0.493235,0.293986,0.144047,0.274714,0.256015,0.168737,0.399579,0.2881,0.653749,0.221789,0.102666,0.381114,0.269231,0.478847,0.156662,0.431289,0.281212,0.52951,0.23626,0.406953,0.464174,0.24035,0.319372,0.653749,0.221789,0.291451,0.124264,0.854036,0.181746,0.409719,0.65468,0.619047,0.289553,0.154158,0.746642,0.144443,0.28805,0.0819307,0.0660783,0.323949,0.146853,0.188132,0.582442,0.107505,0.541888,0.229618,0.257365,0.206257,0.582824,0.1341,0.0881168,0.171672,0.288063,0.321506,0.20325,0.135394,0.0926567,0.600648,0.152657,0.382166,0.280469,0.363922,0.870132,0.479776,0.954365,0.248942,0.122758,0.127995,0.221815,0.216337,0.323949,0.146853,0.640299,0.304201,0.444204,0.193399,0.506226,0.15008,0.589213,0.656052,0.352497,0.182044,0.549764,0.440238,1.10688,0.24709,0.213915,0.194351,0.105631,0.453774,0.432033,0.0675193,0.474649,0.213006,0.393202,0.172559,0.31358,0.210704,0.490076,0.090552,0.175709,0.441108,0.306874,0.237861,0.120289,0.268179,0.172486,0.554485,0.39933,0.205216,0.231622,0.192199,0.389607,0.137674,0.400469,0.0944999,0.307232,0.210162,0.125022,0.250456,0.118519,0.230928,0.08893,0.285294,0.418166,0.325213,0.426193,0.209818,0.666825,0.546865,0.131408,0.256948,0.287021,0.405038,0.18996,0.190601,0.217276,0.20847,0.294922,0.61258,0.238506,0.133731,0.157593,0.124804,0.342662,0.11975,1.12055,0.144596,0.226933,0.049415,0.217812,0.131948,0.594306,0.461626,0.164023,0.0871659,0.13612,0.189958,0.101843,0.249597,0.288954,0.0783671,0.0603604,0.111312,0.139025,0.170052,0.132417,0.241082,0.0428512,0.718702,0.239556,0.12422,0.139283,0.453774,0.432033,0.319666,0.201316,0.558896,0.250508,0.226194,0.195975,0.354766,0.198592,0.82101,0.300517,0.106523,0.211678,0.384602,0.150097,0.14028,0.382436,0.0770038,0.349686,0.298669,0.453759,0.302784,0.176902,0.0865314,0.220522,0.317519,0.135827,0.292828,0.167238,0.500484,0.383215,0.0849115,0.166941,0.272129,0.179262,0.474818,0.200811,0.462253,0.279913,0.119081,0.464456,0.138578,0.177725,0.144848,0.229947,0.36482,0.142593,0.184971,0.238862
0.663057,0.483743,0.733705,0.263012,0.917651,0.915544,0.6134,0.0762146,0.441989,0.806416,0.870771,0.226723,0.481442,0.551521,0.887515,0.580108,0.644035,0.248298,0.173378,0.150072,0.120995,0.785347,0.20218,0.0531356,0.255155,0.665792,0.27902,0.784485,0.968441,0.714389,0.848929,0.496667,0.320629,0.820254,0.455302,0.641644,0.652715,0.0817838,0.683898,0.66456,0.150847,0.763855,0.719592,0.440688,0.212236,0.366323,0.914991,0.110902,0.18985,0.194543,0.100684,0.363217,1.17532,0.749154,0.0374963,0.395986,0.344345,0.467825,0.98024,0.360427,0.553544,0.589891,0.638878,0.690643,0.626012,0.328386,0.765595,0.324658,0.80923,0.565402,0.21239,0.0983911,0.0689137,0.66339,0.187848,0.565771,0.568025,0.186962,0.347871,0.185677,0.417267,0.334812,0.364761,0.130087,0.434463,0.212411,0.358579,0.112494,0.335365,0.671827,0.910059,0.654642,0.324651,0.436284,0.721552,0.549898,0.949161,0.446651,0.820254,0.455302,0.86504,0.523468,0.684391,0.478383,0.437693,0.911376,0.434191,0.130725,0.253761,0.575323,0.47781,0.570247,0.347107,0.221013,0.238794,0.537008,0.301069,0.147763,0.26995,0.867864,0.356461,0.0513257,0.258737,0.281789,0.299253,0.447375,0.184509,0.0983422,0.922582,0.195981,0.241023,0.200187,0.0200983,0.217963,0.154638,0.11555,0.626965,0.293518,0.369343,0.198628,0.302944,0.549015,0.543837,0.800238,0.718038,0.466598,0.839272,0.180036,0.359652,0.0646734,0.431085,0.446603,0.103949,0.58803,0.117131,0.122915,0.32319,0.476425,0.278225,0.492253,0.180081,0.459176,0.339737,0.078101,0.183774,0.0976985,0.384122,0.368256,0.460596,0.150442,0.13625,0.187912,0.0320657,0.134848,0.628488,0.261811,0.320741,0.342013,0.328353,0.113483,0.512407,0.205581,0.266201,0.124057,0.219869,0.250462,0.192687,0.708694,0.332372,0.45313,0.160185,0.384541,0.462184,0.489856,0.327233,0.193242,0.264517,0.449071,0.165628,0.13994,0.108564,0.123214,0.148934,0.129185,0.981451,0.505801,0.252577,0.148453,0.33297,0.309944,0.318605,1.21693,0.175553,0.418828,0.249675,0.209575,0.255802,0.113652,0.177031,0.419645,0.389534,0.735834,0.163936,0.21872,0.381171,0.284273,0.597768,0.0529228,0.309339,0.344103,0.233477,0.139431,0.303766,0.446687,0.342916,0.354906,0.735834,0.163936,0.159966,0.244397,0.856839,0.346796,0.639122,0.154092,0.341153,0.229816,0.180304,0.706929,0.173793,0.423006,0.316374,0.0694459,0.391864,0.194788,0.327432,0.513601,0.130656,0.530991,0.21341,0.246756,0.165799,0.755838,0.192323,0.126258,0.240473,0.164433,0.322647,0.212061,0.199567,0.0715347,0.517815,0.213511,0.111942,0.427791,0.180624,0.902592,-0.213586,0.871516,0.231862,0.143046,0.214971,0.177555,0.192186,0.391864,0.194788,0.819263,0.332889,0.436048,0.128481,0.470713,0.160465,0.624445,0.858881,0.185037,0.192602,0.233975,0.435667,0.382177,0.168503,0.224243,0.176516,0.175915,0.672466,0.676814,0.11133,0.49495,0.120743,0.25556,0.10962,0.349576,0.136073,0.387051,0.121688,0.176998,0.12991,0.123882,0.201128,0.0996876,0.462938,0.354651,0.388577,0.110259,0.148453,0.33297,0.222368,0.562373,0.119846,0.409777,0.0726784,0.172452,0.315049,0.335782,0.0678688,0.147464,0.305775,0.104359,0.239389,0.273524,0.175469,0.400109,0.263931,0.564263,0.31893,0.878071,0.25778,0.310771,0.407205,0.123764,0.127373,0.228601,0.335969,0.372782,0.386116,0.243229,0.0886808,0.0969325,0.179317,0.27398,0.0792291,0.185355,0.196036,0.128045,0.061538,0.108484,0.0510598,0.462184,0.489856,0.128386,0.12515,0.0653816,0.144138,0.098435,0.316666,0.244888,0.247979,0.051076,0.168078,0.0692876,0.158944,0.0720666,0.548238,0.0692772,0.637126,0.0778731,0.158318,0.131738,0.672466,0.676814,0.318244,0.183777,0.462095,0.228095,0.111406,0.10053,0.26574,0.199313,0.848873,0.319264,0.178691,0.325513,0.111407,0.0871177,0.124556,0.219749,0.112914,0.300599,0.0346277,0.337075,0.0996893,0.267188,0.0651677,0.153798,0.217768,0.107778,0.659405,0.472871,0.161543,0.394788,0.132719,0.0885617,0.118813,0.120719,0.212766,0.28252,0.426883,0.311717,0.227638,0.405592,0.191193,0.0776365,0.151852,0.066799,0.657683,0.181166,0.0910049,0.105638
0.523434,0.406375,0.510132,0.322597,0.718549,0.878451,0.437286,0.0278937,0.501426,0.254461,0.279911,0.253351,0.551473,0.585825,0.271277,0.241388,0.297356,0.540853,0.544442,0.443742,0.23968,0.774166,0.183932,0.333246,0.301392,0.500815,0.373143,0.564886,0.688623,0.815438,0.700397,0.245884,0.16974,0.487978,0.372773,0.54787,0.417029,0.545711,0.447763,0.53573,0.102808,0.580271,0.528277,0.712351,0.29836,0.3581,0.465733,0.48395,0.459005,0.599004,0.432401,0.520659,0.781898,0.68576,0.266365,0.518735,0.401688,0.750104,0.690138,0.652638,0.579212,0.391358,0.419516,0.361795,0.711307,0.465292,0.504033,0.4788,0.404991,0.397181,0.636603,0.536826,0.0972652,0.644634,0.338181,0.551042,0.536005,0.0713329,0.194679,0.470792,0.318223,0.203716,0.222112,0.283984,0.344559,0.274934,0.5263,0.180209,0.397044,0.49198,0.591598,0.170213,0.208218,0.287372,0.604656,0.401818,0.777574,0.303381,0.487978,0.372773,0.710989,0.594029,0.55513,0.123261,0.351168,0.599794,0.381562,0.215175,0.475116,0.494454,0.432338,0.427934,0.600208,0.317682,0.100979,0.470746,0.425782,0.230606,0.130633,0.358125,0.535698,0.165081,0.108545,0.507273,0.190774,0.64231,0.219938,0.124967,0.510492,0.191643,0.359487,0.256763,0.0915194,0.133982,0.195957,0.184759,0.589544,0.308996,0.489015,0.113504,0.410002,0.609775,0.611803,0.602887,0.589784,0.369334,0.746405,0.408085,0.399702,0.0758967,0.386031,0.303462,0.0840957,0.370288,0.289913,0.199491,0.432392,0.381117,0.365151,0.304839,0.389804,0.572956,0.281628,0.173397,0.392749,0.056698,0.453486,0.334427,0.557738,0.344055,0.101835,0.258931,0.0403696,0.167482,0.556378,0.386425,0.231105,0.0899246,0.364105,0.0891249,0.606626,0.25995,0.206512,0.217291,0.238848,0.234178,0.0489497,0.829987,0.360677,0.422201,0.30108,0.406563,0.440495,0.518897,0.328615,0.213053,0.318274,0.39931,0.137975,0.157826,0.160081,0.149632,0.157189,0.145205,0.5676,0.831024,0.330448,0.167743,0.193019,0.372836,0.523797,0.699669,0.251927,0.447689,0.267042,0.196237,0.405205,0.160471,0.187172,0.354416,0.268342,0.69739,0.357316,0.246313,0.478039,0.240349,-0.286021,0.0691949,0.480338,0.276189,0.348661,0.168064,0.404719,0.644599,0.311023,0.289265,0.69739,0.357316,0.161679,0.248209,0.919973,0.299185,0.392566,0.261524,0.638418,0.357308,0.365314,0.784491,0.174449,0.515458,0.182251,0.0441876,0.17999,0.255764,0.390056,0.55815,0.151758,0.556425,0.0923571,0.343027,0.134234,0.558539,0.20159,0.146744,0.290939,0.196404,0.369601,0.142956,0.154289,0.112569,0.634397,0.0826498,0.149986,0.377436,0.185347,0.760096,0.828572,0.776002,0.243467,0.0657018,0.128508,0.105675,0.081629,0.17999,0.255764,0.728665,0.324168,0.327527,0.165688,0.460138,0.0797564,0.709725,0.695944,0.325685,0.218005,0.307615,0.430974,0.387954,0.214871,0.0985576,0.188679,0.229921,0.209104,0.536288,0.0397838,0.54483,0.179669,0.145352,0.107973,0.489135,0.101459,0.619572,0.151356,0.239646,0.310906,0.14063,0.195716,0.115464,0.197786,0.474405,0.574032,0.19376,0.167743,0.193019,0.250428,0.526005,0.0373879,0.401892,0.0713598,0.286135,0.140408,0.147538,0.148499,0.118286,0.131492,0.0531989,0.170124,0.355891,0.146911,0.499229,0.322736,0.649487,0.601807,0.156953,0.365509,0.415638,0.200743,0.0638909,0.0472036,0.230012,0.339863,0.168678,0.407946,0.539119,0.0592954,0.117953,0.182173,0.20507,0.110892,0.187899,0.432698,0.00561019,0.0581507,0.100528,0.0983059,0.440495,0.518897,0.0847179,0.0614944,0.0578275,0.095223,0.0683927,0.442792,0.209723,0.26183,0.0664555,0.140162,0.0639196,0.32274,0.149569,0.29609,0.0447525,0.566914,0.175607,0.131054,0.0386246,0.209104,0.536288,0.273001,0.234812,0.526285,0.309856,0.158494,0.0665667,0.143239,0.217511,0.854078,0.35187,0.0530716,0.31142,0.988695,0.148219,0.147911,0.211728,0.0726027,0.446241,0.0496767,0.300056,0.0315852,0.169005,0.100779,0.0792037,0.197673,0.079851,0.263309,0.164449,0.240211,0.395585,0.108768,0.0555429,0.23757,0.0842171,0.30639,0.288515,0.460174,0.252656,0.181185,0.629101,0.11806,0.0886069,0.118336,0.164353,0.520768,0.10633,0.122146,0.190461
0.468597,0.569142,0.540871,0.432499,0.616539,0.670209,0.496244,0.0288425,0.666894,0.409428,0.486275,0.244501,0.497164,0.380471,0.385196,0.22343,0.181607,0.260983,0.392757,0.415306,0.303153,0.45486,0.0966573,0.427331,0.359805,0.630928,0.461579,0.579962,0.67212,0.924843,0.765799,0.827902,0.585295,0.400358,0.652351,0.347624,0.21125,0.760635,0.410164,0.522655,0.762728,0.658212,0.432296,0.579672,0.175399,0.382328,0.275621,0.351887,0.620708,0.690082,0.411439,0.484874,0.541806,0.524614,0.790661,0.639102,0.436316,0.720919,0.498115,0.648857,0.581357,0.218182,0.536256,0.39601,0.530063,0.119589,0.208157,0.126776,0.308109,0.336561,0.474179,0.261778,0.0886675,0.395635,0.515688,0.550025,0.541959,0.0680876,0.407336,0.282054,0.428072,0.238503,0.39754,0.282255,0.269279,0.333368,0.0925355,0.0585912,0.353893,0.537432,0.794053,0.153908,0.238228,0.567829,0.537493,0.335986,0.724852,0.57806,0.400358,0.652351,0.587829,0.343285,0.281985,0.299416,0.255068,0.570365,0.590252,0.121099,0.238105,0.456409,0.753076,0.521974,-0.00657771,0.368326,0.195737,0.401294,0.408939,0.23271,0.0629563,0.453354,0.464954,0.0719962,0.269488,0.578858,0.252477,0.456767,0.226899,0.000112925,0.699589,0.225979,0.385494,0.236951,0.147387,0.214233,0.104063,0.1451,0.689816,0.438872,0.287763,0.225213,0.472898,0.641284,0.675515,0.403256,0.568586,0.393774,0.53595,0.407767,0.678303,0.155778,0.584113,0.357394,0.298071,0.721855,0.163822,0.191429,0.453952,0.784226,0.395666,0.31908,0.368995,0.633964,0.326748,0.207295,0.545532,0.185057,0.494516,0.28446,0.506556,0.0645305,0.0456094,0.312449,0.0456329,0.144307,0.588349,0.399058,0.351454,0.156034,0.367128,0.198516,0.420361,0.207817,0.289882,0.243902,0.114612,0.130356,0.222798,0.548548,0.471398,0.707372,0.170738,0.509552,0.160674,0.564006,0.273084,0.168984,0.363606,0.547144,0.112657,0.0954917,0.133542,0.195659,0.172465,0.119988,0.422406,0.775376,0.204982,0.181439,0.163375,0.35214,0.580365,0.382228,0.172139,0.506771,0.246288,0.201119,0.403514,0.263896,0.338595,0.487151,0.16928,0.636882,0.187508,0.322506,0.566954,0.315191,0.359408,0.117616,0.409345,0.124984,0.2331,0.11515,1.34702,0.371104,0.480354,0.411756,0.636882,0.187508,0.334098,0.321124,0.79281,0.643356,0.621851,0.395915,0.558151,0.281945,0.177278,0.804709,0.0816172,0.402192,0.158175,0.0727451,0.0685708,0.226074,0.212408,0.768108,0.196252,0.583502,0.189242,0.128121,0.190203,0.536649,0.191225,0.14118,0.255031,0.159379,0.272534,0.137467,0.196768,0.112062,0.558326,0.0913298,0.373903,0.466955,0.182158,0.802249,0.436504,0.874283,0.240875,0.135766,0.0742669,0.369165,0.251036,0.0685708,0.226074,0.563186,0.364074,0.284138,0.118093,0.3396,0.11037,0.763997,0.524839,0.238285,0.178456,0.105332,0.520225,0.453119,0.188212,0.0676477,0.202331,0.246518,0.540079,0.317056,0.178291,0.595609,0.120448,0.180559,0.138815,0.245234,0.000378096,0.679203,0.197302,0.318856,0.112261,0.176095,0.220299,0.0673424,0.273417,0.256592,0.479938,0.144322,0.181439,0.163375,0.215999,0.462825,0.184811,0.427685,0.0747731,0.11617,0.215162,0.129216,0.362546,0.137604,0.225766,0.039504,0.359828,0.29791,0.286547,0.332098,0.400563,0.620254,0.668782,0.279333,0.374662,0.401585,0.338828,0.230333,0.0505424,0.107502,0.290185,0.207414,0.533336,0.467143,0.199696,0.182648,0.112815,0.218355,0.204347,0.527299,0.232719,0.150824,0.0769386,0.194952,0.162177,0.160674,0.564006,0.163717,0.193082,0.0464128,0.205568,0.099828,0.298743,0.353654,0.31772,0.0591326,0.312259,0.32308,0.163604,0.154226,0.291902,0.040485,0.42755,0.0744443,0.111605,0.187948,0.540079,0.317056,0.157054,0.201314,0.512937,0.186062,0.132146,0.192025,0.273635,0.156958,0.76931,0.248452,0.229606,0.79038,0.288248,0.22567,0.116904,0.33585,0.126633,0.276438,0.0655518,0.542816,0.135273,0.149427,0.130796,0.223812,0.127308,0.186214,0.346343,0.137442,0.352328,0.443592,0.228145,0.0927317,0.185755,0.100341,0.21512,0.540403,0.278131,0.199478,0.214322,0.49714,0.33488,0.0825954,0.0696879,0.113056,0.3868,0.182463,0.388094,0.242369
0.554782,0.299852,0.692512,0.346314,0.681226,0.739553,0.575593,0.096776,0.550657,0.384101,0.468437,0.252275,0.620647,0.542332,0.5573,0.358749,0.327606,0.515178,0.421126,0.152125,0.358988,0.418273,0.23524,0.410185,0.33941,0.326358,0.340351,0.454802,0.864914,0.428502,0.53075,0.502369,0.340776,0.398433,0.391768,0.578613,0.396808,0.252934,0.359229,0.405451,0.288097,0.575647,0.643092,0.653584,0.384091,0.300539,0.611415,0.452401,0.253562,0.384944,0.450771,0.400021,0.977071,0.820859,0.138192,0.413651,0.796196,0.575198,0.601048,0.495044,0.406384,0.326775,0.743112,0.554864,0.199659,0.462669,0.668546,0.563391,0.43999,0.799644,0.665207,0.403974,0.184575,0.851647,0.428124,0.389437,0.882839,0.0939864,0.585299,0.510487,0.297302,1.24062,0.719091,0.204223,0.227621,0.251193,0.129505,0.224476,0.617278,0.202186,0.472432,0.221563,0.135039,0.439343,0.454441,0.71408,0.662145,0.474388,0.398433,0.391768,0.693557,0.496371,0.396896,0.149679,0.210132,0.651391,0.429057,0.269406,0.278823,0.23079,0.487834,0.906468,0.381343,0.350736,0.163665,0.474583,0.34975,0.240242,0.194836,0.66035,0.254868,0.116589,0.238295,0.42924,0.186857,0.349545,0.257646,0.0737169,0.484762,0.293344,0.323694,0.512961,0.0986673,0.30323,0.215538,0.145412,0.964425,0.298782,0.37636,0.175285,0.253332,0.783581,0.56606,0.560155,0.248775,0.437432,0.552015,0.27905,0.141147,0.169664,0.770151,0.529297,0.0735084,0.529142,0.497959,0.103656,0.652476,0.323787,0.436741,0.317255,0.240839,0.32895,0.316164,0.108571,0.197293,0.056504,0.491073,0.602126,0.426493,0.186615,0.270527,0.216375,0.0513836,0.15519,0.5587,0.348647,0.370325,0.0935416,0.354225,0.147769,0.602646,0.260758,0.218335,0.175291,0.191153,0.206288,0.13231,0.279694,0.360755,0.424314,0.279562,0.414505,0.520812,0.637206,0.311633,0.215375,0.31538,0.548878,0.175371,0.196427,0.140875,0.11555,0.180956,0.114148,0.748034,0.472555,0.201155,0.130153,0.219239,0.287778,0.593196,0.359008,0.16926,0.495951,0.260978,0.166015,0.314767,0.15191,0.110017,0.479341,0.342256,0.592383,0.236663,0.307812,0.754387,0.339208,0.590887,0.0843742,0.341361,0.271042,0.269218,0.232595,0.281897,0.423114,0.522724,0.362236,0.592383,0.236663,0.237822,0.278276,0.952262,0.134922,0.413635,0.106808,0.678643,0.355003,0.183358,0.7125,0.252119,0.337244,0.249312,0.0677519,0.182891,0.229219,0.324515,0.535966,0.170768,0.523687,0.321659,0.201227,0.177473,0.376411,0.205898,0.087648,0.290053,0.117273,0.207027,0.163332,0.217035,0.0735245,0.650148,0.234829,0.204147,0.84459,0.151684,0.855026,0.35167,0.906457,0.148338,0.139762,0.499766,0.224343,0.183462,0.182891,0.229219,0.80437,0.480464,0.262958,0.10175,0.32888,0.0499577,0.705055,0.935686,0.210403,0.182293,0.207122,0.407363,0.574353,0.234791,0.186335,0.138526,0.26793,0.396727,0.243333,0.110431,0.434287,0.154329,0.299082,0.127699,0.296475,0.167021,0.508353,0.0941715,0.269533,0.171403,0.141729,0.260391,0.0733329,0.299547,0.282369,0.407292,0.136537,0.130153,0.219239,0.275273,0.818333,0.126143,0.712481,0.11408,0.246087,0.233914,0.116119,0.24889,0.205062,0.375771,0.115079,0.336336,0.222344,0.157734,0.697276,0.285962,0.596715,0.294623,0.535819,0.358738,0.349638,0.526484,0.218601,0.0832551,0.243815,0.249583,0.179834,0.50249,0.313556,0.197008,0.165666,0.13017,0.229908,0.197037,0.19646,0.147965,0.193826,0.0886788,0.128232,0.140054,0.520812,0.637206,0.100897,0.176819,0.0687182,0.202073,0.127009,0.505745,0.189245,0.180957,0.0647656,0.183635,0.114556,0.219518,0.159559,0.255148,0.274808,0.294846,0.178202,0.185793,0.115718,0.396727,0.243333,0.160589,0.285332,0.507296,0.386178,0.168153,0.140584,0.442266,0.13875,0.83865,0.652111,0.161139,0.305841,0.116721,0.154309,0.0892325,0.220266,0.0851708,0.889224,0.0506416,0.240289,0.202795,0.25272,0.0658565,0.0614803,0.334633,0.130568,0.247799,0.209295,0.191078,0.321212,0.164695,0.0902004,0.293737,0.107888,0.275092,0.424448,0.290002,0.201613,0.142544,0.900781,0.181827,0.212563,0.097043,0.164804,0.54296,0.805771,0.246741,0.144395
0.888492,0.367157,0.731434,0.269076,0.683776,0.682334,0.717135,0.109563,0.479004,0.509819,0.607204,0.308561,0.740557,0.468081,0.398236,0.401338,0.191871,0.29072,0.414533,0.44963,0.492842,0.488034,0.0358558,0.499698,0.380385,0.488239,0.600539,0.368622,0.553973,0.533632,0.577948,0.602104,0.379139,0.543533,0.527173,0.459758,0.210329,0.510365,0.448937,0.550283,0.855484,0.710199,0.553637,0.620389,0.0236588,0.364497,0.434893,0.63892,0.737507,0.759342,0.335535,0.42779,0.234867,0.461666,0.21244,0.662525,0.461934,0.891529,0.569871,0.633774,0.59349,0.407118,0.636241,0.486983,0.476566,0.163702,0.387201,0.602886,0.345051,0.455468,0.648152,0.399,0.0924739,0.526648,0.361166,0.540232,0.54479,0.0442923,0.412883,0.321694,0.26866,0.237039,0.313217,0.389966,0.323551,0.131788,0.732714,0.131202,0.658348,0.392355,0.253198,0.152248,0.236284,0.565052,0.406082,0.464502,0.813657,0.536101,0.543533,0.527173,0.763299,0.410127,0.307956,0.184908,0.236164,0.670688,0.41522,0.0877934,0.46421,0.519292,0.725846,0.614614,0.72028,0.242848,0.124709,0.459038,0.116155,0.159026,0.195558,0.68481,0.530995,0.0886905,0.178607,0.419267,0.260351,0.650753,0.230309,0.138255,0.701513,0.123792,0.769464,0.323537,0.119326,0.158434,0.0278105,0.106457,0.609479,0.268867,0.370335,0.23333,0.155149,0.766867,0.521407,0.546907,0.480204,0.333592,0.786498,0.265019,0.551098,0.181205,0.55522,0.494318,0.125834,0.677855,0.137021,0.143498,0.598691,0.443646,0.330964,0.17306,0.216053,0.53064,0.362411,0.112272,0.22246,0.113443,0.280355,0.351458,0.377031,0.0501904,0.0933084,0.254071,0.0322824,0.171531,0.660303,0.218931,0.417735,0.102507,0.333341,0.11365,0.626415,0.249325,0.178342,0.133162,0.121458,0.510248,0.430501,0.555699,0.171814,0.390063,0.129174,0.261212,0.590809,0.415048,0.206164,0.148361,0.266874,0.442243,0.0255392,0.231412,0.148922,0.121932,0.15162,0.0719457,0.26233,0.906656,0.136935,0.356541,0.208406,0.377232,0.690884,0.422238,0.121612,0.585559,0.347987,0.168129,0.261175,0.155925,0.271202,0.467241,0.315857,0.871353,0.168944,0.150355,0.521302,0.386333,0.457137,0.0824897,0.404241,0.447165,0.371745,0.111664,0.284606,0.339466,0.791707,0.329599,0.871353,0.168944,0.244199,0.14596,0.86859,0.804457,0.48636,0.459411,0.613245,0.446751,-0.00908392,0.590019,0.160939,0.237764,0.173758,0.0875647,0.446501,0.214353,0.399864,0.550257,0.272542,0.554808,0.30126,0.204623,0.314395,0.444859,0.271067,0.117727,0.217956,-0.0606104,0.281735,0.131559,0.171011,0.0913531,0.788203,0.49631,0.155721,0.182901,0.334955,0.87784,0.263854,0.910122,0.240314,0.137629,0.146733,0.264156,0.2429,0.446501,0.214353,0.948038,0.35308,0.309347,0.326698,0.573479,0.100558,0.6275,0.859769,0.383277,0.0391225,0.274856,0.420085,0.425671,0.375111,0.167953,0.280405,0.172353,0.540065,0.485856,0.134122,0.179392,0.180407,0.209809,0.182524,0.251148,0.289969,0.797105,0.161049,0.141265,-0.10051,0.344749,0.317129,0.251225,0.190662,0.28308,0.668572,0.242725,0.356541,0.208406,0.305216,0.356747,0.230776,0.364628,0.0154043,0.284426,0.294037,0.11392,0.0260911,0.169828,0.259912,0.1393,0.362251,0.400798,0.383076,0.297607,0.241859,0.577202,0.345186,0.277469,0.242182,0.231173,0.329205,0.165508,0.10634,0.266428,0.0925551,0.31081,0.63224,0.293297,0.22242,0.111885,0.217819,0.38153,0.103273,1.13977,0.526166,0.0552662,0.12391,0.102079,0.144366,0.590809,0.415048,0.257433,0.116573,0.112071,-0.0193968,0.0408077,0.227963,0.110511,0.134389,0.0593062,0.0847632,0.056555,0.101313,0.0544257,0.300718,0.0358043,0.425396,0.133213,0.149221,0.176407,0.540065,0.485856,0.230175,0.152036,0.526436,0.0868783,0.210191,0.00889367,0.198721,0.275998,0.724547,0.0631971,0.335885,0.181113,0.526921,0.147522,-0.000745341,0.319016,0.0705296,-0.00642833,0.0907333,0.37927,0.162411,0.0730407,0.0728785,0.168145,0.344925,0.121497,0.282913,0.28893,0.186091,0.132237,0.152469,0.129352,0.178821,0.133794,0.301202,0.334948,0.312555,0.187,0.0857038,0.466011,0.249372,0.0370378,0.548434,0.154456,0.444046,0.165688,0.173361,0.162425
0.454622,0.520004,0.392699,0.618689,0.423833,0.734007,0.347727,0.0740665,0.171116,0.240272,0.245778,0.230011,0.386553,0.343661,0.541607,0.31352,0.269182,0.751858,0.840971,0.603669,0.828069,0.437794,0.357516,0.48915,0.292833,0.202277,0.437701,0.269775,0.297121,0.42968,0.217442,0.322856,0.212662,0.398715,0.340888,0.321186,0.206367,0.648963,0.218396,0.219295,0.113154,0.423025,0.294263,0.968533,1.1788,0.352121,0.315214,0.845189,0.554375,0.660829,0.895379,0.664786,0.496214,0.825636,0.206663,0.66075,0.34899,0.805888,0.337365,0.570402,0.345976,0.357864,0.281908,0.220404,0.229106,0.281107,0.448548,0.653909,0.281984,0.193161,0.651363,0.477643,0.2969,0.402887,0.551253,0.37654,0.244445,0.102545,0.0734823,0.572675,0.463341,0.345878,0.10974,0.213508,0.251847,0.435924,0.388639,0.171467,0.345359,0.2236,0.24602,0.0761079,0.278412,0.271372,0.374457,0.329997,0.540758,0.309629,0.398715,0.340888,0.425835,0.256977,0.269581,0.0962492,0.209016,0.481397,0.0721453,0.282104,0.372683,0.284714,0.852655,0.2329,0.59539,0.659947,0.177072,0.516535,0.788916,0.378212,0.178299,0.447993,0.31814,0.280403,0.22087,0.423177,0.445254,0.595453,0.0695688,0.047241,0.71592,0.254024,0.184164,0.183955,0.208046,0.102676,0.834858,0.23578,0.21221,0.499607,0.470307,0.150097,0.463699,0.552826,0.638711,0.53941,0.323037,0.190914,0.427857,0.796287,0.430228,0.0528374,0.0198293,0.579492,0.437919,0.573823,0.399179,0.368036,0.345354,0.491524,0.456157,0.0498534,0.395239,0.576341,0.259297,0.364982,0.419232,0.22168,0.799697,0.158384,0.0810168,0.779001,0.374206,0.446737,0.0508873,0.218471,0.328299,0.516703,0.192486,0.180219,0.513398,0.340118,0.351842,0.568534,0.17374,0.327704,0.436956,0.511797,0.145756,0.386259,0.479268,0.679779,0.338147,0.623964,0.283013,0.69552,0.295856,0.349853,0.714447,0.0523192,0.0545257,0.290037,0.341892,0.0632264,0.0647078,0.370602,0.283065,0.538371,0.262773,0.100838,0.132922,0.607932,0.394726,0.401309,0.449113,0.319587,0.274156,0.542346,0.418331,0.113527,0.174137,0.0750888,0.186685,0.540442,0.206517,0.476165,0.392322,0.138403,0.296311,0.114025,0.399859,0.215132,0.242997,0.190506,0.257782,0.707642,0.497421,0.0786631,0.540442,0.206517,0.196461,0.426851,0.799084,0.24199,0.372346,0.455285,0.62404,0.374984,0.426281,0.632886,0.378325,0.492613,0.364532,0.0242347,0.137026,0.410082,0.405929,0.663922,0.233197,0.59597,0.111016,0.572273,0.110925,0.482185,0.251102,0.4021,0.502264,0.0916847,0.253581,0.0956606,0.198824,0.107212,0.62417,0.321667,0.0309844,0.257804,0.263196,0.773619,0.356662,0.792303,0.133334,0.0868296,0.293133,0.130338,0.000621898,0.137026,0.410082,0.608958,0.462657,0.0936017,0.0845449,0.426804,0.187483,0.712787,0.653209,0.426576,0.267342,0.304742,0.525418,0.388643,0.117691,0.105799,0.127573,0.395806,0.271012,0.238843,0.0471432,0.568845,0.0962424,0.0653017,0.0499027,0.266888,0.139847,0.490923,0.1679,0.372479,0.246814,0.0804136,0.187699,0.0472414,0.166019,0.545175,0.558426,0.292682,0.100838,0.132922,0.33588,0.581412,0.0773842,0.436254,0.0432715,0.317262,0.00655749,0.0926607,0.292828,0.207091,0.118833,0.0643316,0.115938,0.346749,0.0962322,0.569806,0.54692,0.654567,0.684987,0.197167,0.460677,0.382982,0.239948,0.022005,0.211799,0.288855,0.638712,0.149542,0.480314,0.436427,0.103142,0.0601541,0.187226,0.317627,0.19052,0.315078,0.364052,0.0758584,0.0811639,0.0518457,0.0471837,0.283013,0.69552,0.128436,0.0425454,0.0565168,0.12106,0.00406883,0.525526,0.376107,0.581856,0.0381183,0.0643973,0.0950946,0.247057,0.184123,0.430337,0.0662799,0.448946,0.104213,0.101673,0.132357,0.271012,0.238843,0.293007,0.29337,0.451558,0.458125,0.0963735,0.118689,0.194464,0.311367,0.819482,0.660834,0.334906,0.237785,0.381373,0.0360169,0.424712,0.209789,0.101528,0.850448,0.0302807,0.271455,0.0828957,0.620834,0.146555,0.142294,0.145559,0.162522,0.187368,0.158191,0.26324,0.479881,0.111391,0.0407913,0.291752,0.0955602,0.308102,0.241363,0.412153,0.298321,0.326081,0.510534,0.32901,0.0616384,0.226018,0.202277,0.682047,0.205966,0.0355629,0.119016
0.785115,0.3154,0.500168,0.570043,0.752045,0.724335,0.690042,0.0387608,0.552881,0.296515,0.317063,0.159772,0.656557,0.533202,0.430944,0.2328,0.0435849,0.527639,0.555432,0.205363,0.0962949,0.676615,0.252283,0.397304,0.346574,0.494163,0.228961,0.689288,0.808466,0.856431,0.8059,0.650824,0.504256,0.380477,0.251883,0.52794,0.442192,0.148513,0.39422,0.41242,0.124685,0.538972,0.465648,0.803857,0.257728,0.160493,0.298638,0.568029,0.481654,0.653328,1.05883,0.453693,0.213729,0.515714,0.178245,0.496517,0.581087,0.740998,0.659389,0.325448,0.359335,0.108191,0.625792,0.555849,0.242377,0.178101,0.250149,0.303561,0.293016,0.579158,0.530182,0.486686,0.0555121,0.566461,0.538724,0.384689,0.615973,0.0607867,0.367899,0.253173,0.421272,0.38709,0.241924,0.481643,0.142773,0.241245,0.428497,0.0355962,0.38572,0.490816,0.516804,0.192285,0.370592,0.252348,0.580335,0.712706,0.664297,0.477389,0.380477,0.251883,0.716119,0.29532,0.175056,0.436003,0.242661,0.469423,0.373667,0.206775,0.34913,0.402323,0.727279,0.510152,0.543056,0.465393,0.219568,0.339478,0.687906,0.212965,0.237471,0.865861,0.435101,0.239388,0.193597,0.530153,0.43284,0.521394,0.260508,0.177679,0.451213,0.211229,0.16763,0.275259,0.136659,0.136193,0.120749,0.184421,0.534086,0.546644,0.247491,0.110096,0.140397,0.64542,0.64777,0.535619,0.420268,0.457905,0.7313,0.366906,0.611244,0.128147,0.503262,0.353135,0.0954615,0.341911,0.236733,0.230373,0.380078,0.248847,0.451618,0.286205,0.341449,0.655607,0.27068,0.23331,0.373561,0.103771,0.450681,0.391923,0.485107,0.151985,0.218953,0.486374,0.0264235,0.123073,0.532303,0.554716,0.301676,0.129212,0.318584,0.12999,0.480031,0.243197,0.122614,0.305213,0.138545,0.292425,0.122383,0.40088,0.458588,0.580439,0.251422,0.48173,0.333768,0.628574,0.251143,0.189157,0.387386,0.450741,0.0739795,0.0857967,0.289548,0.122353,0.0944246,0.329496,0.197373,0.854311,0.145834,0.131544,0.225056,0.286067,0.539901,0.631849,0.203352,0.396191,0.0979016,0.309349,0.320425,0.149717,0.219294,0.419761,0.325172,0.571743,0.223875,0.506757,0.469442,0.331934,0.19701,0.0282089,0.277407,0.306498,0.272863,0.135692,0.247659,0.635957,0.714417,0.337373,0.571743,0.223875,0.155444,0.370432,0.877922,0.194438,0.33491,0.240596,0.662282,0.585445,0.301736,0.793567,0.205314,0.323801,0.183409,0.0490936,0.128152,0.391152,0.486912,0.544964,0.100974,0.524895,0.192764,0.190602,0.203957,0.550144,0.210205,0.0896372,0.251098,0.151627,0.288215,0.130352,0.23947,0.113161,0.758311,0.243643,0.21072,0.364985,0.120449,0.771543,0.740495,0.848707,0.237091,0.141718,0.28617,0.139078,0.12765,0.128152,0.391152,0.78749,0.195751,0.0957724,0.00636341,0.291184,0.00162228,0.668129,0.548224,0.179927,0.195054,0.17424,0.442475,0.617551,0.175922,0.14583,0.190155,0.109098,0.271484,0.343028,0.0474335,0.396102,0.22586,0.191542,0.111696,0.365462,0.129257,0.450888,0.109244,0.184983,0.083364,0.122462,0.278068,0.137313,0.240386,0.464742,0.416812,0.125079,0.131544,0.225056,0.295823,0.445945,0.0604949,0.461477,0.0685523,0.052944,0.191092,0.62561,0.116263,0.128827,0.121901,0.0853938,0.251003,0.254024,0.112564,0.301481,0.222873,0.74105,0.55936,0.0976927,0.471811,0.186037,0.751483,0.160005,0.0853675,0.139123,0.340148,0.100879,0.41818,0.378031,0.143956,0.102034,0.247835,0.124619,0.129229,0.285381,0.157697,0.030675,0.0339421,0.0913129,0.0930711,0.333768,0.628574,0.140167,0.0555936,0.153716,0.0689664,0.0188562,0.56699,0.230407,0.512388,0.0527026,0.237535,0.064151,0.274614,0.178699,0.374744,0.0871098,0.409508,0.19628,0.204753,0.0932742,0.271484,0.343028,0.181245,0.140068,0.319002,0.476192,0.135792,0.14074,0.231404,0.376557,0.867001,0.213762,0.0715833,0.367182,0.998424,0.131631,0.160799,0.0776015,0.0725565,0.191249,0.00713206,0.243879,0.0514711,0.306168,0.00320862,0.113151,0.268984,0.138563,0.29343,0.203925,0.257441,0.507546,0.124117,0.0680783,0.0923814,0.0520976,0.309677,0.254229,0.280126,0.15513,0.241616,0.421297,0.178945,0.0656746,0.229332,0.241063,0.620963,0.153466,0.0752626,0.0850742
0.708453,0.434056,0.576665,0.303023,0.671109,0.411805,0.309997,0.0651084,0.786379,0.407744,0.424416,0.161875,0.45923,0.237549,0.164453,0.146745,0.272116,0.407038,0.501301,0.400332,0.610866,0.539308,0.193417,0.706035,0.215285,0.622009,0.422446,0.499591,0.589677,0.687426,0.610334,0.238923,0.155162,0.562304,0.62429,0.465382,0.325905,0.560417,0.479916,0.516258,0.808972,0.678957,0.443785,0.758602,0.279772,0.156392,0.202847,0.429855,0.651263,0.722579,0.474193,0.582297,0.341279,0.689892,0.23438,0.689237,0.632747,0.813222,0.502196,0.760824,0.600979,0.550175,0.468663,0.315522,0.467381,0.115008,0.225195,0.592134,0.509084,0.424023,0.758155,0.516607,0.114814,0.421921,0.33718,0.625884,0.589269,0.100777,0.432548,0.612433,0.437027,0.487998,0.270546,0.478993,0.299463,0.252412,0.515732,0.0535861,0.465369,0.373479,0.641963,0.15607,0.300645,0.574051,0.573383,0.280511,0.770308,0.450321,0.562304,0.62429,0.629466,0.558367,0.325481,0.0714655,0.254144,0.614909,0.559338,0.128141,0.367474,0.543547,0.485508,0.49941,0.648888,0.205814,0.300782,0.612697,0.384922,0.0662586,0.0297183,0.575701,0.539385,0.205135,0.277079,0.458351,0.178487,0.574487,0.153087,0.126079,0.679561,0.210983,0.446569,0.362849,0.0831576,0.140491,0.196568,0.133085,0.51318,0.240733,0.220651,0.34495,0.377465,0.470933,0.551043,0.628355,0.600154,0.356775,0.710385,0.302537,0.563174,0.171815,0.469218,0.380049,0.0658463,0.658286,0.255016,0.0942882,0.41391,0.454347,0.355685,0.444765,0.12425,0.849439,0.373652,0.0698889,0.204843,0.041867,0.285478,0.490714,0.419952,0.173054,0.0209353,0.226555,0.0314443,0.158985,0.469045,0.35733,0.383558,0.204024,0.232386,0.132508,0.526076,0.16764,0.499218,0.162846,0.168156,0.00472598,0.0922568,0.653498,0.470927,0.382788,0.134183,0.390105,0.621651,0.488963,0.32721,0.0999381,0.185408,0.395968,0.247967,0.178314,0.0978835,0.242651,0.193293,0.0690743,0.278307,0.794894,0.44122,0.0893277,0.280979,0.351095,0.446896,0.611793,0.20479,0.536949,0.231417,0.235517,0.294595,0.221643,0.348638,0.369629,0.585898,0.629198,0.196776,0.208281,0.498957,0.43822,0.512453,0.287701,0.351183,0.134825,0.402022,0.124843,0.713437,0.378,0.495701,0.326185,0.629198,0.196776,0.456342,0.163652,0.846214,0.335732,0.34879,0.273594,0.501354,0.289518,0.139895,0.780876,0.227713,0.297987,0.150989,0.114695,0.390095,0.233194,0.130026,0.637883,0.21549,0.53682,0.159523,0.377075,0.297341,0.535632,0.13177,0.492372,0.190222,0.410236,0.334552,0.360117,0.38976,0.0723775,0.721534,0.221904,0.55662,0.379155,0.253367,0.821602,0.621258,0.855675,0.308137,0.244259,0.131427,0.198062,0.283944,0.390095,0.233194,0.777775,0.317267,0.499618,0.2314,0.426598,0.227157,0.483192,0.760119,0.366986,0.223326,0.287322,0.471907,0.545944,0.155623,0.265161,0.234313,0.344007,0.363966,0.595627,0.121094,0.465551,0.286839,0.355279,0.225289,0.352601,0.158603,0.458782,0.220369,0.289951,0.221426,0.295866,0.202377,0.179067,0.242895,0.269703,0.542255,0.210143,0.0893277,0.280979,0.345085,0.511309,0.109298,0.371764,0.139824,0.490652,0.140414,0.0585944,0.337323,0.11098,0.215061,0.0751289,0.244794,0.341914,0.188105,0.480212,0.313878,0.690669,0.404276,0.242495,0.148296,0.343425,0.369874,0.285146,0.363643,0.324028,0.13227,0.179805,0.383448,0.272538,0.1564,0.145055,0.195211,0.760679,0.256452,0.427245,0.107395,0.136575,0.0677593,0.125262,0.220889,0.621651,0.488963,0.274791,0.294642,0.18087,0.195708,0.159853,0.185249,0.282626,0.407308,0.0384778,0.413907,0.183245,0.228536,0.0921967,0.0471012,0.0502104,0.600869,0.21723,0.239806,0.0999636,0.363966,0.595627,0.363635,0.444205,0.543753,0.220401,0.303998,0.209926,0.205605,0.359826,0.845612,0.506506,0.256805,0.395235,0.263636,0.334956,0.186148,0.897604,0.112949,0.556912,0.0188874,0.402168,0.132819,0.308375,0.143192,0.205358,0.246661,0.0789605,0.400253,0.314709,0.23853,0.227064,0.393814,0.0918955,0.242403,0.226148,0.347608,0.533585,0.505672,0.270553,0.202375,0.62762,0.250734,0.104605,0.129775,0.18182,0.245456,0.180872,0.25398,0.246307
0.55738,0.41526,0.222701,0.772214,-0.00296964,0.451933,0.401136,0.0149039,0.553144,0.276414,0.281372,0.27361,0.182593,0.440853,0.361559,0.249656,0.22247,0.766299,0.911463,0.504115,0.449772,0.413154,0.470773,0.442873,0.21805,0.23827,0.768936,0.0811894,0.0834786,0.259555,0.154092,0.273879,0.177701,0.24363,0.371703,0.22837,0.241386,0.639447,0.266487,0.310004,0.424616,0.39809,0.305059,0.784278,0.553344,0.25917,0.430028,0.59112,0.441085,0.607577,0.603963,0.516938,0.268889,0.548914,0.384815,0.527142,0.421788,0.784996,0.432329,0.528874,0.505167,0.286838,0.368023,0.237315,0.341085,0.272833,0.415689,0.310159,0.274982,0.167027,0.800389,0.551257,0.213888,0.335732,0.792501,0.498939,0.343542,0.129148,0.260036,0.488392,0.297286,0.44579,0.118084,0.216982,0.246669,0.397464,0.355686,0.0526113,0.791867,0.280438,0.601961,0.158254,0.196143,0.317591,0.484137,0.582197,0.528082,0.183236,0.24363,0.371703,0.258266,0.191382,0.205087,0.0888023,0.205653,0.643873,0.32055,0.212256,0.671587,0.449824,0.55829,0.382815,0.509121,0.655771,0.172506,0.399314,0.866625,0.546763,0.172393,-0.0636039,0.327316,0.381515,0.256744,0.221618,0.219898,0.807222,0.0957175,0.0386299,0.299441,0.159451,0.398107,0.686639,0.488613,0.0463984,0.388618,0.70841,0.328247,0.372872,0.460537,0.14704,0.492245,0.745446,0.519634,0.223548,0.430702,0.274579,0.498357,0.745681,0.480292,0.128214,0.110531,0.363839,0.135807,0.634354,0.573971,0.285817,0.725742,0.541344,0.685445,0.0233845,0.292083,0.534747,0.136462,0.419296,0.530663,0.0834628,0.608694,0.259449,0.257537,0.291716,0.353429,0.74398,0.0200382,0.22538,0.166605,0.649981,0.271161,0.17437,0.641697,0.634004,0.304414,0.494541,0.236234,0.678802,0.56629,0.435752,0.243005,0.475206,0.473293,0.498932,0.388433,0.607403,0.115727,0.662003,0.0351517,0.532544,0.799087,0.204337,0.157957,0.488343,0.280707,0.0916033,0.0971484,0.290296,0.16268,0.280736,0.446973,0.210674,0.180607,0.696112,0.760082,0.379717,0.685187,0.654883,0.138223,0.270562,0.458717,0.115126,0.390183,0.210159,0.206198,0.342903,0.137875,0.518135,0.441705,0.308417,0.0252245,0.10742,0.400984,0.26201,0.0588102,0.132848,0.372074,0.545124,0.289346,0.220178,0.342903,0.137875,0.158054,0.677555,0.75653,0.179377,0.367871,0.374057,0.494811,0.539454,0.384903,0.774262,0.673806,0.603388,0.429162,0.135309,0.16849,0.497097,0.291571,0.623462,0.428216,0.472947,0.0389349,0.595587,0.151932,0.393561,0.329683,0.13694,0.654844,0.0915563,0.285325,-0.0337194,0.124662,0.0856003,0.548154,0.223627,0.169629,0.236909,0.148639,0.788477,0.357658,0.741095,0.205129,0.111595,0.114596,0.120449,0.0852589,0.16849,0.497097,0.571832,0.384141,0.316848,0.171201,0.547292,0.294408,0.62956,0.613803,0.266975,0.277962,0.165912,0.36335,0.546214,0.169713,0.108246,0.206242,0.381098,0.442286,0.321939,0.00648812,0.616535,0.112378,0.104253,0.062841,0.441872,0.170533,0.847625,0.29228,0.406477,0.314623,0.0931539,0.0343671,0.0847279,0.26797,0.738602,0.940678,0.238636,0.210674,0.180607,0.243851,0.606969,0.0421392,0.582522,0.0541524,0.333116,0.124279,0.104804,0.0984057,0.198333,0.0456243,0.0804957,0.0230533,0.31005,0.0732176,0.801765,0.69448,0.609592,0.529391,0.239885,0.517812,0.450284,0.239649,0.0936062,0.291108,0.381182,0.753456,0.0488178,0.343308,0.466809,0.0597798,0.227321,0.172022,0.562676,0.128663,0.674072,0.194043,0.0537448,0.0110731,0.149888,0.0845545,0.115727,0.662003,0.080528,0.0720299,0.178005,0.188706,0.121627,0.36475,0.44583,0.4915,0.0758406,0.2526,0.07979,0.167274,0.111293,0.311813,0.0288882,0.371239,0.204267,0.0334609,0.14974,0.442286,0.321939,0.14501,0.128006,0.396319,0.236919,-0.00730161,0.139249,0.130812,0.559789,0.803119,0.435385,0.224846,0.248674,0.228956,0.0749372,0.268952,0.278967,0.0596648,0.519544,0.07936,0.192955,0.193672,0.625316,0.12052,0.162744,-0.0532135,0.113692,0.194575,0.0763057,0.240494,0.588917,0.144233,0.0556149,0.195135,0.156606,0.433255,0.192243,0.452464,0.14102,0.276843,0.593146,0.292708,0.108838,0.0692781,0.204309,0.592052,0.126483,0.0903215,0.232986
0.74688,0.475714,0.337083,0.23096,0.508545,0.867744,0.509454,0.0460816,0.374545,0.631459,0.662244,0.215362,0.411457,0.240236,0.521028,0.521594,0.362718,0.529617,0.496791,0.462701,0.432715,0.636318,0.196293,0.207576,0.164322,0.139718,0.381858,0.481313,0.478525,0.596725,0.557008,0.305628,0.202513,0.687051,0.440449,0.215983,0.243107,0.304863,0.316968,0.312814,0.24082,0.382469,0.399033,0.721314,0.172712,0.244537,0.810611,0.453335,0.610874,0.532242,0.385287,0.615062,0.781118,0.61607,0.208051,0.617733,0.465562,0.794395,0.729293,0.806691,0.78203,0.878005,0.598327,0.862219,0.374548,0.383619,0.764806,0.656689,0.500606,0.596401,0.681882,0.472777,0.23836,0.546852,0.245791,0.591719,0.629144,0.161288,0.441771,0.329047,0.418873,0.797177,0.339304,0.312995,0.335692,0.207205,0.542671,0.196897,0.377534,0.603404,0.569056,0.307959,0.451545,0.551727,0.660395,0.330415,0.844457,0.0236433,0.687051,0.440449,0.619445,0.493103,0.461825,0.168698,0.955494,0.929012,0.343904,0.245225,0.618315,0.743766,0.667511,0.510379,0.541825,0.207724,0.0746329,0.370685,0.304672,0.113712,0.176401,0.512648,0.580814,0.0661287,0.273905,0.32589,0.371221,0.83426,0.206189,0.233453,0.633118,0.171875,0.226583,0.259173,0.0176003,0.277537,0.139268,0.107424,0.643542,0.352299,0.359495,0.291147,0.301085,0.840445,0.593501,0.369178,0.819834,0.42383,0.744247,0.285607,0.561019,0.0898863,0.45015,0.289229,0.0941833,0.731139,0.522531,0.102416,0.356154,1.05555,0.230556,0.230803,0.204031,0.740195,0.364324,0.0865071,0.156761,0.0575498,0.374072,0.414731,0.48968,0.146616,0.181726,0.128119,0.0443282,0.333904,0.366187,0.343704,0.351134,0.203581,0.25987,0.0836615,0.548988,0.192006,0.370622,0.114537,0.184057,0.144183,0.0872214,0.67346,0.374071,0.490484,0.253951,0.357835,0.404651,0.377475,0.211152,0.179444,0.197407,0.451257,0.203992,0.200259,0.121891,0.129871,0.14205,0.228757,0.655219,0.582996,0.199617,0.197655,0.383151,0.23226,0.354128,0.63447,0.157912,0.439969,0.206765,0.206828,0.169187,0.168009,0.206177,0.438921,0.217075,0.581728,0.266308,0.183465,0.37184,0.237838,0.483322,0.104448,0.371187,0.345177,0.322941,0.201215,0.387963,0.366737,0.420521,0.398773,0.581728,0.266308,0.171488,0.118349,0.843957,0.341511,0.579518,0.516252,0.333272,0.322694,0.142725,0.665967,0.156423,0.375763,0.105332,0.076039,0.5211,0.205878,0.310228,0.534206,0.132916,0.536005,0.0884508,0.425663,0.186252,0.409303,0.135947,0.688424,0.215542,0.212724,0.248184,0.286264,0.211017,0.282377,0.600284,0.221806,0.198218,0.407739,0.305763,0.879589,0.494924,0.857347,0.23951,0.15408,0.129724,0.175581,0.291188,0.5211,0.205878,0.804341,0.434022,1.09527,0.173285,0.477226,0.133574,0.647647,0.873239,0.339349,0.161869,0.401248,0.44386,0.486687,0.222407,0.283579,0.16268,0.179202,0.392492,0.635511,0.0383334,0.542501,0.168518,0.194851,0.0829456,0.298417,0.111819,0.482248,0.147762,0.18087,0.243917,0.14258,0.152407,0.0921795,0.384762,0.34262,0.51683,0.278131,0.197655,0.383151,0.236122,0.560902,0.0614654,0.466763,0.0907445,0.224363,0.287538,0.0503703,0.213757,0.134763,0.286723,0.0889065,0.181608,0.537349,0.244883,0.71917,0.230712,0.716923,0.382944,0.269421,0.208776,0.35657,0.308777,0.172952,0.128307,0.368964,0.1627,0.215551,0.306948,0.264151,0.0926716,0.158413,0.176867,0.278237,0.132987,0.414713,0.0876865,0.18069,0.0659603,0.0582592,0.123357,0.404651,0.377475,0.269678,0.117274,0.118596,0.135143,0.0828654,0.101081,0.24819,0.181676,0.210751,0.182681,0.185495,0.207121,0.0900172,0.255582,0.0400332,0.650399,0.172889,0.208912,0.132779,0.392492,0.635511,0.337659,0.305218,0.490394,0.168711,0.214771,0.0922874,0.11189,0.117767,0.833951,0.482755,0.171601,0.343148,0.907943,0.180628,0.116206,0.250357,0.084075,0.477557,0.0391185,0.238381,0.12766,0.158406,0.0571434,0.12462,0.230182,0.132534,0.532531,0.216959,0.247347,0.35798,0.134601,0.112122,0.143914,0.136144,0.423307,0.0768324,0.459102,0.17894,0.185084,0.707036,0.189663,0.0994132,0.079464,0.0774567,0.367399,0.121572,0.119546,0.223743
0.72227,0.484921,0.694856,0.366472,0.898502,0.70742,0.438903,0.151647,0.74217,0.36322,0.348761,0.166984,0.460896,0.182871,0.435291,0.150901,0.151051,0.32098,0.375708,0.321231,0.454108,0.488572,0.0779386,0.809095,0.707548,0.527396,0.483608,0.396469,0.578593,0.806528,0.65661,0.463007,0.30041,0.254033,0.538032,0.540693,0.256106,0.305492,0.469345,0.472845,0.676367,0.699227,0.454015,0.736434,0.510132,0.360819,0.203073,0.459087,0.608641,0.703447,0.427375,0.61571,0.264801,0.66941,0.224564,0.761648,0.259266,0.780651,0.753027,0.549366,0.475675,0.272098,0.307796,0.27606,0.448469,0.188862,0.0599494,0.68087,0.379299,0.393874,0.611444,0.355992,0.0890348,0.201812,0.224534,0.45817,0.220803,0.0607801,0.0596731,0.205793,0.528421,0.178505,0.185688,0.211096,0.343732,0.35262,0.423606,0.0926992,0.389579,0.284595,0.605585,0.158584,0.192387,0.485657,0.555469,0.145211,0.78171,0.408995,0.254033,0.538032,0.740284,0.170241,0.247681,0.189685,0.245189,0.694316,0.491978,0.359836,0.24826,0.428633,0.794498,0.229796,0.567117,0.322246,0.314371,0.489799,0.377197,0.203783,0.266295,0.586087,0.384272,0.201979,0.176015,1.05504,0.261286,0.641499,0.0974994,0.0632586,0.653974,0.597057,0.368284,0.288086,0.0902607,0.266917,0.313331,0.140582,0.339386,0.669399,0.237198,0.342579,0.74009,0.57207,0.942588,0.435922,0.51605,0.196713,0.623255,0.38893,0.54885,0.0814774,0.0167628,0.075927,0.0362078,0.603895,0.268539,0.274982,0.433903,0.932169,0.3281,0.495622,0.830458,0.731394,0.454965,0.227641,0.454593,0.0771882,0.631966,0.239658,0.0890116,0.168133,0.0451633,0.241572,0.0161172,0.200016,0.598757,0.298783,0.222245,0.155743,0.34428,0.110024,0.445994,0.458511,0.268575,0.191341,0.345168,0.490114,0.365837,0.538418,0.582179,1.0122,0.287596,0.404933,0.264479,0.645504,0.254501,0.148964,0.304899,0.0624668,0.104945,0.304028,0.218789,0.152781,0.256278,0.0345748,0.1592,0.719886,0.356213,0.210215,0.24382,0.405947,0.498268,0.381247,0.144733,0.447028,0.0513187,0.100256,0.234685,0.250829,0.15424,0.0888594,0.442298,0.720351,0.173448,0.518858,0.32104,0.395769,0.361603,0.126554,0.814447,0.554177,0.459875,0.31014,0.301464,0.419694,0.360063,0.0769014,0.720351,0.173448,0.218679,0.213557,0.714703,0.688702,0.365165,0.304721,0.53986,0.602295,0.35428,0.792957,0.169622,0.33705,0.199284,0.129508,0.169723,0.272072,0.412369,0.827505,0.34167,0.860442,0.314553,0.477272,0.177831,0.748144,0.265998,0.112492,0.291902,0.307403,0.326075,0.18371,0.446563,0.101555,0.682836,0.201101,0.158783,0.230537,0.190849,0.787025,0.608298,0.837445,0.154168,0.151395,0.134083,0.180289,0.08884,0.169723,0.272072,0.858098,0.363498,0.222999,0.523202,0.45256,0.107371,0.610755,0.884715,0.166531,0.19478,0.237057,0.850082,0.495641,0.34624,0.190157,0.238673,0.0971888,0.466754,0.4955,0.173677,0.468328,0.188158,0.328188,0.104789,0.530772,0.100894,0.566718,0.125589,0.279925,0.246258,0.307048,0.328595,0.172082,0.141559,0.355481,0.45955,0.117746,0.210215,0.24382,0.29417,0.138958,0.269868,0.486135,0.0960833,0.23438,0.10831,0.22427,0.163837,0.280671,0.527705,0.135546,0.262951,0.274315,0.132175,0.00467264,0.307879,0.647214,0.646299,0.191691,0.305325,0.216045,0.33439,0.198507,0.199099,0.263913,0.291313,0.276678,0.559082,0.807329,0.198995,0.157765,0.171307,0.232843,0.309365,0.251568,0.648966,0.177324,0.119451,0.150749,0.262809,0.264479,0.645504,0.116253,0.142586,0.119072,0.110693,0.114006,0.424313,0.225635,0.193082,0.040184,0.205669,0.0567341,0.326593,0.466011,0.216459,0.0540019,0.455012,0.19045,0.188313,0.16199,0.466754,0.4955,0.192364,0.0711923,0.730689,0.201546,0.24128,0.151244,0.397789,0.236297,0.842793,0.257339,0.202457,0.460454,1.03527,0.268846,0.134216,0.248313,0.1018,0.240427,0.133881,0.353146,0.168988,0.169859,0.150499,0.183429,0.32573,0.132904,0.278182,0.285034,0.194005,0.285384,0.134158,0.0850726,0.196573,0.145955,0.283013,0.331534,0.309446,0.163508,0.117813,0.355765,0.198783,0.117622,0.275112,0.222384,0.352794,0.203315,0.131952,0.227635
0.585614,0.712827,0.704194,0.368827,0.842329,0.682009,0.556152,0.0336953,0.46565,0.31072,0.359101,0.223197,0.632104,0.185373,0.254719,0.327942,0.293375,0.643248,0.362097,0.220479,0.178191,0.649657,0.235619,0.250597,0.232975,0.658987,0.381167,0.712375,0.80068,0.815943,0.799274,0.522902,0.414327,0.616946,0.343198,0.66763,0.516574,0.244631,0.615746,0.591288,0.0604992,0.742575,0.574989,0.740858,0.32654,0.212329,0.341564,0.288544,0.189822,0.296839,0.547416,0.369358,0.269176,0.380927,0.133852,0.469408,0.471314,0.564872,0.75966,0.254811,0.506417,0.31718,0.332371,0.286674,0.36488,0.139286,0.312444,0.188792,0.455393,0.669397,0.327828,0.269348,0.11757,0.583927,0.335893,0.660975,0.443083,0.431031,0.265235,0.347004,0.409074,0.299669,0.111477,0.358033,0.245272,0.740337,0.509607,0.422227,0.510449,0.557961,0.561,0.18409,0.204198,0.354125,0.529744,0.458547,0.718147,0.488184,0.616946,0.343198,0.753442,0.269191,0.230541,0.21354,0.328495,0.695295,0.459811,0.499887,0.37801,0.634029,0.564621,0.330648,0.524717,0.394432,0.149062,0.452699,0.41083,0.261376,0.158264,0.725035,0.610935,0.161114,0.160883,0.516313,0.222998,0.512866,0.177305,0.080666,0.492241,0.0972366,0.257894,0.369649,0.0893147,0.0900594,0.189364,0.200357,0.394313,0.238628,0.213745,0.158724,0.28812,0.855746,0.692701,0.345317,0.700238,0.344226,0.548272,0.43753,0.467941,0.0733094,0.348419,0.270546,0.720324,0.622411,0.378205,0.242808,0.481996,0.342964,0.451459,0.380965,0.38789,0.455094,0.19701,0.201423,0.51853,0.720259,0.619592,0.258159,0.297304,0.314848,0.17777,0.351608,0.0888871,0.154399,0.454265,0.373344,0.222749,0.169016,0.453285,0.285175,0.458373,0.320881,0.485002,0.238398,0.258862,0.429202,0.134492,0.847361,0.294718,0.393717,0.260223,0.471279,0.670246,0.795729,0.274246,0.25321,0.347537,0.34274,0.045177,0.184721,0.250056,0.114059,0.111188,0.237849,0.324624,0.802282,0.296696,0.140134,0.20614,0.457077,0.526524,0.399244,0.219146,0.41717,0.258753,0.26572,0.424838,0.0605972,0.110651,0.320695,0.229904,0.724144,0.287228,0.405674,0.387691,0.255172,0.460037,0.113687,0.35926,0.293014,0.433272,0.161112,0.455878,0.688408,0.401944,0.250251,0.724144,0.287228,0.18701,0.34411,0.884389,0.150446,0.43011,0.220415,0.672677,0.646253,0.259324,0.769785,0.199469,0.405347,0.246103,-0.00864181,0.23721,0.328015,0.694801,0.544085,0.163716,0.533301,0.108628,0.385808,0.179671,0.602847,0.212494,0.134971,0.507531,0.102505,0.301306,0.151457,0.203892,0.0962844,0.950367,0.0311421,0.113328,0.271647,0.314701,0.857623,0.526297,0.91984,0.208209,0.114293,0.121789,0.132116,0.0327023,0.23721,0.328015,0.736947,0.489697,0.225502,0.10182,0.492075,0.0455423,0.569889,0.806586,0.351744,0.18686,0.384551,0.428328,0.481106,0.0572175,0.328058,0.174944,0.0975144,0.469421,0.305587,-0.00328045,0.542901,0.161536,0.13145,0.0358629,0.245352,0.0617652,0.380102,0.13551,0.201849,0.118396,0.136211,0.168287,0.0410926,0.186971,0.420699,0.57468,0.215797,0.140134,0.20614,0.243862,0.340153,0.0527986,0.57323,0.108588,0.161808,0.0839682,0.125951,0.180719,0.142431,0.200466,0.111814,0.126537,0.376893,0.171025,0.481122,0.346388,0.700515,0.570954,0.328824,0.389454,0.324101,0.518526,0.197198,0.166986,0.213498,0.446952,0.188187,0.382608,0.347408,-0.00511792,0.0573786,0.195907,0.248753,0.11481,0.0453485,0.316472,0.110324,0.00324281,0.106692,0.10239,0.670246,0.795729,0.0710102,0.0724008,0.127089,0.150484,-0.0187905,0.994386,0.294831,0.208859,0.0662233,0.0471681,0.037498,0.190065,0.154849,0.756132,0.038139,0.633483,0.14654,0.0688311,0.0750804,0.469421,0.305587,0.495992,0.2864,0.581677,0.236783,0.10169,0.134358,0.151224,0.348747,0.849672,0.419426,0.0339944,0.438914,0.184465,0.113123,0.183926,0.10213,0.0704595,0.407651,-0.0263898,0.314555,0.127641,0.33721,0.0597876,0.0557808,0.163501,0.149903,0.290132,0.112741,0.228202,0.463595,0.00982412,0.0250099,0.123118,0.0371954,0.39446,0.348381,0.510427,0.482524,0.256474,0.64646,0.106499,0.0103112,0.0415812,0.0710317,0.836385,0.291619,0.0403319,0.0588039
0.684918,0.497134,0.551555,0.392619,0.650195,0.796671,0.687998,0.0329393,0.661598,0.321928,0.373963,0.316195,0.329709,0.378269,0.350247,0.417816,0.270216,0.323458,0.297843,0.466813,0.492228,0.461135,0.177666,0.530257,0.349884,0.387201,0.324793,0.393661,0.618288,0.60558,0.710632,0.374453,0.213707,0.283661,0.535965,0.314691,0.264686,0.289388,0.373594,0.424093,0.43807,0.602128,0.477822,0.599357,0.221475,0.346741,0.515872,0.479234,0.480054,0.546044,0.358192,0.546427,0.341594,0.694621,0.228542,0.743047,0.34336,0.771496,0.533106,0.666869,0.586377,0.423154,0.579379,0.362539,0.655443,0.25716,0.502185,0.407017,0.368804,0.351259,0.766394,0.451615,0.112072,0.583451,0.750648,0.485491,0.775307,0.115318,0.438409,0.315696,0.349788,0.291667,0.422367,0.245727,0.26101,0.284857,0.475834,0.125546,0.223522,0.343245,0.583711,0.121033,0.20568,0.354343,0.505989,0.665061,0.733979,0.279506,0.283661,0.535965,0.530336,0.371472,0.320387,0.0969087,0.248787,0.670687,0.478245,0.269283,0.48171,0.492699,0.235472,0.662465,0.699864,0.271236,0.0379179,0.368794,0.597107,0.302874,0.167681,0.490863,0.478314,0.247471,0.353602,0.795195,0.303715,0.714675,0.165744,0.173739,0.540071,0.186023,0.208156,0.142083,0.224296,0.143793,0.121359,0.242435,0.645424,0.459874,0.394222,0.0686515,0.273487,0.620479,0.643334,0.414155,0.398523,0.352531,0.547341,0.329358,0.393346,0.194397,0.647656,0.436057,0.0830134,0.624135,0.454472,0.15065,0.2655,0.683737,0.31711,0.142658,0.230725,0.561592,0.308955,0.13446,0.494894,0.0904757,0.349694,0.291533,0.520427,0.100427,0.104912,0.409805,0.241012,0.153462,0.570443,0.491647,0.307246,0.104341,0.158883,0.16803,0.494471,0.129265,0.313907,0.28931,0.204868,0.218235,0.474492,0.595611,0.435719,0.6647,0.176612,0.432461,0.385175,0.533699,0.344598,0.186113,0.329012,0.5271,0.112062,0.1114,0.168565,0.197745,0.168079,0.152661,0.432018,0.571683,0.229486,0.287699,0.171936,0.130921,0.387246,0.399462,0.205238,0.39714,0.0792161,0.221822,0.293503,0.0990137,0.0759362,0.508824,0.279573,0.539377,0.176801,0.254473,0.439788,0.398985,0.425989,0.121847,0.563682,0.249879,0.21546,0.140101,0.382087,0.481883,0.735203,0.359325,0.539377,0.176801,0.210857,0.297637,0.839194,0.260817,0.210147,0.400449,0.733834,0.409828,0.0796314,0.845885,0.295447,0.365939,0.15308,0.128307,0.225239,0.299659,0.153719,0.716949,0.189717,0.667743,0.228727,0.135606,0.234593,0.626373,0.219143,0.0964387,0.263601,0.237001,0.256194,0.196959,0.148373,0.0988927,0.645809,0.277696,0.166154,0.49342,0.170415,0.863925,0.571337,0.870318,0.248764,0.208728,0.107149,0.255191,0.254612,0.225239,0.299659,0.72682,0.423853,0.262025,0.128267,0.428256,0.0296444,0.492487,0.622331,0.233766,0.141109,0.229717,0.632365,0.297846,0.366763,0.135592,0.209233,0.112547,0.379493,0.626981,0.0802778,0.452944,0.185205,0.152691,0.113929,0.2818,0.11473,0.466348,0.0677985,0.0510322,0.190325,0.269071,0.182971,0.0533788,0.232045,0.297491,0.477625,0.144893,0.287699,0.171936,0.319311,0.573813,0.108312,0.324708,0.0650073,0.246151,0.287665,0.108924,0.0398375,0.0955281,0.350724,0.104507,0.276572,0.307246,0.239626,0.387639,0.111877,0.589218,0.554607,0.242863,0.302199,0.27356,0.241193,0.0659177,0.06395,0.0443001,0.319572,0.187573,0.612635,0.385146,0.0284775,0.127708,0.215941,0.297505,0.085546,0.618974,0.277845,0.0732486,0.0875573,0.105609,0.0916037,0.385175,0.533699,0.141228,0.103273,0.228224,0.339698,0.650026,0.210497,0.297545,0.552732,0.046431,0.128437,0.0953343,0.223847,0.201589,0.295857,0.0300121,0.438668,0.0981649,0.13212,0.281232,0.379493,0.626981,0.140234,0.109336,0.464225,0.0849596,0.105289,0.117311,0.232345,0.33507,0.839056,0.528365,0.112692,0.370191,0.445078,0.124173,0.119971,0.30942,0.106409,0.572938,0.0155845,0.263735,0.0639694,0.102421,0.131937,0.149106,0.271677,0.113478,0.221883,0.24906,0.138758,0.448095,0.151623,0.0701476,0.31318,0.232438,0.285683,0.161192,0.295533,0.144454,0.268824,0.854585,0.160653,0.0640333,0.257218,0.0787998,0.329419,0.193118,0.0361545,0.1275
0.667991,0.388921,0.384349,0.243333,0.534415,0.777636,0.587535,0.0637737,0.758312,0.518032,0.589636,0.377671,0.438716,0.446542,0.660027,0.706702,0.28524,0.320868,0.484385,0.531422,0.427083,0.606073,0.174341,0.485925,0.155954,0.269324,0.432521,0.550496,0.786755,0.741799,0.706341,0.352945,0.252061,0.445719,0.478095,0.289741,0.239875,0.287261,0.298155,0.388674,0.28293,0.469176,0.384645,0.490829,0.201157,0.417629,0.685173,0.639125,0.366564,0.532636,0.387841,0.41993,0.723116,0.631867,0.282432,0.435721,0.680158,0.781794,0.375401,0.654417,0.669224,0.351469,0.485636,0.475233,0.490901,0.36821,0.581921,0.527535,0.349436,0.597164,0.667535,0.68486,0.305027,0.503151,0.329037,0.538159,0.692855,0.179226,0.421862,0.252253,0.38244,0.243456,0.30305,0.254765,0.283262,0.235039,0.350505,0.120187,0.478349,0.351519,0.541034,0.171549,0.187867,0.364114,0.423876,0.707321,0.66898,0.450405,0.445719,0.478095,0.536471,0.386183,0.378379,0.123754,0.273168,0.603561,0.424574,0.330185,0.602431,0.520055,0.666954,0.453602,0.583016,0.296942,0.127363,0.283993,0.411237,0.14617,0.164432,0.343644,0.51599,0.0983002,0.289358,0.289202,0.553409,0.695898,0.183686,0.100432,0.317152,0.149812,0.179988,0.305812,0.0449972,0.184084,0.0951792,0.142274,0.455175,0.594708,0.35958,0.0950231,0.296842,0.837474,0.527665,0.394939,0.450714,0.309945,0.681783,0.384602,0.524691,-0.0061584,0.558758,0.708399,0.552067,0.537639,0.380235,0.0476328,0.495554,0.47572,0.373716,0.110214,0.156469,0.442688,0.321413,0.0670777,0.179399,0.590325,0.38709,0.314657,0.546836,0.0808403,0.436788,0.222905,0.0208554,0.106077,0.480432,0.357594,0.354654,0.155849,0.335599,0.101034,0.58508,0.218931,0.291573,0.182044,0.222511,0.281458,0.00724405,0.42239,0.389817,0.643945,0.226748,0.437976,0.371601,0.537379,0.335724,0.175489,0.355615,0.42786,0.195391,0.205093,0.0654341,0.133217,0.312572,0.548333,0.56319,0.617171,0.15976,0.0979677,0.253396,0.315299,0.551169,0.537541,0.237234,0.526274,0.302086,0.23722,0.295178,0.104212,0.164757,0.434491,0.260825,0.290264,0.318727,0.228649,0.404711,0.233351,0.46976,0.0935113,0.40785,0.268364,0.360939,0.198654,0.233022,0.480645,0.533697,0.291101,0.290264,0.318727,0.208249,0.226023,0.949073,0.21913,0.463629,0.631987,0.740889,0.225436,0.199464,0.868983,0.185494,0.439344,0.262554,0.0833478,0.22405,0.245805,0.266015,0.551108,0.182286,0.536152,0.0886559,0.395113,0.132337,0.32985,0.17458,0.106692,0.254872,0.199765,0.338265,0.0493414,0.0649019,0.0885594,0.52561,0.175154,0.0662692,0.438913,0.252276,0.81768,0.410942,0.863699,0.199274,0.0554803,0.113098,0.126936,0.128878,0.22405,0.245805,0.736365,0.422809,0.258862,0.17917,0.408732,0.0936733,0.799865,0.664615,0.187257,0.196583,0.310466,0.439135,0.634138,0.170965,0.161236,0.129515,0.222326,0.449917,0.383748,0.0277633,0.473294,0.196049,0.143439,0.10169,0.394182,0.139181,0.498022,0.150701,0.214505,0.155356,0.100021,0.16871,0.10323,0.249061,0.331972,0.584925,0.245721,0.0979677,0.253396,0.21301,0.509646,0.0860826,0.615302,0.0638845,0.334305,0.144915,0.853695,0.274017,0.164526,0.159164,0.0256438,0.222658,0.447722,0.125614,0.363917,0.246966,0.679381,0.525231,0.226265,0.23298,0.300703,0.307954,0.1238,0.15574,0.179177,0.335766,0.147341,0.41897,0.259178,0.0407818,0.157148,0.095162,0.12483,0.107859,0.385538,0.241441,0.136768,0.0784953,0.0805042,0.13307,0.371601,0.537379,0.168453,0.0984124,0.126555,0.0824466,0.120357,0.189578,0.227881,0.274181,0.0511895,0.0571453,0.0994369,0.100258,0.0827201,0.19323,0.0564624,0.530508,0.208202,0.170631,0.0895991,0.449917,0.383748,0.508797,0.141516,0.696962,0.278217,0.156619,0.112877,0.18219,0.124946,0.915093,0.278743,0.150702,0.282273,0.458968,0.152701,0.155016,0.22395,0.0878525,0.331204,0.155405,0.232009,0.215138,0.251435,0.0796673,0.246812,-0.0164992,0.124256,0.241591,0.181041,0.262558,0.252625,0.112638,0.0897192,0.180181,0.15432,0.399886,0.265322,0.646624,0.394572,0.25169,0.616492,0.19619,0.0993745,0.0571101,0.0764198,0.318099,0.0625918,0.131648,0.134805
0.468073,0.25142,0.371526,0.11257,0.367366,0.806987,0.671431,0.0767347,0.245407,0.517804,0.577667,0.265067,0.332102,0.654401,0.585579,0.393071,0.227048,0.68136,0.868129,0.491866,0.437173,0.61002,0.181164,0.644709,0.31644,0.244398,0.56995,0.417228,0.503687,0.557211,0.570277,0.167304,0.140542,0.410002,0.269423,0.221746,0.207062,0.415559,0.303381,0.373546,0.298649,0.437762,0.41404,0.791156,0.30947,0.420372,0.522715,0.522737,0.81704,0.800904,0.557055,0.642217,0.461188,0.580376,0.295296,0.649131,0.407681,0.914365,0.476785,0.682418,0.581663,0.537401,0.494122,0.530342,0.42878,0.250406,0.417066,0.41371,0.320515,0.56729,0.75078,0.5494,0.226562,0.41431,0.381455,0.480724,0.538579,0.141096,0.327338,0.359022,0.326138,0.334086,0.258426,0.219896,0.237254,0.375596,0.432524,0.145528,0.490158,0.271776,0.694567,0.178173,0.343493,0.322773,0.672549,0.541317,0.760365,0.0906384,0.410002,0.269423,0.489709,0.561655,0.231996,0.0405939,0.480905,0.710493,0.246827,0.327781,0.68808,0.597022,0.32827,0.448101,0.552886,0.242906,0.371188,0.539165,0.601904,0.259228,0.231237,0.357026,0.382976,0.0469513,0.361345,0.214966,0.781162,0.950394,0.242917,0.158483,0.790205,0.147094,0.317927,0.291593,0.0962361,0.200568,0.305681,0.0977633,0.357847,0.605979,0.30306,0.193466,0.290676,0.7087,0.506689,0.505204,0.591541,0.45486,0.329623,0.496062,0.576865,0.103238,0.454609,0.412663,0.0810344,0.633818,0.350419,0.0474271,0.536299,0.772883,0.335729,0.207325,0.131928,0.603041,0.317913,0.0515321,0.10613,0.0603579,0.353522,0.284327,0.456581,0.35031,0.147,0.198596,0.0862937,0.222147,0.54645,0.601618,0.323129,0.0652233,0.341424,0.0718764,0.433634,0.185198,0.125653,0.179915,0.245269,0.17411,0.205575,0.513036,0.370669,0.680227,0.141364,0.532762,0.243686,0.447723,0.185863,0.202425,0.322399,0.458075,0.12511,0.154498,0.0823017,0.131609,0.166562,0.178802,0.305658,0.739139,0.47909,0.193154,0.298318,0.339895,0.679103,0.851994,0.200615,0.559597,0.289893,0.188529,0.281969,0.119193,0.221809,0.421132,0.281158,0.476455,0.19004,0.16097,0.313096,0.326988,0.599937,0.0972788,0.370428,0.239979,0.129703,0.138758,0.387404,0.414132,0.576571,0.392629,0.476455,0.19004,0.222202,0.208205,0.860844,0.326726,0.355416,0.379712,0.455286,0.139673,0.156299,0.693622,0.280805,0.470451,0.171623,0.0950488,0.275008,0.256343,0.178816,0.544168,0.185456,0.534977,0.157458,0.399591,0.179636,0.463778,0.181031,0.102913,0.218096,0.0731121,0.277802,0.196,0.166428,0.179991,0.747573,0.129239,0.24505,0.349723,0.120709,0.908084,0.531127,0.884899,0.152045,0.175595,0.0513555,0.179008,0.165219,0.275008,0.256343,0.852482,0.326227,0.457663,0.165589,0.418033,0.0238228,0.600749,0.729743,0.277145,0.13785,0.205143,0.440096,0.386028,0.187917,0.168869,0.172703,0.187284,0.234709,0.427045,0.117163,0.57767,0.161633,0.253764,0.140163,0.394066,0.0464439,0.677271,0.152101,0.172227,0.154696,0.189922,0.167997,0.168585,0.385341,0.333324,0.708656,0.105994,0.193154,0.298318,0.207017,0.541103,0.120452,0.493328,0.0898859,0.25892,0.295961,0.208147,0.187621,0.129595,0.211527,0.115871,0.184823,0.233518,0.14294,0.556194,0.264623,0.732168,0.385657,0.254915,0.212205,0.297189,0.216211,0.152681,0.11091,0.188753,0.352988,0.187747,0.452406,0.143036,0.161163,0.155738,0.201577,0.202809,0.108243,0.373194,0.459993,0.0606995,0.0578489,0.0986832,0.147548,0.243686,0.447723,0.186538,0.114344,0.165278,0.159849,0.0808497,0.0848045,0.205022,0.281462,0.0778737,0.214783,0.22318,0.159437,0.119958,0.0659645,0.0282655,0.414398,0.159491,0.212572,0.113974,0.234709,0.427045,0.286874,0.221326,0.400919,0.255112,0.171568,0.135047,0.203148,0.147283,0.889019,0.553766,0.164496,0.299311,0.731996,0.204236,0.166933,0.239305,0.0642104,0.506621,0.0574321,0.241984,0.171039,0.210917,0.0875691,0.117213,0.180731,0.0907145,0.471996,0.24682,0.250339,0.313282,0.123966,0.0845326,0.238798,0.135785,0.264821,0.244603,0.355216,0.439318,0.224823,0.600421,0.205505,0.0844183,0.258288,0.154262,0.138114,0.147526,0.168303,0.21437
0.405719,0.520706,0.783773,0.389436,1.03772,0.791572,0.470394,0.0907105,0.317279,0.37387,0.428643,0.148942,0.380441,0.400177,0.823544,0.245247,0.315067,0.58676,0.471399,0.395047,0.170926,0.629138,0.278758,0.289636,0.275778,0.71997,0.388944,0.441608,0.699185,0.437047,0.509991,0.314407,0.210173,0.588228,0.265487,0.615009,0.469018,0.385355,0.534723,0.558656,0.0872673,0.795659,0.666482,0.641427,0.286627,0.230288,0.750726,0.256881,0.328009,0.324509,0.360288,0.152454,0.544748,0.451143,0.341606,0.270754,0.482652,0.595523,0.711743,0.393961,0.363269,0.265818,0.268203,0.182814,0.529567,0.382095,0.709091,0.712716,0.530991,0.502734,0.457405,0.303133,0.117563,0.613975,0.503848,0.519014,0.37355,0.0600947,0.217976,0.378136,0.363896,0.256073,0.158328,0.16277,0.293008,0.274524,0.13198,0.118099,0.650559,0.482792,0.630265,0.483524,0.253165,0.32318,0.562259,0.710714,0.798446,0.442637,0.588228,0.265487,0.94845,0.600535,0.375317,0.111837,0.274013,0.603513,0.21777,0.301265,0.352927,0.412779,0.63635,0.28571,0.246204,0.354135,0.112766,0.584344,0.40908,0.230756,0.164896,0.531182,0.371484,0.155287,0.174749,0.344539,0.269868,0.619372,0.066623,0.148688,0.911118,0.141127,0.291415,0.602476,0.17146,0.174245,0.214152,0.147904,0.294549,0.313438,0.232557,0.232051,0.309481,0.662694,0.611543,0.738676,0.363364,0.305949,0.660233,0.330236,0.299217,0.114889,0.124229,0.185085,0.151953,0.519115,0.229121,0.193206,0.623722,0.423252,0.422444,0.295193,0.190686,0.560364,0.340326,0.216983,0.3171,0.131012,0.44107,0.200381,0.210296,0.197893,0.123441,0.32632,0.0425985,0.170892,0.604281,0.380086,0.208517,0.180784,0.38632,0.171322,0.443465,0.283655,0.197116,0.253718,0.234478,0.330782,0.195341,0.477731,0.368025,0.458991,0.307134,0.341082,0.269684,0.682338,0.284198,0.261996,0.404364,0.286712,0.172569,0.145269,0.213028,0.193957,0.147905,0.188201,0.37414,0.714661,0.263731,0.201949,0.149564,0.377002,0.521285,0.781214,0.206687,0.306385,0.231657,0.224916,0.436315,0.150079,0.246898,0.193629,0.311676,0.639651,0.235742,0.394913,0.286644,0.27288,0.474165,0.107809,0.386012,0.366428,0.471063,0.252851,0.326549,0.568305,0.46454,0.211658,0.639651,0.235742,0.206076,0.332171,0.807572,0.223455,0.291762,0.242859,0.382828,0.498175,0.240615,0.603651,0.212009,0.452603,0.197907,0.107145,0.0290732,0.330204,0.361302,0.541899,0.176283,0.527104,0.226334,0.307379,0.223121,0.538334,0.222246,0.13257,0.291741,0.173083,0.268797,0.224475,0.126538,0.0858269,0.691381,0.240588,0.222943,0.218083,0.19892,0.844795,0.473464,0.824072,0.254692,0.174798,0.224237,0.173953,0.174645,0.0290732,0.330204,0.721835,0.125079,0.283624,0.154684,0.349905,0.0867617,0.450376,0.757875,0.198142,0.228956,0.224136,0.447657,0.516987,0.182311,0.195174,0.13883,0.172553,0.389868,0.348795,0.0472014,0.519859,0.206872,0.243834,0.14878,0.31966,0.207873,0.391496,0.159608,0.2605,0.207362,0.172339,0.172915,0.105728,0.190554,0.325936,0.433804,0.142271,0.201949,0.149564,0.234233,0.200254,0.0948302,0.804428,0.0860583,0.274594,0.0629248,0.133326,0.286321,0.13534,0.2309,0.0908145,0.150929,0.278999,0.157397,0.518618,0.285325,0.698152,0.452441,0.347778,0.39293,0.325946,0.30911,0.130363,0.20005,0.278748,0.329646,0.176896,0.375886,0.329863,0.114927,0.151476,0.204201,0.209205,0.221878,0.475726,0.589411,0.130703,0.0799907,0.100655,0.106079,0.269684,0.682338,0.236407,0.117822,0.173297,0.114577,0.100736,0.510098,0.31189,0.373096,0.0460588,0.18084,0.223588,0.209344,0.155798,0.585784,0.0350939,0.773933,0.197943,0.118156,0.116497,0.389868,0.348795,0.295676,0.164213,0.465246,0.230194,0.193162,0.236,0.192301,0.245888,0.853942,0.585273,0.145564,0.419436,0.385054,0.123001,0.23123,0.275827,0.0798412,0.53063,0.252787,0.337081,0.291278,0.185921,0.0910968,0.167819,0.190082,0.141319,0.232525,0.120124,0.20535,0.417882,0.172478,0.102813,0.211895,0.200646,0.339167,0.314174,0.347402,0.323484,0.202197,0.729712,0.238686,0.126903,0.234171,0.154967,0.639499,0.150004,0.116851,0.16622
0.805706,0.425512,0.684779,0.230187,0.775084,0.806548,0.446408,0.0520139,0.64852,0.326889,0.328207,0.304076,0.333487,0.386768,0.297725,0.33344,0.335673,0.17531,0.38564,0.493403,0.560987,0.441647,0.0966405,0.274242,0.336011,0.513666,0.376154,0.533196,0.54465,0.530617,0.505094,0.173837,0.141402,0.572433,0.659239,0.321957,0.372664,0.614721,0.388825,0.45444,0.255317,0.674659,0.684055,0.443478,0.642762,0.487065,0.463132,0.380712,0.419246,0.423251,0.223479,0.330466,0.417069,0.418464,0.235715,0.363361,0.376061,0.602977,0.78162,0.501394,0.584901,0.513506,0.39237,0.338862,0.295363,0.32849,0.435652,0.701176,0.416643,0.203863,0.502521,0.369679,0.166494,0.796319,0.225793,0.560632,0.435516,0.082093,0.212913,0.267654,0.583733,0.172682,0.314117,0.168223,0.31897,0.294796,0.63716,0.160918,0.415829,0.541191,0.720866,0.164651,0.266753,0.392598,0.614625,0.454579,0.756885,0.465454,0.572433,0.659239,0.73698,0.495787,0.439888,0.0708571,0.424161,0.83758,0.51544,0.220866,0.42342,0.302428,0.563274,0.392651,0.725286,0.19817,0.117319,0.367096,0.372615,0.636694,0.192965,0.65325,0.25941,0.0627248,0.283328,0.389018,0.291041,0.479529,0.114936,0.116188,0.532868,0.21063,0.356135,0.242003,0.0344931,0.196904,0.456901,0.150462,0.326156,0.347214,0.334073,0.241202,0.155918,0.475778,0.60461,0.648187,0.720448,0.228435,0.745137,0.345267,0.690573,0.139021,0.255327,0.419662,0.120855,0.647022,0.282906,0.0442752,0.347479,0.598405,0.210138,0.323606,0.240656,0.507666,0.440539,0.0733569,0.197081,0.105189,0.381864,0.258315,0.20243,0.100619,0.0989563,0.202753,0.786594,0.144615,0.695583,0.326674,0.256256,0.330127,0.297726,0.0753617,0.70427,0.202062,0.374513,0.116046,0.107052,0.134014,0.196305,0.542306,0.391873,0.490572,0.25454,0.372231,0.277948,0.489315,0.407843,0.103907,0.147429,0.232815,0.123696,0.210888,0.143588,0.107807,0.203848,0.0656123,0.291097,0.673449,0.252268,0.330115,0.197643,0.274442,0.524731,0.63778,0.210113,0.391867,0.196452,0.12867,0.160324,0.218777,0.185335,0.190493,0.408983,0.705188,0.288307,0.21528,0.210896,0.31603,0.507618,0.108692,0.400688,0.52237,0.409859,0.374784,0.396443,0.425521,0.496724,0.184016,0.705188,0.288307,0.241234,0.0878311,0.805154,0.654811,0.740794,0.485752,0.567287,0.380192,0.18606,0.775605,0.256611,0.231522,0.121412,0.0729217,0.49387,0.269003,0.368486,0.576321,0.184454,0.538838,0.155682,0.404114,0.219891,0.693826,0.165748,0.382639,0.254336,0.133547,0.292854,0.178831,0.234374,0.0710137,0.76208,0.145731,0.199604,0.242969,0.278308,0.860125,0.736876,0.890872,0.218685,0.158435,0.14711,0.196156,0.203145,0.49387,0.269003,0.758466,0.413262,0.291199,0.194897,0.516498,0.015183,0.948226,0.869481,0.362972,0.141386,0.314124,0.424579,0.502818,0.181023,0.188153,0.167938,0.28636,0.762736,0.40783,0.126064,0.422013,0.227186,0.267872,0.142684,0.29797,0.136978,0.402094,0.129219,0.114831,0.211222,0.147685,0.241187,0.109854,0.18567,0.320227,0.522984,0.226046,0.330115,0.197643,0.2451,0.319739,0.147142,0.428131,0.112827,0.269231,0.16705,0.395227,0.168121,0.152392,0.234877,0.0856944,0.221722,0.355781,0.246541,0.388406,0.176022,0.73975,0.583261,0.33707,0.178474,0.0808296,0.206949,0.212236,0.111791,0.190061,0.187833,0.263098,0.48351,0.304967,0.136076,0.152904,0.188199,0.236906,0.113512,0.353452,0.863024,0.0995766,0.0689126,0.0922859,0.116612,0.277948,0.489315,0.105312,0.0840081,0.133238,0.104621,0.078024,0.131573,0.215405,0.157328,0.0497832,0.18385,0.175228,0.262526,0.160149,0.10403,0.0521199,0.584322,0.182479,0.0732306,0.135558,0.762736,0.40783,0.505551,0.246442,0.628605,0.182974,0.196404,0.152241,0.310338,0.0442699,0.943442,0.51357,0.123815,0.227288,0.681729,0.174388,0.0992212,0.217324,0.0573835,0.580418,0.189303,0.122302,0.195477,0.136982,0.100416,0.278009,0.216179,0.128532,0.269282,0.0895777,0.252366,0.347811,0.130836,0.118216,0.242739,0.164433,0.411916,0.234513,0.517889,0.327108,0.126653,0.575712,0.145354,0.0544761,0.0998296,0.119163,0.197186,0.149671,0.077853,0.198302
0.630335,0.231261,0.561219,0.200875,0.809921,0.883555,0.477041,0.0490163,0.768685,0.580823,0.579159,0.272049,0.502963,0.0962695,0.364604,0.320611,0.458197,0.196553,0.614575,0.0956406,0.011767,0.712725,0.0913078,0.0343677,0.580875,0.922577,0.273053,0.990978,1.21014,1.08259,0.892629,0.368441,0.248982,0.515066,0.268258,0.57307,0.497453,0.173906,0.57875,0.578212,0.0230013,0.603973,0.485501,0.512525,0.225907,0.0882479,0.506853,0.328895,0.298358,0.427924,0.0787449,0.319956,0.68811,0.456722,0.412541,0.373737,0.484576,0.671647,0.814977,0.433484,0.729732,0.511597,0.573404,0.666765,0.657515,0.10576,0.427006,0.266831,0.583924,0.645796,0.149433,0.243398,0.0489903,0.544474,0.282407,0.676295,0.610808,0.132273,0.410279,0.257284,0.486163,0.156396,0.225736,0.406679,0.406855,0.158824,0.450945,0.127261,0.297468,0.722129,0.753017,0.217272,0.401079,0.344203,0.701773,0.428148,0.815867,0.699119,0.515066,0.268258,0.672044,0.355236,0.599566,0.208326,0.316377,0.633137,0.532542,0.193314,0.323763,0.662555,0.0880496,0.485765,0.456687,0.290732,0.0502859,0.569638,0.365804,0.173544,0.17042,0.30608,0.469559,0.0820712,0.0945998,0.197651,0.142279,0.464284,0.306868,0.20449,0.681487,0.190834,0.260007,0.1479,0.0664858,0.412474,0.155457,0.167224,0.823071,0.299378,0.264196,0.284595,0.247965,0.425959,0.465995,0.777894,0.501417,0.577863,0.790124,0.293424,0.353973,0.18042,0.492563,0.23596,0.0881727,0.58999,0.303732,-0.022176,0.373737,0.581549,0.329296,0.602042,0.106976,0.803407,0.586895,0.0320356,0.242873,0.0886882,0.262539,0.52524,0.589509,0.319404,0.142128,0.288363,0.0187603,0.0565279,0.363585,0.271593,0.437422,0.319519,0.301233,0.0152939,0.793954,0.0590525,0.175428,0.166483,0.0319875,0.306049,0.185929,1.18256,0.739843,0.406889,0.148368,0.479407,0.458937,0.665929,0.573771,0.163436,0.309309,0.514336,0.146124,0.00683333,0.150367,0.0965384,0.329721,0.358176,0.510736,0.903079,0.223188,0.252323,0.22687,0.236341,0.490375,0.979956,0.251172,0.348258,0.240854,0.130967,0.319454,0.273502,0.192838,0.477008,0.391449,0.423742,0.282166,0.169714,0.474356,0.324023,0.327324,0.155287,0.41905,0.233677,0.314344,0.198624,0.400341,0.445355,0.256356,0.437188,0.423742,0.282166,0.280638,0.291337,0.964611,0.34213,0.306326,0.682077,0.538835,0.193663,0.129885,0.799016,0.0981152,0.448942,0.106663,0.0666771,0.357635,0.247683,0.126119,0.60062,0.170635,0.544128,0.186577,0.101477,0.257763,0.758408,0.213766,0.119939,0.140617,0.261372,0.256175,0.390931,0.343184,0.0456317,0.704475,0.408348,0.271437,0.358261,0.153581,0.825604,1.00816,0.864648,0.207888,0.215658,0.099489,0.299019,0.236066,0.357635,0.247683,0.78389,0.316432,0.110495,0.122852,0.38238,-0.0167321,0.434076,0.59159,0.342893,0.183521,0.15005,0.445681,0.594891,0.380643,0.180407,0.331864,0.107219,0.32486,0.452137,0.221135,0.605545,0.27992,0.315756,0.238471,0.294925,0.229878,0.330645,0.0529323,0.0455861,0.246864,0.333827,0.370784,0.228924,0.26406,0.191871,0.50972,0.127645,0.252323,0.22687,0.266161,0.426174,0.226801,0.37791,0.145656,0.209566,0.30222,0.132599,0.0446511,0.0926763,0.238675,0.161585,0.317254,0.262877,0.163136,0.434718,0.125584,0.695908,0.387799,0.178147,0.334708,0.168269,0.585234,0.252311,0.27746,0.209231,0.210736,0.178577,0.616839,0.246951,0.271692,0.171963,0.186753,0.242159,0.147696,0.376766,0.401248,0.182338,0.0669066,0.102991,0.187063,0.458937,0.665929,0.332012,0.12101,0.216532,0.262109,0.202991,0.122253,0.377971,0.257748,0.0208726,0.292972,0.304823,0.337645,0.156783,0.16408,0.0105782,0.500191,0.195814,0.303698,0.251779,0.32486,0.452137,0.345145,0.0771291,0.498106,0.321809,0.308276,0.188329,0.594716,0.00652371,0.965,0.436856,0.159154,0.149378,0.234372,0.197028,0.128249,0.213443,0.0659459,0.492092,0.0700516,0.342644,0.115142,0.200331,0.0551868,0.16269,0.332476,0.0918799,0.309628,0.182693,0.217108,0.440758,0.162585,0.168045,0.301831,0.223553,0.283465,0.470916,0.425279,-0.0108751,0.207094,0.523351,0.23447,0.124715,0.306452,0.160718,0.291598,0.0845221,0.158221,0.253022
0.681102,0.629693,0.242299,0.347472,0.0986254,0.776563,0.677263,0.0773232,0.792412,0.530682,0.569568,0.392741,0.064986,0.460851,0.555713,0.546338,0.265599,0.486723,0.52344,0.627093,0.538816,0.784518,0.138934,0.181019,0.284377,0.256142,0.391235,0.357413,0.327228,0.624356,0.489232,0.184324,0.144357,0.241277,0.529581,0.144634,0.153869,0.615877,0.164744,0.194407,0.632957,0.339338,0.34025,0.714483,0.277077,0.603372,0.54045,0.403531,0.947448,0.811757,0.236663,0.612433,0.650095,0.512022,0.31009,0.636824,0.391397,0.945293,0.545333,0.654603,0.697403,0.737708,0.52835,0.574913,0.432001,0.251466,0.567721,0.438071,0.300054,0.376355,0.699646,0.46758,0.141377,0.530655,0.384794,0.321727,0.577423,0.107619,0.344635,0.196906,0.289808,0.168808,0.473692,0.471074,0.307746,0.274587,0.681766,0.15867,0.412908,0.386314,0.749976,0.142903,0.185006,0.336804,0.810171,0.522715,0.788383,0.193881,0.241277,0.529581,0.311653,0.467226,0.36065,0.0593321,0.58231,0.814926,0.482435,0.285698,0.782504,0.873257,0.696712,0.459041,0.460615,0.250066,0.125916,0.302368,0.375887,0.177646,0.306322,0.198729,0.522403,0.159961,0.450565,0.290424,0.530121,1.04181,0.231696,0.0731078,0.476677,0.196609,0.257274,0.23542,0.171506,0.212458,0.339038,0.12841,0.386475,0.588449,0.405094,0.180562,0.202624,0.406342,0.532134,0.232693,0.861677,0.206315,0.668592,0.21124,0.613197,0.0875013,0.496291,0.43114,0.131391,0.777285,0.246842,0.146376,0.398764,0.914462,0.324876,0.216446,0.181791,0.567217,0.426793,0.13253,0.264258,0.212127,0.381055,0.318775,0.582995,0.32117,0.155288,0.233631,0.0521224,0.121289,0.43377,0.365755,0.418704,0.154173,0.280097,0.132147,0.456416,0.220814,0.145758,0.185808,0.250149,0.125834,0.126211,0.716983,0.46271,0.668923,0.180203,0.461643,0.260251,0.387797,0.238591,0.165726,0.226283,0.335722,0.145127,0.182279,0.135761,0.104748,0.211709,0.164427,0.554875,0.56531,0.205889,0.160773,0.351161,0.247696,0.449816,0.365175,0.192804,0.469039,0.242123,0.133807,0.25525,0.158087,0.18108,0.419616,0.283576,0.402378,0.17975,0.261137,0.330933,0.327583,0.305868,0.0251699,0.403762,0.329612,0.180758,0.127464,0.473292,0.347393,0.443714,0.261889,0.402378,0.17975,0.128861,0.214448,0.814168,0.913897,0.442222,0.580213,0.339035,0.230322,0.198816,0.741182,0.219041,0.253827,0.179666,0.0737832,0.441545,0.245421,0.275334,0.531714,0.133026,0.533939,0.163006,0.3161,0.157642,0.592422,0.170455,0.80201,0.200098,0.148166,0.275308,0.2088,0.118113,0.0749789,0.537484,0.243778,0.138465,0.402326,0.233175,0.896661,0.549151,0.799565,0.176044,0.110012,0.125746,0.186519,0.132326,0.441545,0.245421,0.731377,0.349315,0.465415,0.163333,0.35754,0.168116,0.618605,0.701551,0.187477,0.199782,0.191148,0.442888,0.305218,0.196298,0.215996,0.178698,0.331038,0.73921,0.470323,0.16839,0.455545,0.180407,0.19382,0.112342,0.25203,0.115746,0.514767,0.168482,0.209579,0.202838,0.168336,0.233319,0.122548,0.351388,0.319744,0.475378,0.113676,0.160773,0.351161,0.150832,0.53111,0.167164,0.42776,0.0540939,0.263092,0.402723,0.286234,0.119084,0.105698,0.232707,0.0837627,0.260233,0.400548,0.346421,0.50683,0.225429,0.500075,0.408805,0.21442,0.260812,0.275929,0.275833,0.157787,0.083999,0.178832,0.170538,0.162599,0.476358,0.197598,0.130436,0.13615,0.127947,0.229728,0.129143,0.358743,0.346196,0.130303,0.0662282,0.0975482,0.128633,0.260251,0.387797,0.175902,0.164286,0.125407,0.127976,0.0824798,0.296285,0.223595,0.154098,0.0326001,0.224485,0.142438,0.316395,0.0952323,0.531923,0.0310184,0.325408,0.148273,0.162372,0.140973,0.73921,0.470323,0.185195,0.202873,0.363056,0.133463,0.183875,0.116188,0.284781,0.193805,0.883768,0.569965,0.202151,0.148796,0.478306,0.107934,0.143756,0.187959,0.0737174,0.626198,0.110767,0.249738,0.122055,0.232396,0.0807935,0.132996,0.219669,0.088352,0.477679,0.299915,0.174599,0.370717,0.133379,0.0970352,0.224472,0.135012,0.246631,0.153989,0.276479,0.196927,0.182811,0.394061,0.154135,0.0785766,0.176329,0.136078,0.588773,0.219328,0.0950227,0.11467
0.350389,0.396085,0.262191,0.751644,0.200475,0.352796,0.537027,0.125641,0.614368,0.402266,0.457093,0.242899,0.226324,0.533486,0.361369,0.302975,0.181298,0.582308,0.76415,0.599745,0.617018,0.445851,0.151637,0.685161,0.441496,0.157552,0.365475,0.225111,0.225798,0.230998,0.0733708,0.195154,0.15414,0.75968,0.164629,0.330009,0.14751,0.717221,0.333818,0.379809,0.491813,0.382267,0.199862,0.934521,0.923359,0.563121,0.237256,0.587664,0.897654,0.83995,0.668508,0.746668,0.918168,1.00623,0.235675,0.738303,0.744389,0.973189,0.142716,0.391491,0.227902,0.127848,0.462684,0.475941,0.317196,0.170396,0.196911,0.384551,0.11744,0.251819,0.809684,0.547756,0.19964,0.0729276,0.439787,0.648518,0.760055,0.0681404,0.567222,0.164694,0.213364,0.540194,0.434266,0.261472,0.180139,0.268571,0.112501,0.203244,0.587989,0.321273,0.37829,0.107948,0.132688,0.32644,0.533855,0.362371,0.377417,0.211476,0.75968,0.164629,0.335173,0.177203,0.376348,0.0794218,0.287761,0.5099,0.35909,0.38254,0.549817,0.485042,0.961912,0.577687,0.285074,0.765318,0.224566,0.406804,0.359354,0.212422,0.167312,0.274613,0.344897,0.157346,0.219684,0.455221,0.628898,0.80522,0.384893,0.0894331,0.431063,0.234722,0.478517,0.478692,0.177701,0.110563,0.955875,0.179643,0.448309,0.488761,0.294911,0.308492,0.251579,0.867756,0.789308,0.191279,0.228721,0.462913,0.0920136,0.316554,0.653414,0.138046,0.554151,0.382506,0.0859569,0.750528,0.264252,0.26007,0.589888,0.640406,0.500586,0.199468,0.135064,0.532434,0.252364,0.25351,0.548488,0.10881,0.781839,0.509125,0.468132,0.78028,0.118782,0.43657,0.0483567,0.148834,0.250691,0.233172,0.492482,0.130525,0.404203,0.381768,-0.113559,0.304959,0.104339,0.241554,0.245099,0.327559,0.257423,0.377708,0.374141,0.64083,0.179535,0.515565,0.26683,0.458465,0.255378,0.182636,0.505412,0.568099,0.172458,0.224177,0.229805,0.144162,0.249183,0.126246,0.555799,0.45166,0.272241,0.217264,0.215742,0.394625,0.644934,0.351392,0.28176,0.406701,0.372014,0.443167,0.425367,0.146775,0.354943,0.509416,0.302881,0.408569,0.148081,0.324972,0.532716,0.359828,0.243137,0.236207,0.454997,0.374496,0.139077,0.283474,0.262964,0.575404,0.461443,0.446088,0.408569,0.148081,0.248709,0.432049,0.800116,0.684638,0.483118,0.392415,0.665,0.275638,0.229435,0.708671,0.327162,0.352248,0.160258,0.151793,0.106591,0.245258,0.344315,0.711649,0.067624,0.754957,0.268346,0.290882,0.182725,0.493466,0.194896,0.217133,0.29817,0.256317,0.33735,0.349122,0.0989013,0.0733851,0.659587,0.230082,0.193419,0.434199,0.198508,0.851702,0.197327,0.865655,0.183801,0.14605,0.128364,0.205163,0.221209,0.106591,0.245258,0.709002,0.168394,0.333461,0.0485224,0.269938,0.161765,0.560265,0.6943,0.489013,0.30337,0.174348,0.524989,0.354712,0.0837287,0.183181,0.245389,1.65801,0.10133,0.402329,0.149778,0.406359,0.248006,0.274067,0.0991811,0.316484,0.192088,0.563922,0.101865,0.268748,0.458357,0.231013,0.205782,0.156194,0.252014,0.258698,0.483452,0.218745,0.217264,0.215742,0.173675,0.627648,0.110579,0.638361,0.0929597,0.219774,0.280953,0.130184,0.144224,0.120966,0.322233,0.126964,0.233122,0.35741,0.254234,0.194466,0.373389,0.531187,0.431405,0.16579,0.548979,0.303458,0.0603773,0.188604,0.10226,0.283236,0.345742,0.232377,0.510503,0.410185,0.0593898,0.137001,0.147005,0.269913,0.176771,0.59883,0.251524,0.20428,0.0970084,0.160575,0.17108,0.26683,0.458465,0.186439,0.0206658,0.221903,0.216305,0.124575,0.3775,0.311038,0.1254,0.0480456,0.254858,0.19378,0.265522,0.248279,0.332743,0.0368424,0.336965,0.228542,0.196772,0.134465,0.10133,0.402329,0.141145,0.124688,0.472856,0.433159,0.14934,0.202067,0.289887,0.220508,0.779389,0.975502,0.763573,0.308313,0.336719,0.113398,0.187011,0.162363,0.129625,1.00029,0.069963,0.627865,0.221884,0.538528,0.147829,0.312309,0.307741,0.21351,0.276453,0.205541,0.32344,0.599642,0.21394,0.149217,0.149837,0.07121,0.267673,0.326809,0.300038,0.430083,0.206605,0.252247,0.174119,0.151042,0.190816,0.266132,0.599062,0.123159,0.175264,0.158595
0.0182193,0.486962,-0.0238023,0.276468,-0.233435,0.392515,0.115797,0.0928921,-0.147764,0.217619,0.264435,-0.0132355,1.0031,0.406842,0.0944598,0.0260815,0.0367109,0.287867,0.266776,0.911433,1.13022,0.445378,0.19619,0.0562261,0.967922,1.65643,0.53614,-0.185452,-0.253972,0.036775,-0.0168134,0.12697,0.105885,0.0722774,0.10292,0.1312,0.104166,0.854427,1.07453,0.8483,0.0755271,0.160287,0.14377,0.0671896,1.75187,0.0350522,0.326236,0.612923,0.198833,0.240289,0.429415,0.580763,0.554064,0.934319,0.0125627,0.809488,2.21176,0.260073,1.14786,0.249431,0.454655,1.33775,1.6239,2.47707,0.671769,0.342082,0.226262,-0.0867564,0.696872,0.249606,0.0974201,0.237701,-0.00312259,0.375382,0.413852,0.303282,0.346066,0.0595158,0.841101,0.428218,0.548241,0.128216,2.30793,0.00563102,-0.0327773,0.49117,-0.0224016,0.00284332,0.812084,1.00712,0.830001,0.134795,0.033659,0.256967,0.216198,0.0171622,0.128751,0.544901,0.0722774,0.10292,0.00386127,-0.153682,0.000322423,0.0738101,0.190277,0.145744,-0.0799916,0.452492,0.0459779,0.77821,-0.0910735,1.05183,-0.0519589,0.324463,0.179853,0.0923038,0.390777,0.157238,0.271681,0.612363,0.637273,0.0478265,0.184357,0.648813,0.0641507,0.200997,1.16901,0.0684916,0.236731,0.241525,0.565677,0.671806,1.16495,0.163587,0.468552,0.204736,1.63259,0.133799,0.617747,0.250744,0.388494,0.271931,0.689166,-0.0826153,-0.80278,1.13479,0.808025,0.454317,-0.315298,0.0936987,1.18785,0.217262,0.0581858,0.382053,0.10223,0.194965,0.696296,1.21226,0.421728,0.166531,0.398358,0.623208,0.494209,0.175068,0.341875,0.0450031,0.429245,0.120881,0.259393,0.489665,0.487824,0.289953,0.032861,0.0350622,-0.0538984,0.432052,0.201963,0.1811,0.309074,0.102064,0.708417,0.336155,0.0667808,0.211906,0.329467,0.254771,0.322585,0.199881,0.519844,0.281967,0.209312,0.521789,1.13514,0.590113,0.910453,0.191896,0.174382,0.926862,0.0304987,0.198273,0.259264,0.170076,0.129243,0.336466,0.393571,1.673,0.435724,0.373461,1.63674,0.26738,0.827976,0.229763,0.232752,2.0371,0.244621,0.209454,0.348078,0.22027,0.226011,1.03024,0.173719,0.510191,0.251612,0.347596,0.405746,0.365976,0.379086,0.0918902,0.418951,0.584691,0.297377,0.310338,0.494817,1.88164,0.6109,0.798751,0.510191,0.251612,0.190976,0.222285,0.411828,0.631131,0.341285,-0.052972,-0.171785,0.755796,0.305269,0.228024,0.163887,0.417638,0.4526,0.107892,1.10458,0.227264,0.440129,0.534071,0.42274,0.537802,0.118912,0.398561,0.21017,0.205548,0.209051,0.117574,0.351669,0.215814,0.306081,0.0656833,0.111384,0.0440072,0.35432,0.278603,0.474154,0.226878,1.46893,0.58573,-0.173409,0.591298,0.28558,0.102208,0.130427,0.213852,0.0168734,1.10458,0.227264,1.08863,0.366531,0.24833,0.244755,0.643227,0.183327,0.375096,1.14579,-0.0641842,0.228832,0.090951,0.454399,1.12196,0.179539,-0.0138541,0.248355,0.0518457,0.141644,2.10028,0.274873,0.51348,0.180407,0.222848,0.140042,0.341053,0.175476,0.572317,0.109032,0.362089,0.249933,0.349156,0.305102,0.135467,1.10107,0.415854,0.667446,2.03468,0.373461,1.63674,0.171386,0.245409,0.284832,0.713524,0.0359169,0.386132,0.201513,0.0610921,0.245646,0.233337,0.0920295,0.124971,0.575715,0.466957,0.219856,0.247163,0.299484,0.313735,0.665051,-0.0260883,0.339837,0.370835,0.0357532,0.20695,0.104772,0.219709,0.217843,0.389461,0.850105,0.51882,0.214356,0.186375,0.174332,0.34307,0.157959,0.423145,0.216061,0.199669,0.110757,0.100066,0.0753325,1.13514,0.590113,0.210621,0.143745,0.148428,0.22835,0.115916,0.442926,0.429956,0.1272,0.0239315,0.28605,0.237403,0.204586,0.345893,0.439329,0.0133494,0.00738407,0.233597,2.07359,0.295923,0.141644,2.10028,0.0206524,-0.0772141,0.284617,0.22065,0.233525,0.151899,0.819758,0.192464,0.523965,0.567819,0.200076,0.28944,0.3402,0.274215,0.112427,0.138702,0.142229,0.467707,0.0332919,0.321823,0.180102,0.250492,0.101781,0.214381,0.266242,0.122167,2.78948,0.761337,0.108457,0.409576,0.139968,0.0995989,0.148052,0.202673,0.205953,0.274213,0.375964,0.359532,0.218085,1.05054,0.202987,0.127132,0.273168,0.199153,0.628757,0.136921,0.169101,0.309126
0.787138,0.423836,0.280705,0.188077,0.498022,0.710726,0.339103,0.0300749,0.645241,0.359111,0.369611,0.187502,0.312843,0.397068,0.349904,0.235778,0.5102,0.618889,0.588633,0.608674,0.582798,0.526605,0.0313807,0.384138,0.160913,0.342935,0.434993,0.429979,0.483235,0.900381,0.656269,0.282448,0.178977,0.644145,0.536241,0.304678,0.324859,0.548661,0.271874,0.297459,0.462408,0.371508,0.347847,0.812897,0.265715,0.202096,0.57352,0.783901,0.467531,0.582733,0.492513,0.902948,0.829085,1.02276,0.372843,1.01772,0.547647,0.889053,0.582957,0.616389,0.749602,0.473552,0.38447,0.334373,0.540067,0.378387,0.475009,0.525519,0.285044,0.300977,0.540492,0.539754,0.189394,0.540489,0.27674,0.530328,0.570466,0.0440555,0.353787,0.303362,0.289543,0.261051,0.15899,0.311716,0.285973,0.50056,0.497399,0.070867,0.396467,0.599827,0.615736,0.169841,0.121102,0.181556,0.486681,0.276405,0.595384,0.237081,0.644145,0.536241,0.477019,0.175994,0.79521,0.112484,0.390118,0.471801,0.531721,0.534153,0.674194,0.565317,0.46736,0.471714,0.601836,0.240009,0.360873,0.541564,0.311127,0.22682,0.152351,0.384353,0.395935,0.08697,0.0108276,0.286828,0.222989,0.84087,0.233153,0.0879363,0.562154,0.169173,0.123909,0.257344,0.0459158,0.181682,0.240805,0.17506,0.418593,0.341692,0.559534,0.273693,0.340116,0.729826,0.529832,0.612863,0.529894,0.416481,0.842656,0.577228,0.373326,0.154096,0.438641,0.207979,0.0507612,0.593488,0.524299,-0.0194157,0.404111,0.579062,0.297397,0.150183,0.107666,0.662623,0.245286,0.0486929,0.211983,0.0272342,0.334484,0.387957,0.560267,0.248866,0.139829,0.187424,0.214566,0.155819,0.432409,0.318536,0.354285,0.14743,0.314394,0.0278353,0.419792,0.150511,0.205426,0.165101,0.125224,0.29473,0.0827339,0.75821,0.343495,0.462564,0.236946,0.408539,0.463176,0.563597,0.193125,0.219244,0.217046,0.439327,0.186377,0.201479,0.0333102,0.162468,0.125611,0.31961,0.737659,0.669546,0.286325,0.178451,0.22359,0.262854,0.48638,0.792902,0.172415,0.495483,0.227862,0.0667739,0.238075,0.147461,0.134617,0.434551,0.328552,0.366242,0.225023,0.176906,0.362373,0.322647,0.353417,0.0549044,0.366046,0.270959,0.319008,0.0661716,0.44115,0.679594,0.299555,0.337308,0.366242,0.225023,0.218533,0.156009,0.856738,0.302343,0.423989,0.552866,0.543432,0.18545,0.271164,0.734805,0.120296,0.59602,0.121585,0.094288,0.343343,0.23857,0.123238,0.557616,0.109186,0.554332,0.0481282,0.469285,0.211851,0.451386,0.135047,0.0841828,0.266226,0.310222,0.274661,0.190417,0.238366,0.149665,0.715624,0.137261,0.151106,0.250542,0.223553,0.734436,0.889837,0.773962,0.24031,0.179558,0.0722379,0.162898,0.162145,0.343343,0.23857,0.724998,0.338659,0.144515,0.225515,0.529277,0.0270854,0.52292,0.612459,0.388582,0.10095,0.246041,0.451926,0.520441,0.160178,0.142372,0.189598,0.30456,0.367204,0.433152,0.0401212,0.671779,0.249484,0.234231,0.133875,0.426739,0.197378,0.590291,0.136567,0.117935,0.26396,0.204629,0.144754,0.146548,0.276499,0.393335,0.679896,0.232529,0.178451,0.22359,0.232094,0.373825,0.0622177,0.481549,0.0463563,0.205844,0.188883,0.181723,0.0988659,0.0890461,0.320671,0.0877395,0.152236,0.450826,0.19309,0.749048,0.233514,0.744505,0.351258,0.203511,0.209363,0.258651,0.211114,0.173635,0.171114,0.11018,0.208893,0.16438,0.344465,0.313999,0.174022,0.135822,0.192018,0.298393,0.0894581,0.400844,0.391209,0.122914,0.0697928,0.118729,0.173874,0.463176,0.563597,0.275819,0.0936007,0.184597,0.233887,0.0914977,0.356679,0.24103,0.31817,0.0761245,0.20616,0.168138,0.457013,0.0540015,0.437517,0.0444869,0.483796,0.160189,0.197946,0.0894323,0.367204,0.433152,0.278453,0.20732,0.439746,0.18041,0.227959,0.1295,0.135218,0.103979,0.936194,0.51334,0.0195281,0.145322,0.65693,0.17959,0.0991975,0.189739,0.0742352,0.493315,0.0335824,0.278242,0.169024,0.201644,0.0547984,0.110606,0.165404,0.0580494,0.306645,0.17951,0.283489,0.317059,0.144646,0.145071,0.0467961,0.172217,0.439769,0.318757,0.353767,0.334012,0.103794,0.724248,0.147453,0.125429,0.0751929,0.0707788,0.522226,0.07037,0.21702,0.192092
0.381562,0.864471,0.850587,0.019991,0.954876,0.994488,0.588038,0.221651,0.39624,0.593246,0.659641,0.263152,0.559633,0.448781,0.429242,0.400741,0.344537,0.621838,0.183719,0.358964,0.124603,0.465801,0.0178918,0.218684,1.02065,0.839452,0.390217,0.541966,0.721471,0.534567,0.586719,0.4009,0.228562,0.489704,0.450011,0.560153,0.282018,0.45149,0.919616,0.82721,0.0962212,0.904859,0.686291,0.399429,0.480335,0.303229,0.800346,0.165528,0.0011493,0.157519,0.153369,0.163072,0.207607,0.353894,0.535425,0.335153,0.118933,0.693659,0.892312,0.436662,0.624154,0.516649,0.39092,0.334607,0.622853,0.244908,0.755732,0.345926,0.474823,0.447331,0.318304,0.281323,0.105801,0.548669,0.0095878,0.701857,0.517016,0.197621,0.313263,-0.0585712,0.127028,0.185068,0.210121,0.208048,0.283914,0.217862,0.477234,0.560117,0.0899183,0.476375,0.533619,0.173291,0.253804,0.592809,0.677522,0.327652,0.857674,0.498556,0.489704,0.450011,0.650251,0.478259,0.285563,0.302851,0.258756,0.748397,0.123406,0.110337,0.517477,0.56814,0.0897246,0.429016,0.734138,0.111699,0.222728,0.344435,0.170876,0.0832978,1.2714,0.356114,0.235205,0.167842,0.176974,0.123554,0.216954,0.651265,0.496936,0.169394,0.908763,0.484159,0.253545,0.00588312,0.527628,1.10756,0.0604501,0.0673259,1.17497,0.136972,0.210539,0.194849,0.307585,0.538639,0.38484,0.715819,0.570092,0.302454,0.651218,0.377457,0.587473,0.080093,0.372566,0.253644,0.373719,0.75519,0.182628,0.0260734,0.169676,0.203063,0.101795,1.3455,0.0350489,0.522516,1.19156,0.0012436,-0.0339685,0.138538,0.117316,0.214109,0.407739,0.107408,0.066482,0.154902,0.0266405,0.14657,0.320031,0.297471,0.27384,0.243679,0.223188,0.050399,0.395094,0.115965,1.03956,0.094751,0.29469,0.723791,1.6543,0.667201,0.555759,0.236677,0.171685,0.373364,0.339155,0.492927,0.9377,0.197828,0.592488,0.40543,0.191452,0.120463,0.00249971,0.139901,0.279251,0.147714,0.344383,0.776351,0.0472446,0.3593,0.333473,0.15571,0.435878,0.490724,0.100082,0.320005,-0.029108,0.064869,0.328418,0.220175,0.147634,0.378144,0.470397,0.60532,0.163595,0.140717,0.132558,2.54274,0.357446,0.00813561,0.213297,0.187149,0.46828,0.140592,0.114121,0.460469,0.186804,0.275575,0.60532,0.163595,0.237119,0.282636,0.885344,0.243928,0.615037,0.0837696,0.60569,0.937048,0.0473744,0.698952,0.124339,0.708725,0.215277,0.103261,0.230182,0.525836,0.232885,0.404141,1.57091,0.38177,0.389477,0.201807,0.131564,0.356232,1.212,0.0649421,0.159387,0.0894217,0.237569,0.0317041,0.0297273,0.0923507,0.752338,0.308548,0.252837,0.246389,0.236246,0.917326,0.796168,0.901657,0.174252,0.0463718,0.0931255,0.164142,0.240443,0.230182,0.525836,0.6141,0.302938,0.57038,0.167573,0.149165,0.0732577,0.699257,0.653962,0.182772,0.0871927,0.233591,0.21928,0.37528,0.285627,0.21722,0.129806,0.128014,0.434491,0.292423,1.5472,1.10211,0.160611,0.455791,0.276764,0.760761,0.191693,0.38225,0.134278,0.285493,0.38117,0.15881,0.968527,0.168535,0.266394,0.189903,0.459803,0.172928,0.3593,0.333473,-0.0328841,0.862157,1.72693,0.208442,0.0600294,0.119488,0.956811,0.121232,0.00532448,0.21472,0.209835,0.226805,1.04128,0.38785,0.078903,0.355548,0.0584568,0.62201,0.650061,0.298405,0.393618,0.299372,0.213764,0.146473,0.067464,0.302205,0.428186,0.228991,0.962027,0.365094,0.215539,0.109064,0.172291,0.235609,0.0341245,0.495053,0.484887,0.0906452,0.0748287,0.1256,0.132634,0.339155,0.492927,0.0773691,0.216149,0.113568,0.0548846,0.176141,0.0519363,0.468418,0.549797,0.0485008,0.276044,0.137128,0.202518,0.184806,0.248262,0.0132613,0.497418,0.170671,0.187858,1.29572,0.434491,0.292423,0.344338,0.119873,0.663715,0.0892877,0.284971,0.0539343,1.278,-0.0493835,0.92029,0.029612,0.502544,0.121037,0.223345,0.1437,0.188006,0.210518,0.135005,-0.107918,0.157539,0.332794,0.0482931,0.0744641,0.0959607,0.0485576,0.796028,0.213977,0.281384,0.273051,0.0322971,0.43304,0.09127,0.161234,0.268609,0.200161,0.293134,0.365006,0.35411,0.483465,1.60143,0.229726,0.379368,0.142827,0.226333,0.0506474,0.243407,-0.0133998,0.180277,0.276309
0.80452,0.451935,0.183855,0.422917,0.275136,0.588917,0.666785,0.054665,1.12254,0.621937,0.709326,0.55377,0.141525,0.456578,0.380321,0.417834,0.282826,0.338428,0.321202,0.621971,0.770718,0.540675,0.235668,0.120785,0.25762,0.156891,0.572884,0.514718,0.615099,0.602394,0.465392,0.63736,0.61235,0.399601,0.437394,0.145142,0.137408,0.345178,0.0880774,0.135484,0.598848,0.262803,0.244051,0.172073,0.222137,0.393197,0.51892,0.646376,0.518421,0.554212,0.251295,0.540172,0.476925,0.655362,0.271794,0.660059,0.349862,0.949746,0.705859,0.975065,0.950489,0.713006,0.538413,0.456945,0.56391,0.460516,0.56657,0.345871,0.275373,0.255392,0.525942,0.423537,0.28209,0.477644,0.555833,0.514896,0.487621,1.4217,0.247828,0.266131,0.449959,0.273112,0.459706,0.252322,0.458989,0.289668,0.732309,0.140069,0.462135,0.398091,0.509973,0.20706,0.176516,0.189342,0.638184,0.523716,0.80216,-0.00661392,0.399601,0.437394,0.393607,0.369249,0.363188,0.360408,0.353937,0.82187,1.02036,0.336922,0.639377,0.770703,-0.0369343,0.533498,0.739988,0.345727,0.0713166,0.24133,0.556894,0.286296,0.197604,0.176994,0.756778,0.324928,1.07817,0.227519,0.341595,0.949093,0.177454,0.0928675,0.254677,0.164669,0.190154,0.362825,0.194393,0.240639,0.101999,0.214196,0.271535,0.348382,0.641046,0.207887,0.338251,0.569585,0.521523,0.0519953,0.67064,0.103894,0.731002,0.477496,0.410408,0.0853396,0.319879,0.708914,0.0607761,0.611546,0.517151,0.0789793,0.426195,0.793782,0.433214,0.0271921,0.174237,0.658126,0.331528,0.115135,0.226165,0.101109,0.454312,0.19647,0.446298,0.0806584,0.128095,0.292416,0.0318309,0.266183,0.377767,0.544824,0.201793,0.13851,0.442217,0.250989,0.688092,0.36976,0.249683,0.290413,0.297836,0.358184,0.19899,0.536378,0.405283,0.502849,0.265104,0.556409,0.327649,0.425484,0.22521,0.224896,0.473752,0.202139,0.122845,0.176938,0.0888426,0.13128,0.463998,0.17788,0.398728,0.438309,0.217234,0.174323,0.239337,0.412044,0.490968,0.225218,0.293642,0.45251,0.158081,0.169627,0.347215,0.176958,0.279904,0.284881,0.316677,0.52589,0.194102,0.366505,0.228897,0.294126,0.42538,0.110539,0.431143,0.333719,0.273262,0.20563,0.330035,0.481845,0.920219,0.117549,0.52589,0.194102,0.338063,0.306733,0.759085,0.115141,0.493704,0.834611,0.366489,0.256328,0.20298,1.02959,0.292427,0.404434,0.460927,0.0084188,0.543892,0.379516,0.331924,0.523862,0.227833,0.544286,0.2411,0.415727,0.190616,0.765062,0.23244,0.114267,0.333417,0.198,0.343148,0.156119,0.18658,0.169511,0.499828,0.204102,0.098987,0.247873,0.310117,0.814495,0.42685,0.728057,0.266655,0.136688,0.147534,0.254947,0.122882,0.543892,0.379516,0.851189,0.400974,0.263092,0.134759,0.606362,0.0329126,0.73529,0.81254,0.300707,0.164684,0.29043,0.431564,0.436276,0.297288,0.0162616,0.227679,0.244731,0.579105,0.289019,0.067949,0.507284,0.150504,0.212499,0.192548,0.389402,0.0418166,0.595208,0.28058,0.179901,0.182131,0.137631,0.17424,0.103868,0.235296,0.306295,0.616905,0.298816,0.174323,0.239337,0.225538,0.372519,0.0709801,0.457325,0.0938815,0.273434,0.259313,0.0652745,0.222463,0.120517,0.320618,0.0741026,0.188514,0.374542,0.26606,0.593045,0.327215,0.79883,0.656939,0.138468,0.385522,0.410078,0.196477,0.17813,0.0062356,0.276053,0.402683,0.1824,0.463025,0.247768,0.10118,0.108845,0.216158,0.407689,-0.0265712,0.376792,0.0534751,0.13431,0.0479761,0.117483,0.176097,0.327649,0.425484,0.185564,0.12039,0.0591512,0.233365,0.0391968,0.142897,0.2266,0.410228,0.141034,0.115185,0.125937,0.269502,0.118105,0.136514,0.0576059,0.367548,0.234549,0.0424178,0.0708105,0.579105,0.289019,0.232599,0.133038,0.432042,0.159904,0.145228,0.156486,0.198514,0.317884,0.840417,0.466756,0.120218,0.449203,0.0801407,0.109461,0.179077,0.135206,0.093948,0.442667,0.0295762,0.269219,0.129719,0.217511,0.0868683,0.138454,0.218084,0.132741,0.297331,0.35704,0.223133,0.428533,0.080424,0.0704527,0.151282,0.141544,0.350468,0.217758,0.358466,0.354821,0.219567,0.573447,0.2104,0.032261,0.215418,0.154521,0.186677,0.34736,0.146879,0.0905086
0.492958,0.130437,0.136475,0.898997,0.000624813,0.216489,0.631738,0.0489637,0.508507,0.172735,0.12992,0.409387,0.0166079,0.289311,0.387981,0.306083,-0.0187965,0.514544,0.473956,0.409698,0.401968,0.440209,0.350039,0.734235,1.33566,0.244221,0.291255,0.0690845,0.359639,0.169545,0.13813,0.261715,0.173803,0.0482541,0.27616,0.193795,0.177202,0.37268,0.0767407,0.0902137,0.322655,0.282897,0.228686,0.796182,0.583258,0.288009,0.444258,0.573792,0.168464,0.254118,0.587064,0.373568,0.00232034,0.482964,0.0425449,0.391363,0.206185,0.746055,0.267082,0.240317,0.277441,0.0917884,0.379702,0.350576,0.33759,0.227237,0.441594,0.207267,0.253898,-0.00172551,0.635313,0.471732,0.207123,0.346226,0.491551,0.194428,0.478469,0.258762,0.28985,0.240095,0.269613,0.252651,0.326716,0.218107,0.220386,0.329721,0.187622,0.192733,0.222565,0.243826,0.302056,0.120087,0.141137,0.85176,0.348164,0.374076,0.563945,0.173443,0.0482541,0.27616,0.185067,0.21828,0.224218,0.49209,0.226831,0.406513,0.211447,0.205157,0.451372,0.303122,0.540864,0.406469,0.317608,1.1297,0.846783,0.306192,0.451672,0.256203,0.636332,-0.0054026,0.421414,0.259021,0.331275,0.973652,0.248477,0.642494,0.19824,0.0826089,0.289777,1.04391,0.306132,0.0575849,0.410852,1.57012,0.12945,0.445251,0.567531,0.634096,0.315249,0.420606,0.920887,0.583734,0.936865,0.272919,0.191556,0.284518,0.307457,0.711074,0.117067,0.128151,0.293025,0.265592,0.0584772,0.440418,0.193464,0.633874,0.368386,0.913002,0.851782,0.582097,0.246988,0.362536,1.04923,0.690414,1.09052,0.124867,1.34961,0.238523,0.301077,0.115165,0.196667,0.835117,0.0428779,0.136918,0.17412,0.45395,0.273276,0.10978,0.668876,0.710627,-0.0333424,0.45686,0.326174,0.426784,0.456815,0.606285,0.759442,0.423609,0.378847,0.893428,0.449965,0.684526,-0.0724781,1.00568,0.941834,0.559715,0.899582,0.287898,0.0358658,0.287082,0.642204,0.321283,0.0882736,0.159432,0.00834774,0.229912,0.390334,0.12328,0.362709,0.678866,0.562042,0.390088,0.377925,0.194188,0.0940882,1.27973,1.00523,0.0715454,0.187533,0.284766,0.521078,0.348821,0.157208,0.731182,0.779214,0.706362,-0.0169867,0.123939,0.666698,0.69688,0.134741,0.20548,0.261535,0.576321,0.323349,0.228567,0.348821,0.157208,0.278757,1.0543,0.547347,0.145825,0.0744251,0.329631,0.409456,0.966497,0.726244,0.625836,0.331438,0.772822,0.366831,0.094413,0.0345668,0.376327,0.248111,0.922738,1.73777,0.850311,0.281747,0.53402,0.2163,0.785064,1.3375,0.177618,0.549899,0.215244,0.31195,0.355783,0.286028,0.0854945,0.663317,0.394099,0.405108,0.543275,0.109901,0.700944,0.08789,0.66397,0.248778,0.185534,0.092419,0.117272,0.20534,0.0345668,0.376327,0.522196,-0.101817,0.251364,0.0951693,0.250154,0.220862,0.323872,0.401986,-0.0243529,-0.0616884,0.127595,0.748831,0.264189,0.110381,0.251328,0.10988,0.186331,0.264783,0.133811,0.58259,1.18282,0.167481,0.867293,0.224082,0.52192,0.275732,0.470642,0.310084,0.287474,0.500459,-0.0189319,1.04759,0.369587,0.32316,0.475384,0.40052,0.142359,0.12328,0.362709,0.376716,0.579906,0.507825,0.314182,0.0489845,0.208776,0.415948,0.0989799,0.0641666,0.281165,0.414536,0.111637,0.873362,0.188529,0.0886632,1.18373,0.548054,0.523767,0.475772,0.245891,0.832842,0.358426,0.19387,0.186329,0.288561,0.603966,0.595944,0.231538,1.14604,1.51693,0.259159,0.18146,0.203444,0.377818,0.23683,0.482078,0.169885,0.146425,0.123944,0.198518,0.120626,-0.0724781,1.00568,0.258842,0.00803355,0.12175,0.132394,0.0538554,0.637528,1.60395,0.151559,0.0441649,0.359931,0.162025,0.10932,0.861245,0.411138,0.0307832,0.156888,0.246791,0.203012,1.39571,0.264783,0.133811,0.205945,0.0492869,0.849477,0.319864,0.23104,0.26396,0.784711,0.237967,0.711633,0.150747,0.567137,0.281418,0.205858,0.160798,0.288985,0.169714,0.0788711,0.124816,0.122561,0.240965,0.136642,0.58067,0.0878498,0.0899267,1.01841,0.182044,0.248525,0.225982,0.277672,1.34263,0.216703,0.140551,0.326446,0.235017,0.288282,0.360873,0.281137,0.470035,1.06156,0.551515,0.180589,0.0570958,-0.00300608,0.145859,0.787174,0.550757,0.146225,0.164818
0.581255,0.472751,0.479214,0.302638,0.712993,0.703464,0.0757824,0.10752,0.581535,0.189783,0.204276,0.0453098,0.395467,0.355346,0.526225,-0.0208983,0.260429,0.480956,0.67491,0.814951,0.620228,0.35249,0.191964,0.305118,0.287555,0.446514,0.502871,0.109468,0.0406238,0.584262,0.544057,0.222465,0.132093,0.736481,0.596942,0.316029,0.251233,0.713661,0.423026,0.362049,0.488456,0.570103,0.423012,0.848586,0.230466,0.324507,0.259155,0.473455,0.839789,0.814787,0.463711,0.625092,0.648339,0.72814,0.258853,0.705921,0.233605,0.869234,0.468788,0.594761,0.491381,0.697637,0.0328011,0.125543,0.432001,0.192574,0.0429909,0.782232,0.377941,0.153157,0.572291,0.432045,0.26051,0.417742,0.249256,0.697974,0.179947,0.00276166,0.0156266,0.480861,0.513072,0.0243953,0.0587235,0.353956,0.320607,0.398858,0.538227,0.0791928,0.672093,0.59078,0.791777,0.0481772,0.405174,0.584067,0.43832,0.106523,0.728815,0.279069,0.736481,0.596942,0.620033,0.359556,0.566527,0.104724,0.266563,0.770338,0.45396,0.177422,0.586308,0.49825,0.930562,0.0144032,0.610951,0.271327,0.599823,0.664456,0.357907,0.0954786,0.14151,0.667941,0.421959,0.163169,0.163481,0.511703,0.153681,0.744079,0.0285787,0.137439,0.737872,0.212591,0.148888,0.658265,0.0522886,0.0659846,0.133725,0.171102,-0.00871011,0.306239,0.52393,0.332818,0.296895,0.636027,0.741339,0.722416,0.463984,0.0516024,0.584601,0.293795,0.830185,0.243025,0.0885737,0.801124,0.141043,0.74099,0.15256,0.224331,0.603966,0.813865,0.437699,0.380447,0.321748,0.579879,0.342674,0.182366,0.24011,0.0935315,0.333849,0.125153,0.1003,0.131277,0.788028,0.300577,0.0377125,0.48546,0.461726,0.303955,0.0653652,0.257382,0.321643,0.11501,0.360115,0.161008,0.629099,0.149735,0.232087,0.297219,0.205034,0.716146,0.36291,0.45844,0.190966,0.535247,0.462877,0.466347,0.307077,0.113651,0.172931,0.0647903,0.199238,0.211887,0.203797,0.116733,0.152747,0.768894,0.572034,0.730914,0.302449,0.357528,0.141508,0.371744,0.587214,0.833296,0.238738,0.14254,0.264387,0.176533,0.288506,0.231993,0.263819,0.0586277,0.534378,0.735573,0.206523,0.316078,0.1958,0.265806,0.70229,0.194522,0.488074,0.250314,0.628822,0.253287,0.430732,0.770226,0.521166,0.0524212,0.735573,0.206523,0.300626,0.153786,0.922523,0.607337,0.561711,0.749165,0.517054,0.661638,0.205903,0.789475,0.195993,0.334296,0.0591034,0.14423,0.345328,0.2734,0.450439,0.590925,0.16994,0.564524,0.269449,0.358677,0.179809,0.529922,0.133332,0.145378,0.39328,0.333719,0.219994,0.294279,0.241001,0.25683,0.71224,0.33222,0.336808,-0.0428605,0.589571,0.94645,0.507335,0.930297,0.223911,0.143767,0.196786,0.37371,0.3361,0.345328,0.2734,0.707146,0.407,0.58037,0.295276,0.487783,0.139355,0.693001,0.636617,0.523037,0.161666,0.671541,0.49776,0.784402,0.354566,0.417053,0.268342,0.610659,0.596172,0.433208,0.0781658,0.449457,0.184121,0.131606,0.172137,0.211712,0.337169,0.766628,0.235265,0.274457,0.437736,0.170982,0.1957,0.114814,0.0455603,0.311799,0.555315,0.574477,0.357528,0.141508,0.179137,0.00240417,0.0889847,0.546336,0.124081,0.412712,0.0881028,0.37289,0.215233,0.18425,0.16964,0.15787,0.0867977,0.606428,0.182167,0.474948,0.4194,0.739163,0.416169,0.551854,0.28774,0.402961,0.431544,0.127871,0.456585,0.323463,0.219696,0.239081,0.413442,0.367225,0.356133,0.287618,0.139545,0.329099,0.287324,0.513665,0.117863,0.226842,0.163773,0.176696,0.154335,0.462877,0.466347,0.248649,0.236618,0.212224,0.158608,0.215917,0.343901,0.2434,0.0718021,0.128063,0.318157,0.477319,0.259538,0.138971,0.327084,0.164495,0.884277,0.149819,0.253613,0.0759511,0.596172,0.433208,0.506363,0.634744,0.684962,0.187713,0.360694,0.235375,0.558255,0.156424,0.938659,0.211811,0.174298,0.166254,1.03543,0.141845,0.198915,0.227006,0.102283,0.197791,0.425537,0.3105,0.307967,0.204211,0.167378,0.172553,0.144865,0.117977,0.196784,0.0824844,0.459524,0.369582,0.284627,0.222459,0.346349,0.176614,0.897002,0.264495,0.757518,0.337513,0.0583441,0.278056,0.167459,0.26514,0.451471,0.0993066,0.377598,0.109101,0.14194,0.344991
0.807321,0.548257,0.220859,0.360046,0.401212,0.924899,-0.00148521,0.0293729,0.479326,0.31471,0.33678,0.0461331,0.367583,0.202302,0.0103952,0.0953755,0.196519,0.558864,0.935979,0.663418,0.410933,0.465191,0.301759,0.404604,0.236341,0.105713,0.466954,0.438999,0.36967,0.362469,0.447316,0.372487,0.208272,0.659881,0.491736,0.143516,0.0626678,0.416108,0.286323,0.289183,0.690891,0.394283,0.234316,0.490711,0.200979,0.0907601,0.275494,0.387087,0.615262,0.616363,0.423083,0.44193,0.346996,0.414735,0.286392,0.436128,0.607465,0.695671,0.604161,0.741618,0.743513,0.542448,0.664772,0.551761,0.487935,-0.043537,0.0213316,0.335661,0.335147,0.384137,0.977564,0.721882,0.320276,0.271031,0.514651,0.751341,0.721932,0.722552,0.573378,0.144626,0.422658,0.295094,0.335769,0.220329,0.288843,0.288864,0.630747,0.0367441,0.412489,0.521655,0.569788,0.0992613,0.0995931,0.374667,0.858737,0.157535,0.809841,0.0674846,0.659881,0.491736,0.443405,0.892084,0.0697195,0.1737,0.51627,0.931268,0.485318,0.221445,0.463259,0.668145,0.64293,0.496435,0.71612,0.300437,0.0386535,0.258939,0.489709,0.19655,0.00695309,0.380508,0.512197,0.122339,0.264725,0.286954,0.264055,0.649817,0.233275,0.0755908,0.455656,0.135163,0.312058,0.293638,0.103945,0.130278,0.121341,0.181664,0.714881,0.257994,0.455331,0.258738,0.273522,0.586083,0.469967,0.283975,0.641556,0.444543,0.740088,0.462811,0.54688,0.126324,0.63861,0.478424,0.036263,0.857197,0.503782,0.0857774,0.475919,0.898844,0.347041,0.13593,0.197074,0.808457,0.314386,0.0631177,0.303176,0.0725699,0.388581,0.664145,0.552926,0.142881,0.238338,0.248609,0.0171279,0.194728,0.287764,0.548614,0.476237,0.179686,0.356841,0.121669,0.625947,0.255972,0.189669,0.237849,0.320786,0.210182,0.315161,0.758084,0.38173,0.433728,0.119339,0.528282,0.399836,0.4116,0.131861,0.176314,0.362465,0.614962,0.194318,0.208841,0.0459994,0.0958956,0.111832,0.244483,0.270466,0.807548,0.220832,0.197672,0.34471,0.345513,0.554528,0.455683,0.80947,0.446002,0.217165,0.24671,0.317993,0.155886,0.300221,0.518738,0.189862,0.617084,0.220032,0.192331,0.503119,0.265925,0.474141,0.0886497,0.415063,0.225705,0.0842856,0.144944,0.520155,0.445,0.442279,0.440922,0.617084,0.220032,0.225024,0.219552,0.993512,0.806326,0.525933,0.686602,0.561089,0.166117,0.174972,0.807162,0.203956,0.422884,0.112064,0.11755,0.398187,0.213433,0.265284,0.509251,0.163139,0.532355,0.177764,0.372271,0.121728,0.417728,0.194107,0.111467,0.252798,0.202698,0.225322,0.251307,0.184632,0.128679,0.74107,0.282287,0.227629,0.603188,0.28928,1.03375,0.335338,0.965236,0.218265,0.106351,0.0995565,0.228942,0.119249,0.398187,0.213433,0.872444,0.476929,0.204441,0.168294,0.505743,0.0965884,0.788425,0.756519,0.375228,0.270692,0.287525,0.444995,0.498704,0.099661,0.164361,0.194414,0.324071,0.463054,0.385889,0.0788882,0.504919,0.17406,0.194888,0.158604,0.253406,0.150669,0.624042,0.161682,0.199307,0.182502,0.244757,0.188629,0.0437602,0.373071,0.159202,0.623026,0.266395,0.197672,0.34471,0.207321,0.810426,0.0767678,0.473707,0.0616117,0.342534,0.364566,0.118886,0.195798,0.114742,0.21747,0.0465104,0.199679,0.407369,0.159939,0.406563,0.331816,0.780004,0.35885,0.203712,0.153096,0.323845,0.372634,0.226043,0.0863922,0.20593,0.316781,0.174596,0.393191,0.251423,0.0658569,0.141857,0.099016,0.318194,0.115235,0.391947,0.296406,0.129896,0.0727308,0.101301,0.142378,0.399836,0.4116,0.139507,0.0962527,0.122528,0.0895774,0.0766417,0.423994,0.22528,0.19652,0.0840621,0.167444,0.132745,0.457272,0.116052,0.430137,0.0411564,0.523165,0.123378,0.282391,0.0786808,0.463054,0.385889,0.286052,0.0565235,0.451141,0.294536,0.0813767,0.106561,0.189934,0.191185,0.945102,0.337838,0.13855,0.282186,0.523228,0.146794,0.157176,0.188584,0.0574624,0.350851,0.0386099,0.359171,0.150875,0.310928,0.0388425,0.0401075,0.290899,0.0893294,0.419472,0.246148,0.114856,0.224447,0.109793,0.0905416,0.196045,0.0367355,0.330619,0.326859,0.503357,0.221787,0.20832,0.615204,0.145618,0.166311,0.32751,0.114739,0.632896,0.194051,0.206825,0.152724
0.472351,0.782027,0.580024,0.318104,0.716217,0.745232,0.740996,0.0987241,0.660232,0.81891,0.872648,0.665828,0.435403,0.736033,0.47331,0.708159,0.348227,0.251734,0.249553,0.110438,0.352313,0.659157,0.213323,-0.0091474,0.878611,0.617854,0.294499,0.699764,0.712198,0.756656,0.579659,0.272945,0.188214,0.657009,0.319356,0.310468,0.156598,0.131399,0.524657,0.557862,0.24229,0.596452,0.393501,0.498283,0.195987,0.726029,0.666912,0.429674,0.45141,0.554162,0.24611,0.42553,0.548762,0.47634,0.288723,0.439822,0.455163,0.820563,0.932838,0.551921,0.639841,0.547985,0.73594,0.621596,0.366633,0.635988,0.742758,0.671688,0.473809,0.766671,0.282595,0.238075,0.103893,0.552234,0.364771,0.563593,0.660223,0.25397,0.402101,0.0788896,0.395612,0.853184,0.532096,0.0917245,0.595502,0.261471,0.426372,0.304185,0.112092,0.674467,0.355863,0.380082,0.243505,0.522365,0.625056,0.599982,0.829391,0.386434,0.657009,0.319356,0.520364,0.640673,0.313697,0.158184,0.256411,0.741516,0.499451,0.196026,0.60722,0.481435,0.0197029,0.628949,0.443927,0.390202,0.161072,0.181699,0.353652,0.277708,0.350616,0.285461,0.626551,0.0777317,0.438303,0.276034,0.260953,0.787748,0.281041,0.213964,0.310876,0.477562,0.346049,0.0575932,0.1059,0.334304,0.111114,0.198697,0.750108,0.338717,0.494614,0.0614975,0.278821,0.662373,0.504292,0.195339,0.619264,0.346018,0.727283,0.43437,0.208795,0.0331127,0.445651,0.68578,0.0351364,0.694536,0.263776,0.0590957,0.143328,0.428315,0.418641,0.382739,0.0997503,0.727752,0.601778,0.0602715,0.318084,0.0498883,0.560675,0.355869,0.550007,0.121305,0.52502,0.274966,0.0122014,0.0374018,0.465485,0.263386,0.358417,0.199,0.456169,0.204728,0.781892,0.283545,0.343317,0.243207,0.273126,0.733549,0.499245,0.627344,0.605613,0.49037,0.296232,0.404793,0.367289,0.660403,0.695584,0.252704,0.565321,0.442559,0.0979034,0.149791,0.0893962,0.0984453,0.559717,0.574572,0.410715,0.823088,0.150456,0.167823,0.324928,0.42293,0.187339,0.271848,0.173559,0.503955,0.0813392,0.170579,0.394858,0.0915766,0.124128,0.434141,0.250986,0.125654,0.389566,0.294682,0.401139,0.415636,0.508243,0.0472615,0.443299,0.41722,0.0550787,0.170542,0.205943,0.606663,0.393405,0.284713,0.125654,0.389566,0.0623247,0.420283,0.807777,0.117627,0.448912,0.317525,0.625846,0.196116,0.262724,0.732154,0.19589,0.450117,0.49717,0.0562913,0.321451,0.247357,0.130444,0.541665,0.344294,0.546264,0.153826,0.268996,0.098259,0.349574,0.336784,0.121181,0.409261,0.161933,0.270833,0.0535379,0.0439173,0.0461352,0.44529,0.139359,0.15219,0.431658,0.381074,0.838406,0.454496,0.890242,0.180382,0.0692577,0.137704,0.103641,0.144126,0.321451,0.247357,0.833408,0.611882,0.359644,0.0964825,0.417393,0.113518,0.669785,0.924651,0.274223,0.0992992,0.411743,0.43517,0.588358,0.00207345,0.225193,0.11042,0.173723,0.485412,0.207219,0.241412,0.613162,0.0870366,0.214725,0.0627161,0.200889,0.0694539,0.206452,0.115597,0.215726,0.178605,0.14284,0.319551,0.0923269,0.268467,0.375748,0.375545,0.256727,0.167823,0.324928,0.156218,0.558838,0.268516,0.293928,0.0947153,0.186619,0.41446,0.0514079,0.0797781,0.136638,0.140438,0.0583602,0.301677,0.493525,0.111372,0.399121,0.367271,0.723403,0.47136,0.163499,0.466624,0.289485,0.300443,0.147347,0.0859703,0.266146,0.589021,0.169126,0.87626,0.326463,0.147269,0.085845,0.126997,0.0962337,0.102339,0.24494,0.580364,0.0962316,0.0641408,0.0510216,0.0728512,0.367289,0.660403,0.0271421,0.077544,0.0497016,-0.00127817,0.117021,0.246674,0.296657,0.418554,0.0159702,0.115292,0.114681,0.111591,0.283118,0.214534,0.0352629,0.500031,0.155648,0.0974518,0.265192,0.485412,0.207219,0.326516,-0.0107464,0.493601,0.335483,0.116199,0.0635451,0.607252,0.260371,0.827536,0.411499,0.207086,0.157184,0.0951064,0.0343888,0.16651,0.24754,0.0778414,0.408752,0.0705037,0.111275,0.0582202,0.173866,0.151866,0.142044,0.344354,0.122198,0.272947,0.161507,0.574726,0.493133,0.0501771,0.0646828,0.177849,0.126063,0.366707,0.172127,0.417245,0.345262,0.429541,0.468089,0.246008,0.0783539,0.107943,0.0465161,0.345158,0.122186,0.128328,0.0981511
0.497461,0.660181,0.420627,0.0540675,0.599116,0.239416,0.3392,0.0625013,0.464577,0.27687,0.259529,0.172849,0.26987,0.357318,0.37565,0.300821,0.381598,1.19999,0.823133,0.470751,0.605253,0.435451,0.197327,0.769545,7.9549e-05,0.456137,0.356448,-0.0156632,0.0171888,0.210803,0.0631034,0.257784,0.179317,0.611243,0.179923,0.501078,0.306294,0.852548,0.552266,0.491258,0.282977,0.536653,0.370612,0.970646,0.519432,0.376213,0.919805,0.711513,0.568476,0.595115,0.672311,0.657173,0.512761,0.868481,0.261565,0.752528,0.793577,0.87659,0.585741,0.289855,0.462195,0.517262,0.393585,0.331854,0.437351,0.618268,0.76194,0.384438,0.444041,0.820348,0.742524,0.538286,0.237127,0.421677,0.256657,0.72641,0.676145,0.075626,0.391494,0.496926,0.347609,0.347769,0.240359,0.258202,0.227908,0.39028,0.187572,0.0747131,0.599176,0.393704,0.517709,0.149747,0.225162,0.216487,0.504926,0.388679,0.506307,0.159515,0.611243,0.179923,0.443323,0.201391,0.387282,0.0612892,0.291312,0.708981,0.363944,0.179497,0.798643,0.480843,0.645991,0.504974,0.452259,0.290939,0.208266,0.542279,0.343833,0.383849,0.104734,0.374281,0.119492,0.119953,0.1885,0.356143,0.251704,0.856532,0.134008,0.0478804,0.813849,0.0747521,0.289656,0.506905,0.0390915,-0.0380151,0.508773,0.110981,0.392461,0.321994,0.531252,0.252278,0.15627,0.950293,0.417451,0.431205,0.313342,0.37154,0.389681,0.360169,0.580776,0.100487,0.382485,0.583724,0.139894,0.719713,0.963246,0.10753,0.453352,0.496151,0.529387,-0.0279579,0.111805,0.598927,-0.0783147,0.112722,0.219469,0.137911,0.48811,0.329823,0.475091,0.468228,0.23362,0.154425,0.175755,0.175052,0.235067,0.322796,0.284843,0.0966685,0.404714,0.196481,0.291829,0.30251,0.158198,0.20193,0.355718,0.451963,0.475737,0.74703,0.348427,0.485402,0.477614,0.496758,0.3835,0.744146,0.0474497,0.283924,0.43521,0.500223,0.178451,0.153048,0.234869,0.0608899,0.183764,0.263816,0.435987,0.623757,0.40052,0.150526,0.228947,0.477762,0.394627,0.391243,0.205441,0.434937,0.242257,0.20656,0.350327,0.270743,0.171238,0.501705,0.0932741,0.485343,0.330184,0.347465,0.38828,0.0877319,0.459526,0.0769257,0.348148,0.0845968,0.263204,0.184757,0.333286,0.691801,0.363276,0.369587,0.485343,0.330184,0.106597,0.269829,0.839482,0.249457,0.289851,0.581223,0.552902,0.068249,0.394726,0.762688,0.251772,0.529294,0.269159,0.052684,0.296988,0.252892,0.393721,0.5001,-0.00784053,0.417992,0.142029,0.420654,0.137077,0.412267,0.0802585,0.0854661,0.347492,0.139297,0.181434,0.121795,0.176245,0.103876,0.727821,0.05843,0.174133,0.29832,0.38994,0.891305,0.657875,0.857069,0.16772,0.245578,0.131913,0.034694,0.0330773,0.296988,0.252892,0.871763,0.287385,0.190101,0.103546,0.451515,0.0627007,0.380505,0.825824,0.563264,0.333602,0.443676,0.452064,0.767215,0.12982,0.168099,0.145783,0.262401,0.372629,0.0634803,-0.041016,0.658312,0.124975,0.0753036,0.0712611,0.188245,0.0785089,0.5166,0.124125,0.331668,0.218661,0.104448,-0.0934881,0.0649612,0.286632,0.382011,0.518979,0.411102,0.150526,0.228947,0.161059,0.265302,-0.00212434,0.748462,0.0424556,0.143119,-0.0590575,0.146443,0.299337,0.0836556,0.184663,0.0616829,-0.0167423,0.593195,0.0790614,0.940533,0.377674,0.779477,0.26089,0.30503,0.421842,0.326156,0.341948,0.0846612,0.0932225,0.292049,0.683922,0.122531,-0.0133643,0.334775,0.172141,0.0661314,0.18626,0.207871,0.214608,0.216613,0.174246,0.0893196,0.0240017,0.0722561,0.130408,0.3835,0.744146,0.147606,0.0574369,0.0787415,0.283759,0.0544885,0.193393,0.246871,0.384629,0.0541391,0.136076,0.110107,0.0607774,0.0432999,0.399589,0.0312659,0.629973,0.150282,0.147551,-0.0385186,0.372629,0.0634803,0.277109,0.416141,0.340555,0.552044,0.123891,0.192827,-0.063768,0.213538,0.92636,0.830354,0.110291,0.281116,0.202393,0.144136,0.239444,0.052508,0.0438494,0.722847,0.0708258,0.220985,0.347813,0.1593,0.0657101,0.126095,-0.0062369,0.0798928,0.286659,0.115269,0.18307,0.396323,0.0471478,0.0753244,0.135764,0.0806146,0.446487,0.248083,0.362455,0.488663,0.188235,0.906499,0.229619,0.0684333,0.0710002,0.0284666,0.44453,0.179862,0.07595,0.157537
0.699517,0.472643,0.203889,-0.0398999,0.343875,0.365623,0.601718,0.0414453,0.770577,0.645626,0.739245,0.553264,0.432225,0.680666,0.43869,0.656863,0.168195,0.380616,1.04825,0.858736,0.787791,0.468207,0.28029,0.443512,0.292161,0.179479,0.159155,0.517926,0.520645,0.676058,0.496584,0.253574,0.168565,0.487353,0.469017,0.0405064,0.144896,0.448088,0.110645,0.125311,0.66291,0.270165,0.244271,0.774137,0.181912,0.590695,0.39653,0.582703,0.757997,0.77596,0.768042,0.815774,0.406692,0.76859,0.350757,0.741361,0.68031,0.932918,0.2186,0.479387,0.706865,0.66254,0.662869,0.798822,0.154096,0.298563,0.415588,0.912161,0.478645,0.690668,0.644803,0.442069,0.132628,0.42222,0.34143,0.543287,0.849494,0.209645,0.547224,0.510331,0.137665,0.27104,0.721393,0.210056,0.204978,0.240223,0.549432,0.188357,0.710602,0.415286,0.568785,0.22378,0.419755,0.302966,0.435374,0.704605,0.678072,0.160044,0.487353,0.469017,0.360471,0.662303,0.259254,0.117661,0.413041,0.722162,0.485442,0.485333,0.705306,0.45886,0.1527,0.819553,0.720957,0.187936,0.227349,0.363484,0.343959,0.160251,0.105969,0.526703,0.491801,0.213767,0.514037,0.0212581,0.268646,0.583536,0.248783,0.0727922,0.607523,0.227128,0.329026,0.754387,0.0588324,0.256956,0.148575,0.00159851,0.485153,0.066541,0.416463,0.538373,0.126597,0.815078,0.131395,0.676847,0.614676,0.265982,0.580479,0.137762,0.846021,0.361636,0.657708,0.971134,0.0603724,0.711501,0.34832,0.0450766,0.527925,0.715947,0.296515,0.412206,0.0235249,0.363548,0.535154,0.0737088,0.00205797,0.170125,-0.0740925,0.353692,0.455674,0.207636,1.17325,0.167524,0.0843687,0.450098,0.527052,0.247345,0.463583,0.196245,0.135298,-0.00267524,0.501497,0.0760919,0.510038,0.0993029,0.0697012,-0.067336,0.399096,0.490622,0.634229,0.111975,0.137593,0.495719,0.266133,0.116556,0.630323,0.0525396,0.212894,0.402257,0.268274,0.0662886,0.125083,0.428998,0.371861,0.671213,0.315089,0.721844,0.252211,0.443262,0.354091,0.0899532,0.37802,0.630319,0.141919,0.290549,0.138847,0.194512,0.291962,0.488346,0.335215,0.484672,0.59627,0.604269,0.203572,0.0238567,0.358499,0.52805,0.43418,0.119914,0.39205,-0.00380828,0.575088,0.249366,0.89349,0.383298,1.04364,0.339527,0.604269,0.203572,0.489601,0.102724,1.01786,0.725116,0.484133,0.808604,0.708126,0.202504,0.113227,0.87697,0.175638,0.217373,0.187275,0.283226,0.395413,0.21652,0.189516,0.235832,0.0106723,0.208799,0.412254,0.0238995,0.198631,0.495214,0.100267,0.246565,0.148903,0.412272,0.313444,0.231468,0.401243,0.154112,0.606066,0.390461,0.71285,0.536761,0.475106,0.919887,0.13404,0.9453,0.280561,0.194851,0.247987,0.541235,0.409808,0.395413,0.21652,0.678868,0.460868,0.657867,0.0820178,0.116056,0.12467,0.646819,0.656467,0.402747,0.26719,0.599646,0.341604,0.890668,0.395109,0.412632,0.555078,0.203324,0.355396,0.828771,0.173947,0.298106,0.419839,0.413911,0.149736,0.483964,0.338236,0.400638,0.131833,0.272486,0.359407,0.434731,0.230761,0.139629,0.280806,0.346172,0.307752,0.461192,0.443262,0.354091,0.290785,0.633771,0.14264,0.562115,0.152482,0.49787,0.576684,0.152208,0.346496,0.0614803,0.318533,0.134491,0.332247,0.497851,0.315056,0.514926,0.313681,0.96614,0.185814,0.539833,0.150031,0.380869,0.270125,0.537688,0.487072,0.131822,0.13251,0.188798,0.689326,-0.0187678,0.474035,0.275987,0.290723,0.449259,0.257457,0.778587,0.601656,0.337579,0.0764832,0.188506,0.287245,0.266133,0.116556,0.294958,0.361206,0.183924,0.258878,0.16036,0.0821692,0.062437,0.071787,0.0989149,0.461587,0.462738,0.252039,0.236331,0.162273,0.0447006,0.503633,0.240121,0.221575,0.1686,0.355396,0.828771,0.507165,0.379474,0.378878,0.171086,0.315288,0.219471,0.28872,0.113756,1.06103,0.423284,0.215406,0.366656,0.98766,0.326114,0.160498,0.479841,0.136687,0.548959,0.125425,0.520449,0.15509,0.42707,0.1868,0.217456,0.353884,0.17686,0.524042,0.307196,0.472236,0.284446,0.25119,0.278253,0.33991,0.308577,0.493747,0.548786,0.589712,0.350416,0.223806,0.745408,0.223547,0.105066,0.3003,0.427713,0.256987,0.172805,0.381896,0.186522
0.51434,-0.110135,0.164762,0.953091,-0.0447822,0.212132,0.399951,0.0824627,0.310107,0.150339,0.0933029,0.230852,0.285226,0.280555,0.310046,0.30625,0.110385,0.742141,0.754462,0.284767,0.424819,0.437633,0.235919,0.831987,0.839972,0.0898524,0.40688,0.130504,0.487258,0.0178851,0.0558035,0.221352,0.167877,0.470305,0.192587,0.217443,0.188353,0.405155,0.0437322,0.0385765,0.0218599,0.263773,0.150784,0.805357,0.55206,0.267282,0.581397,0.71757,0.452992,0.574122,0.774,0.456854,-0.0539004,0.72233,-0.000187853,0.50966,0.330746,0.746358,0.276632,0.1438,0.189205,0.0542494,0.388048,0.378768,0.319467,0.356699,0.562028,0.107664,0.341195,0.515621,0.821374,0.405916,0.114239,0.304862,0.691864,0.204715,0.504412,0.0585873,0.265073,0.629421,0.236537,0.296135,0.246948,0.219976,0.199777,0.395432,0.0231971,0.133893,0.699355,0.300914,0.476857,0.143507,0.183717,0.346677,0.368408,0.252985,0.260437,0.133912,0.470305,0.192587,0.269737,0.13229,0.33138,0.286061,0.248861,0.417349,0.23269,0.15321,0.455622,0.17549,0.678018,0.414129,0.0012209,1.10567,0.538151,0.496325,0.582183,0.40262,0.561888,0.119158,0.393232,0.609424,0.248186,0.764231,0.250524,0.491552,0.22916,0.168979,0.360783,0.567218,0.236594,0.569296,0.436856,0.852319,0.321662,0.863063,0.548882,0.58912,0.251626,0.380612,0.700908,0.757924,0.971379,0.352776,-0.172869,0.307651,0.26615,0.665529,-0.0349401,0.139801,0.386067,0.314849,0.0773346,0.415632,0.285169,0.824282,0.810507,0.941493,0.845933,0.661124,0.464671,0.31566,0.687304,0.821993,1.0273,0.0468563,1.16146,0.250646,0.298247,0.187945,0.154561,1.04395,0.0332152,0.168498,0.176303,0.588298,0.291673,0.104496,0.863339,1.06364,0.106155,0.557575,0.529598,0.64591,0.56262,0.568174,0.209132,0.412867,0.41177,0.814926,0.37063,0.600985,-0.0116962,0.835449,0.645891,0.531501,0.833224,0.345431,0.0983893,0.25173,0.557955,0.176528,0.189297,0.173836,-0.0222131,0.401465,0.196192,0.133218,0.302664,0.926635,1.13339,0.384302,0.613833,0.345232,0.116783,0.990428,0.87337,0.228125,0.19281,0.305823,0.368902,0.4905,0.0718875,0.700016,0.767085,0.449769,0.22037,0.0617153,0.777541,0.489417,0.120715,0.180157,0.524375,0.620834,0.472807,0.217923,0.4905,0.0718875,0.253177,0.973071,0.629889,0.128015,-0.0838448,0.22736,0.463144,0.729297,0.398947,0.502091,0.255382,0.466571,0.385043,0.00492797,0.111008,0.521905,0.335049,0.96577,1.18743,0.87764,0.467784,0.302228,0.270485,0.870681,0.753688,0.143885,0.632701,0.234614,0.31903,0.314366,0.631822,0.0983904,0.550777,0.341348,0.225056,0.289128,0.172788,0.680941,0.00446305,0.679509,0.289024,0.103341,0.0717639,0.224981,0.132959,0.111008,0.521905,0.668494,0.136559,0.0937708,0.149356,0.0528542,0.159465,0.0990649,0.849319,0.106663,0.259718,0.300693,0.870219,0.775287,0.295584,0.196206,0.260082,0.169512,0.220553,0.475326,0.413065,0.757631,0.287691,0.494487,0.172294,0.459655,0.343612,0.599634,0.291294,0.355787,0.0846359,0.305021,0.695798,0.202488,0.176348,0.376825,0.364818,0.260215,0.133218,0.302664,0.224669,0.407913,0.393754,0.430295,0.105532,0.211621,0.388169,0.117033,0.187403,0.186329,0.471259,0.210486,0.594311,0.226187,0.099791,0.520536,0.831591,0.6123,0.560333,0.246916,0.647032,0.383531,0.534944,0.265989,0.443694,0.305457,0.439649,0.367315,0.893916,1.13883,0.322153,0.21229,0.205764,0.192314,0.077875,0.64372,0.185831,0.217161,0.11727,0.099818,0.309011,-0.0116962,0.835449,0.114874,0.237749,0.137649,0.224841,0.206426,0.481372,0.773446,0.320176,0.0601893,0.44844,0.330166,0.224867,0.716754,0.238853,0.0516504,0.211317,0.188466,0.227209,0.628176,0.220553,0.475326,0.118371,0.105349,0.809637,0.251798,0.414344,0.221619,0.602669,0.287124,0.701647,0.308077,0.161977,0.333641,0.207841,0.167392,0.23213,0.518951,0.116328,0.652721,0.0787427,0.579759,0.286795,0.796131,0.18495,0.16163,0.254535,0.126401,0.312903,0.29433,0.396786,0.918342,0.142413,0.138155,0.559672,0.212513,0.274536,0.181475,0.366542,0.0648713,0.344687,0.570198,0.245084,0.0583517,0.626956,0.132564,0.248666,0.23364,0.073926,0.281991
0.854637,0.607125,0.400631,0.135652,0.296701,0.613818,0.500673,0.0850257,1.16877,0.485772,0.516325,0.447685,0.291778,0.348869,0.292492,0.372885,0.158897,0.203053,0.488685,0.190894,0.667575,0.466628,0.318063,0.377865,0.417234,0.381792,0.649585,0.50011,0.637216,0.858691,0.711068,0.572524,0.44791,0.455756,0.612354,0.259213,0.227863,0.104287,0.258197,0.262737,0.559674,0.476805,0.375738,0.000948355,0.202272,0.422958,0.262167,0.422642,0.501205,0.586307,0.385173,0.615141,0.553883,0.701811,0.408999,0.719762,0.30312,0.751591,0.595061,0.948233,0.943274,0.720493,0.474876,0.357057,0.701743,0.248636,0.227508,0.416955,0.339732,0.342768,0.612875,0.540569,0.145666,0.530594,0.305042,0.602543,0.363012,0.123719,0.148033,0.193114,0.560924,0.251843,0.291508,0.226419,0.550214,0.260417,0.602452,0.0994398,0.626693,0.377832,0.551423,0.112407,0.115097,0.469901,0.571507,0.573685,0.739557,0.37678,0.455756,0.612354,0.432697,0.426031,0.324724,0.30939,0.363501,0.801551,0.906785,0.110708,0.58736,0.835923,0.278016,0.468421,0.745398,0.274039,0.193113,0.274216,0.382743,0.182908,0.21006,0.270357,0.722069,0.0606594,0.451458,0.305545,0.310427,0.730292,0.150825,0.0939254,0.185466,0.108388,0.301007,0.466357,0.0629212,0.301767,0.0918512,0.182392,0.167437,0.391037,0.72407,0.243718,0.404282,0.643123,0.582064,0.279178,0.402061,0.109148,0.639537,0.695108,0.408478,0.0713689,0.273423,0.476854,0.0242148,0.71224,0.8468,0.0255111,0.544347,0.451552,0.336588,0.18088,0.147363,0.439119,0.558718,0.0240159,0.134624,0.0795252,0.45842,0.250846,0.26037,0.0781506,0.0491252,0.219081,0.0211756,0.245596,0.380393,0.347035,0.168931,0.153812,0.367787,0.172847,0.561083,0.290843,0.620998,0.198436,0.353568,0.301994,0.18353,0.662153,0.559459,0.45614,0.197518,0.689429,0.426465,0.436717,0.343912,0.308247,0.247113,0.141921,0.140689,0.409967,0.0135219,0.118992,0.178095,0.172041,0.464865,0.646908,0.299356,0.175762,0.183844,0.356322,0.704233,0.459626,0.240008,0.63201,0.31132,0.114935,0.276382,0.100842,0.23369,0.160336,0.185889,0.545392,0.375838,0.115393,0.131361,0.40521,0.671749,0.144617,0.483825,0.328387,0.272202,0.148805,0.384512,0.56261,0.608525,0.106706,0.545392,0.375838,0.172231,0.144349,0.947282,0.207907,0.381817,0.585751,0.807912,0.237128,0.200595,1.02289,0.325448,0.459946,0.197212,0.0593448,0.315895,0.302957,0.228468,0.628997,0.43661,0.548146,0.230068,0.701174,0.183174,0.496314,0.204454,0.165023,0.31191,0.197961,0.347804,0.0689329,0.0925883,0.21351,0.677702,0.166704,0.0997933,0.279268,0.37673,0.841571,0.512025,0.870042,0.232905,0.134661,0.0705151,0.196838,0.0590541,0.315895,0.302957,0.83898,0.543944,0.558619,0.52639,0.751931,0.0244497,0.620673,0.803945,0.309923,0.193431,0.419255,0.424217,0.590062,0.141718,0.114661,0.164387,0.222677,0.442826,0.298231,0.305246,0.825904,0.148764,0.178863,0.086362,0.394277,0.0532933,0.767184,0.231217,0.282672,0.204852,0.0572134,0.383651,0.103046,0.342675,0.486741,0.776607,0.320726,0.175762,0.183844,0.353559,0.793034,0.239594,0.564394,0.076855,0.395213,0.123618,0.0997057,0.147121,0.243122,0.361411,0.102991,0.283465,0.58606,0.167929,0.471294,0.332842,0.749835,0.536831,0.138603,0.0797675,0.496843,0.415819,0.137019,0.049377,0.294548,0.365469,0.331931,0.531668,0.238871,0.0639973,0.0855055,0.173911,0.223622,0.107174,0.437129,0.0930633,0.0773877,0.0644114,0.1128,0.0229196,0.426465,0.436717,0.138973,0.0968162,0.0591697,0.140751,0.0457025,0.370609,0.242774,0.557423,0.112604,0.128688,0.177687,0.306254,0.173294,0.309135,0.0756225,0.255725,0.108255,0.0638825,0.148727,0.442826,0.298231,0.369611,0.122115,0.567419,0.116293,0.146286,0.0889538,0.484891,0.0894875,0.921931,0.378165,0.119562,0.395647,0.187845,0.136427,0.117267,0.11949,0.145505,0.401336,0.0882216,0.347289,0.222558,0.184818,0.135887,0.0952974,0.22247,0.183007,0.219916,0.210408,0.150489,0.20739,0.145683,0.100881,0.36755,0.0615533,0.615399,0.353915,0.50736,0.482538,0.20612,0.66431,0.183728,0.0453189,0.213494,0.19274,0.403135,0.189163,0.152832,0.229645
0.741633,0.498961,0.470449,0.185572,0.554961,0.643238,0.354012,0.112716,0.749701,0.381825,0.408946,0.220659,0.380451,0.23228,0.258427,0.315559,0.310081,0.541066,0.485489,0.276487,0.501802,0.430936,0.225469,0.453491,0.234303,0.368397,0.884569,0.449825,0.626755,0.592381,0.588053,0.227459,0.15025,0.321846,0.529863,0.419752,0.337927,0.42146,0.40054,0.410565,0.594445,0.532454,0.459161,0.627184,0.372884,0.200656,0.704804,0.594591,0.305177,0.438025,0.35695,0.520991,0.569145,0.688498,0.193333,0.769888,0.510748,0.707973,0.56638,0.816111,0.659529,0.589219,0.432379,0.328109,0.680181,0.362364,0.650548,0.658126,0.247384,0.416172,0.684024,0.42326,0.162409,0.551938,0.296621,0.507746,0.540519,0.0467151,0.331481,0.499406,0.384568,0.432122,0.179615,0.225897,0.408017,0.255144,0.44487,0.0737879,0.497356,0.410411,0.66412,0.20234,0.157102,0.750729,0.461188,0.152945,0.762873,0.240162,0.321846,0.529863,0.490748,0.446388,0.515074,0.0965721,0.273822,0.701821,0.665185,0.328128,0.428611,0.51656,0.579532,0.479659,0.605772,0.239903,0.212129,0.469119,0.328018,0.254637,0.195226,0.354301,0.511119,0.184043,0.452313,0.255822,0.19142,0.653227,0.176224,0.0706557,0.490549,0.131062,0.447169,0.275977,0.118406,0.141804,0.234034,0.239703,0.490867,0.309178,0.517994,0.162083,0.464736,0.551134,0.449684,0.395811,0.535401,0.350548,0.592896,0.648152,0.463969,0.0574561,0.416993,0.14652,0.0570064,0.650112,0.443709,0.15139,0.515737,0.337144,0.309614,0.218195,0.17726,0.705098,0.304401,0.125024,0.060861,0.0572017,0.551057,0.33801,0.43647,0.10323,0.132911,0.202362,0.0563287,0.189489,0.486833,0.414595,0.258556,0.0794069,0.851413,0.133851,0.547936,0.318378,0.272844,0.209877,0.240631,0.417958,0.18829,0.623294,0.253248,0.461773,0.255909,0.410233,0.496131,0.413954,0.222172,0.208319,0.221798,0.396018,0.114825,0.401695,0.155301,0.111482,0.114432,0.188671,0.584243,0.587305,0.303854,0.0758237,0.201488,1.2374,0.473402,0.36535,0.292525,0.870061,0.155979,0.173003,0.325626,0.0925715,0.146045,0.363296,0.279049,0.498097,0.245736,0.202716,0.428828,0.150927,0.496886,0.096772,0.403603,0.27488,0.296344,0.28212,0.315442,0.523382,0.42908,0.25371,0.498097,0.245736,0.223423,0.140385,0.840291,0.165218,0.519987,0.436481,0.587921,0.281176,0.241406,0.821133,0.200695,0.374038,0.257679,0.0673372,0.274015,0.231273,0.322875,0.535443,0.447427,0.445523,0.14697,1.13139,0.173052,0.321131,0.205484,0.152003,0.380393,0.150607,0.258955,-0.04386,0.114528,0.109247,0.587456,0.200784,0.076464,0.329697,0.235299,0.821203,0.614389,0.830863,0.26974,0.0880808,0.122392,0.218526,0.0972626,0.274015,0.231273,0.648025,0.400703,0.306766,1.10486,0.712045,0.038936,0.744868,0.743708,0.258279,0.163518,0.29608,0.411221,0.514103,0.195056,0.159047,0.137127,0.124212,0.58481,0.208742,0.0769218,0.50096,0.143882,0.146451,0.155926,0.494672,0.140185,0.658201,0.438716,0.194004,0.266684,0.152204,0.179075,0.0699808,0.221474,0.386408,0.831598,0.177739,0.0758237,0.201488,0.272082,0.471578,0.105842,0.482898,0.0546944,0.285083,0.17602,0.093854,0.427656,0.235859,0.161171,0.085463,0.163965,0.373419,0.0892072,0.714494,1.38912,0.568231,0.366143,0.418757,0.204254,0.354554,0.259819,0.156443,0.0746665,0.362945,0.303629,0.283647,0.321386,0.129618,0.0751788,0.0794918,0.164024,0.14904,0.137184,0.288398,0.146125,0.0899322,0.0384763,0.109843,0.177482,0.496131,0.413954,0.0909565,0.0876275,0.153499,0.0649432,0.0856747,0.256967,0.221868,0.288978,0.0586716,0.194952,0.0981546,0.151523,0.0957253,0.337424,0.0481985,0.489946,0.16618,0.162171,0.110815,0.58481,0.208742,0.2664,0.288691,0.449033,0.228332,0.103569,0.122653,0.201422,0.0967827,0.792195,0.826091,0.123285,0.304072,0.147022,0.137519,0.0725824,0.340182,0.0566852,0.766059,0.0777042,0.185569,0.255497,0.253153,0.0734792,0.196752,0.115295,0.196264,0.24482,0.171292,0.217563,0.192597,0.0930633,0.125474,0.200767,0.167611,0.702451,0.36292,0.38278,0.468768,0.110069,0.853156,0.206496,0.0910832,0.155462,0.138813,0.437893,0.166993,0.143396,0.377785
0.623499,0.671984,0.583647,0.457452,0.506499,0.263749,0.307227,0.0283674,0.723555,0.625802,0.714454,0.111972,0.262631,0.0487133,0.425742,0.354479,0.233043,0.2955,0.180576,0.116597,0.37327,0.575259,0.333487,0.0733362,0.241699,0.4549,0.520135,0.534893,0.580394,0.791857,0.735354,0.285514,0.190706,0.644267,0.514807,0.247075,0.230021,0.128031,0.421842,0.466743,0.420615,0.604512,0.559258,0.342111,0.321104,0.0260149,0.471761,0.276802,0.308384,0.382238,0.4183,0.416413,0.422549,0.548132,0.225242,0.5126,0.341239,0.799982,0.75571,0.747746,0.636153,0.558228,0.219444,0.148872,0.262662,0.279369,0.458759,0.0962022,0.558798,0.502717,0.303577,0.199238,0.0546728,0.704544,0.385451,0.694084,0.360024,0.172747,0.193147,0.365644,0.39573,0.100953,0.0429409,0.107934,0.394747,0.276409,0.624427,0.794775,0.484717,0.350115,0.538308,0.359219,0.0924359,0.282067,0.641011,0.00945027,0.799926,0.35368,0.644267,0.514807,0.601631,0.478293,0.233642,0.0851794,0.251122,0.934501,0.469603,0.216379,0.431648,0.556563,0.566035,0.177827,0.746811,0.624401,0.0697451,0.442751,0.402816,0.386318,0.206346,0.526883,0.736894,0.0318066,0.117137,0.466421,0.102984,0.761059,0.073537,0.0469162,0.544146,0.101627,0.293125,0.355668,0.0671655,0.37235,0.129096,0.281051,0.256663,0.141538,0.600844,0.191116,0.601912,0.614857,0.570228,0.507892,0.610688,0.152075,0.542106,0.617018,0.586873,0.115679,0.275152,0.682671,0.103476,0.742219,0.485181,0.141691,0.558025,0.366464,0.698754,0.231373,0.188611,0.467719,0.297941,0.107369,0.544886,0.106842,0.825788,0.153672,0.190781,0.0177563,0.133202,0.484444,0.0179057,0.146741,0.476022,0.289197,0.173756,0.145362,0.691602,0.440761,0.578024,0.494102,0.494851,0.381339,0.431962,0.954363,0.149856,0.514357,1.00866,0.282468,0.453013,0.601983,0.5116,1.02643,0.415005,0.59839,0.816049,0.248923,0.0132603,0.344348,0.0938265,0.114524,0.0618027,0.199521,0.445864,0.686221,0.298863,0.147863,0.120958,0.765324,0.580804,0.41883,0.316714,0.23246,0.244593,0.372178,0.705007,0.0936514,0.210424,0.222404,0.212445,0.25972,0.216328,0.741254,0.376456,0.281295,0.563612,-0.0192711,0.37128,0.380876,0.146126,0.244165,0.398804,0.689638,0.180921,0.157302,0.25972,0.216328,0.0652476,0.758847,0.898799,0.0923802,0.725683,0.321121,0.918974,0.177914,0.645373,0.814151,0.406011,1.0466,0.404472,0.0428335,0.326931,0.3242,0.308197,0.576249,0.25947,0.52978,0.306155,0.539871,0.156398,0.343662,0.308049,0.160181,0.579384,0.0994029,0.29315,0.0806634,0.17312,0.0845888,0.51268,0.122412,0.128157,0.305237,0.31191,0.865838,0.252789,0.935473,0.21246,0.136423,0.0913917,0.063607,0.0026572,0.326931,0.3242,0.72324,0.616319,0.367977,0.107858,0.660464,0.147605,0.925135,0.820569,0.291327,0.257688,0.320825,0.408881,0.415164,0.0460734,0.0807473,0.135764,0.15066,0.552245,0.293183,0.00354306,1.27122,0.112327,0.0675891,0.0717141,0.250472,0.19129,0.636047,0.352802,0.336176,0.0363284,0.0709654,0.181822,0.0464533,0.241298,1.54599,0.744027,0.276922,0.147863,0.120958,0.173207,0.316568,0.0354082,0.507656,0.0866132,0.142186,0.0167137,0.0471153,0.166449,0.123817,0.224511,0.0619631,0.0820144,0.411809,0.0925959,0.449487,0.638211,0.649422,0.852437,0.362371,0.702012,0.473599,0.34764,0.0936817,0.269302,0.16323,0.892083,0.0947289,0.36814,0.485267,0.0890687,0.0364478,0.189389,0.285603,0.0922193,0.181299,0.0477696,0.0663967,0.017273,0.0649473,0.141582,0.5116,1.02643,0.0912009,0.0636679,0.0622924,0.059367,0.0528629,0.350116,0.563294,0.370175,0.062195,0.101128,-0.035909,0.22163,0.196876,0.120582,0.0994554,0.436153,0.161721,0.0436124,0.120641,0.552245,0.293183,0.283051,0.227374,0.530648,0.356723,0.0462888,0.086955,0.113379,0.355698,0.813071,0.377378,0.144724,0.368581,0.0788932,0.15858,0.358493,0.254369,0.0943891,0.410739,0.00381086,0.289795,0.088726,0.355206,0.0364268,0.0761685,0.0271967,0.092619,0.186539,0.01185,0.314814,0.853126,0.0386597,0.0514485,0.0527762,0.0336848,0.355071,0.419886,0.415741,0.488046,0.532661,0.61645,0.244267,0.0478056,0.0478962,0.165846,0.37633,0.258206,0.0253859,0.150403
0.59786,0.688454,0.461643,0.295831,0.550726,0.423403,0.533463,0.0666098,0.878398,0.382737,0.41687,0.331312,0.28278,0.314123,0.337669,0.308817,0.305077,0.288136,0.162153,0.346161,0.510237,0.436711,0.193056,0.323903,0.287507,0.353344,0.427561,0.648834,0.837632,0.654714,0.614587,0.713112,0.586343,0.524618,0.394526,0.308736,0.302098,1.08351,0.3247,0.348158,0.441669,0.471809,0.493136,0.488385,0.36403,0.42969,0.142604,0.499119,0.624005,0.624482,0.271808,0.60833,0.290361,0.60484,0.20016,0.734735,0.432772,0.937665,0.41327,0.936501,0.832887,0.827171,0.575385,0.455403,0.373762,0.225578,0.19304,0.738209,0.253557,0.350331,0.882757,0.582365,0.153,0.668769,0.449608,0.543161,0.692372,0.107565,0.429134,0.374908,0.283122,0.296278,0.323673,0.281523,0.395403,0.255981,0.561128,0.132579,0.147807,0.426458,0.427512,0.116349,0.141623,0.447109,0.572555,0.463317,0.759064,0.242387,0.524618,0.394526,0.537019,0.598943,0.257466,0.66047,0.198722,0.629214,0.775958,0.257997,0.549078,0.597657,0.442803,0.70558,0.625597,0.230162,0.10945,0.384368,0.283748,0.195905,0.147384,0.463571,0.632435,0.177205,0.44651,0.300393,0.311072,0.828163,0.247828,0.0827645,0.59768,0.188971,0.324527,0.0655792,0.167477,0.194536,0.265505,0.180172,0.733201,0.387794,0.40942,0.321096,0.295841,0.468062,0.497766,0.432594,0.443298,0.358033,0.348311,0.417418,0.444078,0.146988,0.551052,0.683264,0.0582315,0.561915,0.615302,0.0752093,0.280873,0.752922,0.24216,0.124662,0.227943,0.698621,0.360415,0.0781272,0.249108,0.0485412,0.394956,0.46516,0.530601,0.189103,0.0945739,0.212579,0.122905,0.197811,0.303799,0.303221,0.370759,0.122656,0.360534,0.0840996,0.641924,0.233174,0.278777,0.14952,0.229362,0.308654,0.27891,0.43331,0.37966,0.523422,0.165079,0.329025,0.323061,0.476963,0.326134,0.188498,0.264621,0.47781,0.128857,0.247767,0.125549,0.131336,0.169009,0.0894415,0.223966,0.598329,0.255639,0.158717,0.274856,0.359575,0.360702,0.375341,0.20734,0.445878,0.23638,0.137972,0.163481,0.200547,0.201477,0.500587,0.262422,0.447664,0.163084,0.250382,0.443002,0.323372,0.581745,0.0592087,0.386809,0.332934,0.348626,0.223445,0.450801,0.429917,0.354106,0.322463,0.447664,0.163084,0.227586,0.177473,0.800865,0.465464,0.249173,0.472915,0.628271,0.228194,0.128482,0.78437,0.211982,0.305751,0.151438,0.0711472,0.386311,0.252522,0.231656,0.533158,0.210117,0.538403,0.229482,0.427382,0.221152,0.516848,0.193862,0.116497,0.223148,0.163573,0.283997,0.277931,0.200854,0.118708,0.603686,0.152559,0.159865,0.484631,0.289029,0.763592,0.485069,0.781042,0.248719,0.151172,0.126882,0.186018,0.136441,0.386311,0.252522,0.676497,0.243572,0.327219,0.185037,0.484911,0.198678,0.50872,0.702507,0.197353,0.214561,0.333264,0.450266,0.403885,0.226784,0.165941,0.191088,0.279911,0.42949,0.37352,0.0755059,0.487912,0.216248,0.152237,0.134088,0.285215,0.0791054,0.489735,0.157974,0.0923405,0.321206,0.169184,0.208972,0.11277,0.272024,0.268777,0.515255,0.266082,0.158717,0.274856,0.230084,0.624874,0.111561,0.175994,0.0934638,0.302342,0.332826,0.0917521,0.176888,0.132077,0.257221,0.0844653,0.232391,0.432449,0.192272,0.823126,0.330541,0.657326,0.389677,0.356246,0.268121,0.184873,0.194923,0.223185,0.136798,0.260116,0.224628,0.257042,0.413262,0.31294,0.102945,0.122616,0.18995,0.408244,0.0715818,0.407853,0.196228,0.146242,0.0639387,0.125604,0.131023,0.323061,0.476963,0.117824,0.105407,0.0917523,0.175688,0.0772423,0.295459,0.252384,0.314046,0.0800831,0.209812,0.0415656,0.216025,0.162824,0.312749,0.0375041,0.50333,0.189767,0.159547,0.126851,0.42949,0.37352,0.230377,0.258975,0.417576,0.256746,0.108692,0.0722742,0.242206,0.189908,0.746722,0.788764,0.168154,0.262355,0.179448,0.172546,0.146845,0.261427,0.0869118,0.804974,0.0936449,0.263246,0.0109892,0.243398,0.0887324,0.107975,0.230495,0.185133,0.385845,0.429672,0.337011,0.35644,0.19341,0.0911244,0.21008,0.125225,0.380328,0.36848,0.26772,0.359409,0.120953,0.776011,0.150815,0.0932027,0.166589,0.189915,0.451451,0.139624,0.121517,0.149985
0.621682,0.554891,0.305154,0.412247,0.305118,0.667927,0.794765,0.0217146,0.52708,0.547466,0.625328,0.458664,0.230588,0.636037,0.441072,0.471875,0.198098,0.57425,0.450622,0.49762,0.384483,0.436625,0.16436,0.336548,0.0441223,0.318755,0.672054,0.0851895,0.198566,0.508067,0.379136,0.29166,0.178448,0.177198,0.525222,0.354171,0.25557,0.277716,0.316743,0.380371,0.393546,0.512039,0.328872,0.755287,0.115543,0.442684,0.512447,0.535734,0.452603,0.584317,0.411214,0.506411,0.744559,0.623357,0.231694,0.488462,0.536564,0.782014,0.50225,0.585174,0.578961,0.360018,0.600225,0.471155,0.431691,0.367807,0.516319,0.342803,0.33212,0.273709,0.767371,0.512773,0.191729,0.330441,0.531305,0.540614,0.619067,0.121131,0.354623,0.160322,0.241401,0.267135,0.649845,0.195302,0.213205,0.274885,0.417633,0.157237,0.436482,0.305652,0.576597,0.0592464,0.148008,0.339733,0.608326,0.793674,0.71639,0.274889,0.177198,0.525222,0.376053,0.437987,0.400288,0.0970141,0.224708,0.699785,0.432645,0.119389,0.648593,0.568486,0.563504,0.655697,0.621462,0.570911,0.122585,0.3147,0.297686,0.272882,0.22304,0.159634,0.436535,0.123437,0.328272,0.357794,0.227229,0.782678,0.174559,0.0186807,0.240744,-0.0443513,0.302747,0.313611,0.109031,0.218814,0.0356583,0.415614,0.440618,0.411369,0.515183,0.26842,0.192064,0.724842,0.37143,0.277205,0.564466,0.27411,0.520601,0.769153,0.385276,0.0710792,0.390504,0.455565,0.0780404,0.634827,0.166096,0.103785,0.542383,0.542931,0.677004,0.220834,0.177284,0.476474,0.283415,0.139574,0.330666,0.0832521,0.531994,0.289492,0.431771,0.0762884,0.0780839,0.322823,0.0381157,0.15245,0.479095,0.388813,0.310224,0.0369202,0.81142,0.162657,0.564259,0.320805,0.171344,0.354045,0.423135,0.375441,0.0287482,0.509078,0.329026,0.533075,0.368367,0.502362,0.228405,0.66194,0.116852,0.343003,0.568797,0.30406,0.126417,0.193871,0.111737,0.130757,0.221424,0.187842,0.545803,0.396589,0.420243,0.122177,0.230763,0.882619,0.4575,0.342943,0.271626,0.97888,0.16122,0.228306,0.612578,0.118187,0.155813,0.367997,0.293872,0.482906,0.126517,0.272892,0.369798,0.40734,0.222031,-0.0898264,0.273824,-0.0845788,0.159916,0.225998,0.274242,0.445594,0.70185,0.268729,0.482906,0.126517,-0.00103967,0.505219,0.822581,0.25911,0.471775,0.468705,0.545402,0.158357,0.359999,0.76227,0.2623,0.877886,0.189854,0.0560748,0.277455,0.222507,0.209299,0.980379,0.364328,0.286035,0.266879,0.634896,0.190437,0.342889,0.272135,0.111763,0.43214,0.100857,0.189743,-0.0309296,-0.0107023,0.089243,0.660641,0.0493341,0.0792718,0.522197,0.088721,0.851136,0.513555,0.835174,0.131958,0.0667827,0.184476,0.0856837,0.245565,0.277455,0.222507,0.779111,0.668311,0.145898,0.203068,0.644001,0.262462,0.709552,0.768092,0.195203,0.118709,0.147257,0.421838,0.441346,0.10554,0.157121,0.10462,0.187288,0.498007,0.230997,0.0895335,0.692517,0.153949,0.0882369,0.0595518,0.499835,0.0803419,0.835307,0.32709,0.183991,0.0799352,0.289955,0.216701,0.0589229,0.326269,0.407137,0.668157,0.160662,0.122177,0.230763,0.131277,0.592857,0.12263,0.621349,0.0784124,0.224412,0.179531,0.111537,0.344127,0.108973,0.238032,0.115013,0.26735,0.330527,0.0335226,0.245323,0.894316,0.611692,0.525401,0.244518,0.497576,0.501889,0.323486,0.168238,0.0770404,0.117369,0.476822,0.0305108,0.433979,0.665226,0.138515,0.024134,0.22246,0.345598,0.113352,0.225909,0.166272,0.115425,0.0580738,0.180548,0.148301,0.228405,0.66194,0.236049,0.106482,0.0276253,0.167033,0.0274783,0.574103,0.53731,0.324899,0.0397148,0.0689205,0.131907,0.200071,0.040948,0.459206,0.030486,0.372422,0.202008,0.0958467,0.204108,0.498007,0.230997,0.245844,0.240242,0.471171,0.279036,0.0328761,0.0520218,0.194172,0.0887417,0.83755,0.0709272,0.0989554,0.343883,0.38797,0.136959,0.454917,0.191522,0.129783,0.107149,0.165364,0.095121,0.199261,0.169226,0.041236,0.15356,0.200843,0.00515748,0.203083,0.176312,0.280068,0.521729,0.116403,0.0247807,0.27084,-0.0366264,0.506549,0.24309,0.33234,0.419217,0.400428,0.473137,0.266174,0.129032,0.110099,0.108767,0.787909,0.0583056,0.0759484,0.129611
0.63584,0.488325,0.601573,0.304613,0.796781,0.717564,0.719951,0.102657,0.886207,0.342829,0.364073,0.140579,0.627022,0.511783,0.387745,1.06803,0.210536,0.378963,0.233769,0.129339,0.196123,0.942149,0.142208,0.245412,0.520299,0.482058,0.306578,0.573929,0.592262,0.802195,0.76815,0.552965,0.412143,0.396616,0.316446,0.479161,0.320805,0.121248,0.378783,0.411344,0.0255406,0.60985,0.500352,0.542303,0.354996,0.22385,0.0543404,0.299163,0.507731,0.513955,0.437156,0.291349,0.229816,0.333636,0.116178,0.360085,0.429558,0.547629,0.741718,0.557976,0.516836,0.436793,0.511643,0.41633,0.163966,0.181382,0.138488,0.437325,0.440557,0.573279,0.840661,0.588567,0.146692,0.518889,0.320417,0.504408,0.512012,0.0446698,0.306766,0.413186,0.353732,0.268683,0.320529,0.200897,0.38516,0.253083,0.394895,0.100269,0.250569,0.286707,0.592002,0.113194,0.201785,0.46726,0.68001,1.17473,0.782566,0.370776,0.396616,0.316446,0.720918,0.687061,0.1911,0.330104,0.176939,0.723193,0.679611,0.145653,0.147513,0.368272,0.565956,0.546205,0.551936,0.325891,0.179541,0.399402,0.311486,0.186338,0.320456,0.611368,0.431553,0.064399,0.11221,0.443385,0.209699,0.395565,0.177572,0.105479,0.539323,0.394608,0.248848,0.190851,0.0582892,0.242028,0.233035,0.152749,0.515617,0.280359,0.344738,0.161816,0.280739,0.648949,0.486916,0.38412,0.496851,0.416232,0.335546,0.318002,0.407001,0.10272,0.441349,0.518386,0.0590538,0.551903,0.484255,0.16752,0.366372,0.328837,0.451907,0.309538,0.229147,0.571158,0.461263,0.152011,0.486777,0.0786116,0.477648,0.293805,0.377155,0.162486,0.0669565,0.313777,0.070818,0.132583,0.62189,0.268534,0.293795,0.137079,0.398756,0.137338,0.793925,0.227342,0.25083,0.223247,0.151899,0.38856,0.174152,0.512025,0.514459,0.428566,0.19944,0.340114,0.240891,0.615614,0.434223,0.187418,0.353428,0.433955,0.131467,0.044006,0.156783,0.115129,0.225845,0.0593175,0.16068,0.659791,0.220345,0.231704,0.210084,0.36892,0.416443,0.390109,0.167596,0.40935,0.0914024,0.177213,0.457071,0.169072,0.0906093,0.385638,0.322505,0.745693,0.186167,0.287534,0.41716,0.307407,0.504732,0.0203567,0.427798,0.333876,0.26743,0.186017,0.329288,0.448079,0.303303,0.32707,0.745693,0.186167,0.167856,0.36301,0.837735,0.212197,0.297753,0.432267,0.601976,0.283062,0.325748,0.863443,0.24698,0.382286,0.287879,0.0583065,0.243507,0.253064,0.310648,0.68701,0.155149,0.564264,0.158992,0.309287,0.188698,0.583563,0.223227,0.290469,0.247668,0.232151,0.295184,0.161885,0.164569,0.0567047,0.821191,0.176155,0.122852,0.539069,0.223424,0.865573,0.649254,0.897974,0.239613,0.118768,0.137285,0.205199,0.167442,0.243507,0.253064,0.862371,0.234141,0.31302,0.155328,0.358237,0.116423,0.537968,0.828825,0.157843,0.137294,0.314902,0.462364,0.456749,0.177561,0.182521,0.201939,0.265768,0.414664,0.327981,0.178254,0.529899,0.174262,0.321286,0.109747,0.422889,0.187175,0.374865,0.110155,0.150875,0.193346,0.134486,0.261443,0.113807,0.271099,0.408626,0.393436,0.21601,0.231704,0.210084,0.249502,0.487123,0.179194,0.230904,0.0944315,0.191389,0.218767,0.615078,0.134364,0.143076,0.321081,0.08168,0.305859,0.365573,0.164211,0.531721,0.273179,0.599651,0.51972,0.279753,0.470999,0.257733,0.436121,0.113141,0.125951,0.156903,0.332004,0.204557,0.507748,0.373379,0.149777,0.140274,0.164305,0.190884,0.129388,0.438493,0.122942,0.0628209,0.0812744,0.0879865,0.103772,0.240891,0.615614,0.130157,0.0831231,0.102694,0.19852,0.131511,0.59294,0.303087,0.278432,0.0342135,0.144345,0.0782713,0.12192,0.170916,0.415421,0.0317424,0.380931,0.141105,0.174035,0.142925,0.414664,0.327981,0.197749,0.243898,0.388243,0.315748,0.173453,0.154783,0.381926,0.198659,0.863858,0.629787,0.179374,0.246486,0.141642,0.137378,0.145197,0.267729,0.0886434,0.653209,0.101382,0.25966,0.0345264,0.162161,0.0666188,0.107701,0.184946,0.118621,0.347687,0.241664,0.265079,0.410712,0.121386,0.122171,0.159134,0.103081,0.353058,0.182087,0.206684,0.322364,0.215547,0.849746,0.159402,0.0787666,0.293302,0.140904,0.55548,0.191857,0.122893,0.234921
0.319885,0.765102,0.803294,0.262334,0.603106,0.649697,0.614708,0.143316,0.591266,0.317969,0.405817,0.254713,0.683587,0.375581,0.846104,0.306157,0.400678,0.615326,0.600627,0.188128,0.297621,0.415664,0.122351,0.431224,0.156006,0.773719,0.380885,0.700658,0.950391,0.710152,0.833422,0.286233,0.178835,0.729822,0.4956,0.559644,0.298162,0.430915,0.703046,0.729408,0.220382,0.847031,0.695309,0.678694,0.189934,0.260016,0.688262,0.453143,0.334756,0.496617,0.324163,0.402431,0.731013,0.646987,0.654066,0.503597,0.564011,0.515257,0.718298,0.46292,0.477544,0.487929,0.422147,0.303821,0.754087,0.731891,0.880834,0.612551,0.635523,0.748905,0.246242,0.260535,0.0846907,0.548126,0.602562,0.55614,0.606468,0.0946465,0.466111,0.486785,0.734307,0.235859,0.259206,0.195364,0.318713,0.20399,0.441696,0.233055,0.184078,0.348462,0.58595,0.204747,0.203636,0.34896,0.573755,0.357931,0.74189,0.6193,0.729822,0.4956,0.706403,0.49292,0.46398,0.10276,0.205421,0.637061,0.307575,0.143227,0.304573,0.481937,0.48994,0.46316,0.635318,0.255319,0.243367,0.404332,0.390457,0.240192,0.120418,0.630092,0.521718,0.160555,0.153987,0.263766,0.171331,0.51641,0.171848,0.160094,0.631147,0.192643,0.183825,0.155892,0.103205,0.515856,0.134479,0.190336,0.63428,0.209798,0.380765,0.161616,0.118507,0.260343,0.303019,0.611522,0.514087,0.351601,0.65997,0.382556,0.402044,0.114788,0.536163,0.818964,0.111112,0.532977,0.164649,0.099672,0.223339,0.198949,0.237268,0.256181,0.0888582,0.41369,0.358529,0.129137,0.264532,0.104027,0.326188,0.318143,0.465443,0.143833,0.256822,0.243703,0.00617141,0.179627,0.695195,0.351956,0.340464,0.201442,0.238716,0.0643453,0.652147,0.398855,0.22399,0.211658,0.226422,0.480992,0.112847,0.643392,0.175473,0.256713,0.33262,0.294507,0.757789,0.604957,0.792883,0.281183,0.357255,0.478308,0.103618,0.0977976,0.147372,-0.0189826,0.0968379,0.24961,0.641229,0.515229,0.144215,0.0624371,0.174298,0.279132,0.136435,0.408365,0.307171,0.419361,0.186635,0.187397,0.251019,0.172025,0.206123,0.470456,0.346293,0.581371,0.591645,0.333235,0.696745,0.26169,0.584501,0.0098613,0.230664,0.233502,0.707372,0.151254,0.313009,0.473381,0.321866,0.384185,0.581371,0.591645,0.156293,0.290702,0.792977,0.154422,0.570454,0.619055,0.614076,0.423231,0.354998,0.728931,0.197509,0.532755,0.258458,0.0497135,0.129929,0.260135,0.181066,0.486095,0.40904,0.294363,0.186565,0.485991,0.138951,0.326024,0.216049,0.0930836,0.340526,0.100616,0.128376,0.0400547,-0.015073,0.0751832,0.698797,0.196598,0.0179005,0.456603,0.243666,0.84668,0.754813,0.798806,0.12171,0.0679435,0.0604994,0.0729288,0.100308,0.129929,0.260135,0.544642,0.386595,0.152475,0.237322,0.422085,0.100603,0.731881,0.623859,0.475272,0.189248,0.394685,0.192442,0.973191,0.241394,0.155422,0.117564,0.185141,0.342361,0.285914,0.012171,0.575187,-0.0225704,0.149257,0.0299727,0.100536,0.0592342,0.501336,0.145875,0.207512,0.135045,0.0373541,0.203665,0.0594409,0.316911,0.664446,0.415934,0.174388,0.0624371,0.174298,0.289515,0.64787,0.059183,0.448081,0.176843,0.157955,0.043687,0.0960126,0.047335,0.217151,-0.081963,0.0124336,0.243227,0.29899,0.0641769,0.53702,0.295477,0.652371,0.808333,0.236116,0.287932,0.393459,0.221583,-0.0621409,0.279277,0.11371,0.356543,0.119182,0.439331,0.289399,0.0179069,0.11982,0.027656,0.079283,0.054545,0.199829,0.163889,0.230359,0.0833911,0.181212,0.0499941,0.757789,0.604957,0.0966258,0.0885152,0.0937777,0.0618677,0.0915469,0.450288,0.316492,0.677434,0.0502879,-0.033426,0.143832,-0.064469,0.213873,0.317138,0.043725,0.68782,0.103465,0.135885,0.0858658,0.342361,0.285914,0.27057,0.216906,0.234387,0.31696,0.0474621,0.0697879,0.234331,0.14417,0.850868,0.396536,-0.00902367,0.151265,0.21529,0.0530279,0.170244,-0.0808463,0.012965,0.518948,0.349727,-0.0117537,0.139315,0.0908378,0.0492573,0.0741386,0.0280389,0.0435532,0.189931,0.126821,0.156085,0.340754,0.0911141,0.172639,0.0873153,-0.0148014,0.296622,0.432415,0.290406,0.138319,0.220348,0.449122,0.194537,0.129664,-0.0156454,0.109617,0.519401,0.123094,0.166741,0.201978
0.574106,0.438724,0.302946,0.482092,0.536897,0.29337,0.358434,0.154973,0.825392,0.342109,0.295833,0.106776,0.378565,0.323077,0.375256,0.249366,0.161393,0.710527,0.60366,0.761248,0.458661,0.4681,0.447529,0.483163,0.858873,0.243187,0.127414,0.393927,0.260875,0.489322,0.376913,0.672057,0.423059,0.567909,0.537274,0.200874,0.218713,0.385383,0.328559,0.346508,0.827215,0.401907,0.370905,0.794421,0.400367,0.320957,0.353056,0.506933,0.777562,0.840407,0.583582,0.59141,0.415469,0.669007,0.0314909,0.649148,0.350019,0.981863,0.472246,0.607993,0.615985,0.477414,0.466223,0.396956,0.449283,0.182156,0.250269,0.83068,0.330862,0.488616,0.668865,0.477998,0.196269,0.521476,0.350442,0.646613,0.659977,0.0846002,0.524516,0.427829,0.339413,0.351836,0.459206,0.234034,0.275049,0.201921,0.560689,0.120151,0.393623,0.270438,0.712141,0.192892,0.171444,0.316762,0.548668,0.294951,0.648582,0.254501,0.567909,0.537274,0.554239,0.213667,0.298666,0.145818,0.279767,0.650344,0.542892,0.595172,0.483524,0.699284,0.775,0.579289,0.558316,0.0560582,0.338646,0.37499,0.637053,0.176955,0.404979,0.564541,0.434065,0.286497,0.321525,0.124081,0.200101,0.850147,0.381328,0.312273,0.444496,0.462314,0.75122,0.384312,0.159743,0.0623868,0.337279,-0.0136778,0.772878,0.251394,0.328408,0.240957,0.643666,0.602968,0.748795,0.31155,0.413435,0.372626,0.540898,0.0215209,0.359948,0.163904,0.625193,0.610239,0.151994,0.718889,0.615133,0.0532263,0.394755,0.41059,0.158254,0.297898,0.0670721,0.890433,0.546113,0.0351621,-0.121191,0.086223,0.386145,0.406468,0.482043,0.192302,0.142001,0.235664,0.10834,0.193026,0.660408,0.334922,0.44281,0.124771,0.101581,-0.00417076,0.213046,0.0824749,0.555739,0.0632279,0.501489,0.325611,0.517366,0.527182,0.589763,0.337785,-0.0358375,0.312092,0.406715,0.308351,0.480369,0.204408,0.280641,0.595088,0.536576,0.328814,0.0649548,0.264648,0.329936,0.0669179,0.400304,0.679081,0.189837,0.26948,0.406192,0.00340051,0.541745,0.397222,0.150228,0.0594793,0.484008,0.268681,-0.054813,0.23007,0.351834,0.519497,0.868401,0.885875,0.207791,0.35228,0.512317,0.453876,0.479232,0.388917,0.635348,1.16086,0.32765,0.63467,0.446602,0.524985,0.618682,0.410623,0.885875,0.207791,0.385939,0.131777,0.944569,0.248792,0.482442,0.757954,0.668656,0.350115,0.0217488,0.785439,0.163453,-0.0103169,0.130951,0.214728,0.31167,0.201451,0.188961,0.2764,0.0856471,0.930739,0.213825,0.233718,0.317308,0.541813,0.163344,0.138614,0.106338,0.292311,0.467773,0.493103,0.31795,0.0802046,0.61105,-0.000975076,0.544762,0.441187,0.305404,0.884721,0.329516,0.849958,0.313928,0.175231,0.158949,0.38759,0.264579,0.31167,0.201451,0.769172,0.424455,0.620631,0.0860383,0.0100936,0.123244,0.753398,0.815,0.379688,0.127235,0.409929,0.589112,0.494596,0.373225,0.290131,0.288595,0.363461,0.333398,0.872318,0.33948,0.320256,0.242961,0.373351,0.154624,0.734952,0.388852,0.427461,0.126235,0.23531,0.440987,0.415608,0.29236,0.202298,0.270726,0.358209,0.451743,0.251775,0.26948,0.406192,0.848176,0.374386,0.282261,0.286963,0.186336,0.363022,0.33551,0.119197,0.301272,0.282296,1.06091,0.25129,0.416687,0.354514,0.423809,0.438695,0.0390413,0.700204,0.61715,0.261488,0.301353,0.27852,0.254598,0.19699,0.199232,0.308662,0.151786,0.447826,0.620918,0.0151338,0.0922525,0.301472,0.222611,0.35842,0.272704,0.374121,0.211995,0.203615,0.141157,0.434622,0.247582,0.406715,0.308351,0.215263,0.31049,0.176539,0.361465,0.126025,0.307751,-0.00954178,0.31051,0.0817961,0.469278,0.17118,0.457896,0.346779,0.359577,0.0426511,0.513734,0.187399,0.141369,0.107646,0.333398,0.872318,0.129925,0.223314,0.409874,0.250541,0.280557,0.0854733,0.359578,0.157064,0.8898,0.440775,0.129304,0.368782,0.260691,0.258189,0.0591045,0.803278,0.139023,0.441809,0.115441,0.82117,0.36919,0.07707,0.175304,0.126082,-0.0445456,0.345847,0.448004,0.353536,0.142886,0.361101,0.152164,0.123563,0.411618,0.268915,0.350735,0.69817,0.249121,0.55912,0.21677,0.574231,0.468814,0.253201,0.126706,0.433761,0.579416,0.201383,0.153011,0.142688
0.597715,0.638988,0.436167,0.48416,0.454329,0.706109,0.172966,0.0671139,0.747591,0.259504,0.264497,0.0607334,0.342527,0.243208,0.512292,-0.0465197,0.272265,0.606524,0.713039,0.519089,0.346537,0.394107,0.0901783,0.758693,0.228251,0.391328,0.320154,0.455407,0.597388,0.613947,0.550514,0.302954,0.200369,0.40802,0.480768,0.416103,0.25086,0.523892,0.438054,0.459106,0.602044,0.505145,0.345566,0.903713,0.280211,0.224273,0.255299,0.514178,0.779171,0.837877,0.662334,0.65394,0.473755,0.826147,0.208496,0.736651,0.645488,0.83426,0.295971,0.347489,0.388669,0.310592,0.572097,0.427003,0.395743,0.215651,0.205822,0.405724,0.230386,0.292874,0.643215,0.368559,0.0907415,0.20441,0.300795,0.574975,0.73993,0.0157196,0.677851,0.348696,0.425528,0.334653,0.409482,0.433592,0.177801,0.218929,0.593606,0.0982593,0.446185,0.404559,0.695829,0.143373,0.183713,0.251405,0.519792,0.0808523,0.694016,0.347547,0.40802,0.480768,0.467198,0.167096,0.29512,0.120181,0.202115,0.578824,0.616639,0.233143,0.441684,0.543151,0.7507,0.713201,0.657091,0.309056,0.339352,0.422007,0.395495,0.190172,0.0928173,0.442856,0.360935,0.208517,0.108788,0.35897,0.489851,0.735732,0.305551,0.113685,0.522767,0.177569,0.300729,0.369477,0.0732259,0.173586,0.164194,0.13941,0.653515,0.501424,0.327345,0.221139,0.299008,0.61062,0.564905,0.38273,0.61677,0.609599,0.454732,0.290277,0.81813,0.159374,0.721049,0.487786,0.0856711,0.695481,0.343539,0.291176,0.428055,0.665148,0.327492,0.177916,0.176841,0.544292,0.343073,0.322129,0.28055,0.0903319,0.451208,0.643842,0.605536,0.126132,0.12722,0.258889,0.202668,0.219667,0.361241,0.30668,0.556061,0.109344,0.334448,0.1128,0.29775,0.220219,0.243642,0.153233,0.110073,0.191105,0.139508,0.577353,0.454736,0.654031,0.179562,0.395975,0.328231,0.442373,0.143549,0.133601,0.281028,0.645491,0.187201,0.0999343,0.337674,0.11622,0.0820688,0.0826148,0.376982,0.738383,0.21975,0.203453,0.350538,0.322455,0.436528,0.403118,0.150398,0.467628,0.129058,0.268878,0.306011,0.161504,0.272584,0.678167,0.262824,0.579,0.164823,0.274831,0.779157,0.247117,0.405129,0.0331601,0.356303,0.258795,0.308103,0.239025,0.339747,0.51609,0.782174,0.51348,0.579,0.164823,0.190266,0.17784,0.814561,0.318955,0.420108,0.616379,0.702079,0.330999,0.169648,0.775746,0.14319,0.216205,0.0933043,0.104129,0.392983,0.221013,0.3135,0.582074,0.138882,0.560596,0.11585,0.346457,0.204255,0.447422,0.144288,0.110678,0.213919,0.180962,0.220755,0.154709,0.197136,0.11394,0.801958,0.23667,0.207038,0.586409,0.158834,0.812439,0.534373,0.827498,0.188953,0.102858,0.0874209,0.209642,0.151659,0.392983,0.221013,0.587532,0.419701,0.202961,0.169929,0.297482,0.100281,0.574179,0.690996,0.338725,0.218696,0.193741,0.463201,0.452217,0.253271,0.207841,0.217947,0.195825,0.440263,0.45422,0.0953778,0.469086,0.175066,0.235358,0.167248,0.401526,0.133062,0.381695,0.121435,0.107865,0.35835,0.216288,0.189502,0.108,0.432557,0.277597,0.360185,0.149299,0.203453,0.350538,0.159748,0.80364,0.081201,0.426039,0.0715736,0.247075,0.406756,0.242453,0.172966,0.103088,0.322149,0.110091,0.310479,0.282553,0.147176,0.441888,0.268024,0.648158,0.521037,0.274017,0.316228,0.149505,0.267603,0.215447,0.171834,0.0805378,0.131738,0.172175,0.329162,0.296161,0.13009,0.154712,0.1857,0.227243,0.148867,0.297505,0.209079,0.173493,0.0624317,0.0937149,0.116765,0.328231,0.442373,0.182594,0.148904,0.162594,0.105809,0.0847292,0.466972,0.282651,0.0848166,0.0751124,0.200327,0.228837,0.234085,0.0926962,0.367954,0.0304138,0.494764,0.120497,0.275917,0.110325,0.440263,0.45422,0.193861,0.334563,0.369423,0.339914,0.178863,0.169257,0.224696,0.142633,0.722321,0.205135,0.126197,0.17869,0.587451,0.123998,0.152338,0.235831,0.073281,0.27832,0.0892599,0.137066,0.125992,0.259035,0.0774826,0.0923464,0.210967,0.0917448,0.54113,0.377017,0.110422,0.376754,0.134608,0.111975,0.183692,0.164195,0.281371,0.295337,0.209118,0.148485,0.114933,0.368549,0.205988,0.105108,0.0311645,0.156063,0.526961,0.144668,0.127642,0.197631
0.767543,0.4886,0.70068,0.212696,0.758521,0.941949,0.301839,0.132215,0.430434,0.567053,0.659739,0.0360607,0.769661,-0.00921843,0.616107,0.329588,0.415204,0.215349,0.375736,0.282916,0.388464,0.551023,0.38028,0.00986864,0.536287,0.441276,0.259026,0.554693,0.72235,0.764241,0.762749,0.590356,0.629885,0.812778,0.70136,0.608747,0.398104,0.112642,0.610581,0.505723,0.240231,0.684003,0.453505,0.569831,0.247972,0.0253548,0.435593,0.32782,0.366151,0.425579,0.209791,0.471114,0.70873,0.684169,0.269108,0.490241,0.33167,0.496802,1.25051,0.560721,0.557913,0.565767,0.422087,0.366937,0.275669,0.259877,0.384948,0.352895,0.830393,0.554565,0.134697,0.149571,0.0555291,0.461826,0.196089,0.779093,0.525716,0.0640936,0.261329,0.341148,0.458584,0.174331,0.45422,0.157724,0.362848,0.309257,0.328549,0.734582,0.171203,0.521184,0.50903,0.264493,0.40351,0.677994,0.795492,0.121497,0.848305,0.474777,0.812778,0.70136,0.760182,0.593516,0.503511,0.255059,0.299968,1.15773,0.373322,0.499306,0.266708,0.597166,0.492464,0.461914,0.407353,0.201957,0.118029,0.754715,0.258562,0.0605795,0.447311,0.57225,0.927245,0.0614279,0.0881829,0.310956,0.655935,0.391284,0.117994,0.169103,0.525851,0.18353,0.319916,0.203519,0.0842073,0.856155,0.135555,0.0525601,0.707918,0.586762,0.770667,0.425574,0.341513,0.676756,0.492204,0.952707,0.667947,0.262428,0.920381,0.260778,0.721162,0.202149,0.386552,0.642301,1.00494,0.814676,0.166626,0.0771363,0.205155,0.60876,0.150559,0.933682,0.14364,0.502293,0.549102,0.0918569,0.283555,0.842496,0.251886,0.312716,0.324579,0.302331,0.125802,0.13891,0.0468095,0.0457496,0.596287,0.152298,0.203263,0.339746,0.275906,0.0903647,0.722194,0.16766,0.523646,0.124008,0.32235,0.567637,0.392852,0.777938,0.607037,0.670479,0.184856,0.33076,0.67525,0.526577,0.638061,0.125981,0.199315,0.319243,0.219004,0.180018,0.0430347,0.323584,0.397774,0.119174,0.538882,0.905287,0.393447,0.389892,0.23815,0.32198,0.406581,0.875858,0.204002,0.290626,0.396837,0.331405,0.21985,0.211467,0.232063,0.2805,0.949381,0.336116,0.334012,0.083912,0.308632,0.333613,0.531834,0.181751,0.455762,0.32083,0.393667,0.391263,0.558648,0.399816,0.261102,0.224535,0.336116,0.334012,0.212322,0.0933338,0.918324,0.292174,0.455074,0.561175,0.558272,0.274364,0.181581,0.626852,0.118317,0.328247,0.134768,0.167659,0.637293,0.105001,0.351366,0.613998,0.148016,0.545753,0.152974,0.488907,0.257926,0.327684,0.13729,0.114934,0.290813,0.453933,0.282506,0.309846,0.400895,0.0711041,0.303932,0.18037,0.420549,0.459417,0.330059,0.871381,0.0388579,0.916378,0.334722,0.285557,0.157895,0.279252,0.215544,0.637293,0.105001,0.538328,0.791875,0.867731,0.206263,0.847157,0.169236,0.691832,0.678534,0.626329,0.165083,0.521297,0.422005,0.751144,0.342167,0.38359,0.230809,0.0856364,0.670202,0.547666,0.11381,0.489874,0.334785,0.452906,0.338548,0.316415,0.291127,0.265305,0.103743,0.291438,0.488975,0.335237,0.254383,0.171757,0.170269,0.301849,0.327554,0.438105,0.389892,0.23815,0.218743,0.429297,0.16422,0.413329,0.136248,0.456986,0.1714,0.0810846,0.384734,0.163003,0.502683,0.118362,0.195638,0.565188,0.322279,0.339768,0.251341,0.731058,0.413219,0.315777,0.313642,0.271334,0.651266,0.144555,0.301561,0.349188,0.21506,0.265903,0.76552,0.281991,0.10223,0.226276,0.316724,0.753249,0.0998738,0.818232,0.470155,0.40201,0.0797551,0.173226,0.162755,0.67525,0.526577,0.488104,0.134404,0.241128,0.13803,0.259803,0.284516,0.260404,0.137622,0.0553283,0.365598,0.498697,0.428898,0.133408,0.253485,0.0350044,0.709293,0.280601,0.143366,0.168247,0.670202,0.547666,0.271566,0.143833,0.501959,0.260682,0.319555,0.0961319,0.897395,0.274537,0.870839,0.292205,0.188443,0.293275,0.318045,0.288006,0.214877,0.469802,0.094895,0.357615,0.0690432,0.446212,0.105955,0.300343,0.136978,0.193879,0.200447,0.120451,0.34178,0.290358,0.213112,0.306241,0.210289,0.202061,0.517764,0.270198,0.543403,0.464872,0.382954,0.489595,0.235016,0.411717,0.386481,0.269083,0.591163,0.20059,0.394405,0.15952,0.23335,0.39539
0.727399,0.657325,0.48563,0.0115513,0.536492,0.736101,0.0801856,0.101622,0.673958,0.32819,0.402689,0.147056,0.298619,0.177422,0.267109,0.222256,0.171685,0.440984,0.497508,0.436763,0.54098,0.431281,0.292428,0.39263,0.582205,0.508145,0.325324,0.398404,0.619791,0.731885,0.765095,0.209775,0.150977,0.372744,0.775514,0.257184,0.285034,0.293853,0.339933,0.390953,0.724764,0.533841,0.454486,0.645561,0.24825,0.140863,0.290789,0.387565,0.638191,0.691326,0.443576,0.510027,0.552267,0.635285,0.304996,0.6346,0.515774,0.787607,0.490912,0.852645,0.74265,0.796676,0.455908,0.326688,0.557728,0.189923,0.337249,0.453419,0.366054,0.478751,0.6886,0.453869,0.117541,0.532738,0.381924,0.626642,0.652973,0.109413,0.452681,0.355556,0.370234,0.15532,0.33319,0.363568,0.264917,0.120032,0.436784,0.00959892,0.465161,0.503095,0.61467,0.153958,0.227918,0.182558,0.396737,0.0447946,0.79064,0.425111,0.372744,0.775514,0.59404,0.6413,0.284139,0.110701,0.367716,0.641757,0.401819,0.283514,0.468463,0.561072,0.285732,0.543107,0.660499,0.168388,0.196583,0.403262,0.419511,0.133659,0.264879,0.549399,0.495499,1.18106,0.28749,0.414286,0.208616,0.638305,0.178861,0.068417,0.709824,0.166771,0.833049,0.370866,0.0734403,0.258915,0.0802668,0.0333027,0.560876,0.302582,0.450606,0.531139,0.250312,0.713514,0.709349,0.690967,0.567202,0.412605,0.636945,0.296181,0.691266,0.340006,0.575963,0.0892146,0.123376,0.73742,0.487107,0.0142528,0.435397,0.437253,0.259838,0.371208,0.211608,0.658536,0.556653,0.0205699,0.12876,0.0973243,0.312991,0.271195,0.611825,0.0840395,0.0724503,0.083753,0.0284296,0.259477,0.4523,0.382928,0.304515,0.134463,0.421185,0.0548016,0.599857,0.115359,0.493775,0.138047,0.177131,0.057236,0.41633,0.60822,0.745686,0.402085,0.148439,0.370705,0.547946,0.364452,0.460495,0.0733553,0.317658,0.484716,0.374585,0.131874,0.081524,0.216439,5.31508,0.0495897,0.475372,0.5442,0.174801,0.382047,0.219597,0.270097,0.382242,0.513816,0.103685,0.388232,0.175517,0.16555,0.234037,0.353737,0.297415,0.49687,0.345698,0.602065,0.132704,0.170226,0.405118,0.549002,0.419574,0.192687,0.646067,0.6358,0.24462,0.149574,0.483645,0.339147,0.317702,0.423282,0.602065,0.132704,0.400444,0.0935289,0.919901,0.185796,0.550383,0.404258,0.57184,0.438267,0.141724,0.777339,0.15582,0.268178,0.0793339,0.14867,0.263876,0.190121,0.277417,0.555691,0.166757,0.746463,0.29868,0.178123,0.236552,0.568741,0.23918,0.10798,0.217715,0.278262,0.348762,0.194046,0.430282,0.103293,0.719111,0.192017,0.520707,0.544265,0.0814517,0.835963,0.832657,0.821965,0.306634,0.176074,0.0811405,0.372082,0.380665,0.263876,0.190121,0.51118,0.593801,0.316441,0.235511,0.39881,0.0862547,0.725381,0.566408,0.375464,4.83192,0.0978458,0.830533,0.275904,0.381064,0.209161,0.400476,0.119444,0.522299,0.813654,0.189684,0.408593,0.177934,0.372232,0.228693,0.473603,0.192923,0.496662,1.1576,0.206249,0.570502,0.331102,0.40192,0.117016,0.234632,0.247332,0.398192,0.0715466,0.382047,0.219597,0.145482,0.36688,0.202011,0.434161,0.0890101,1.2214,0.345555,0.0979321,0.326688,0.0421231,0.544034,0.183018,0.403393,0.259675,0.270906,0.50659,0.169845,0.725619,0.704085,0.211718,0.220193,0.267603,0.252401,0.245207,0.281975,0.162982,0.224942,0.266733,0.841677,0.291719,0.349115,0.235449,0.271669,0.569518,0.156077,0.469497,0.362801,0.178664,0.117588,0.137136,0.0900699,0.547946,0.364452,0.219563,0.302771,0.152221,0.527274,0.145549,0.364246,0.154948,0.273011,0.07356,0.325304,0.356732,0.368861,0.258874,0.305226,0.0603861,0.533838,0.299386,0.215223,0.265354,0.522299,0.813654,0.174008,0.26384,0.445055,0.190747,0.32454,0.163843,0.474101,0.151643,0.8467,0.372047,0.288673,0.441526,0.180417,0.222534,0.0761216,0.444967,0.121597,0.484789,0.0852631,0.293477,0.0571097,0.0891148,0.42927,0.332866,0.249744,0.0835861,0.416201,0.64431,0.224771,0.221073,0.161304,0.0954215,0.55542,0.345446,0.265225,0.420156,0.29128,0.495174,0.263919,0.635134,0.181108,0.120718,0.423548,0.235415,0.379126,0.164564,0.19301,0.173319
0.51603,0.579502,0.391408,0.533224,0.536084,0.664188,0.621558,0.0962563,0.549475,0.459056,0.482278,0.369867,0.35868,0.53667,0.538309,0.413814,0.0977493,0.217461,0.472413,0.714993,0.446591,0.432603,0.184746,0.30788,0.380565,0.34141,0.429674,0.577238,0.633771,0.664991,0.651286,0.265389,0.176584,0.642814,0.59923,0.166849,0.0979439,0.331127,0.353594,0.422728,0.440514,0.461123,0.286025,0.68826,0.450437,0.481012,0.424394,0.597363,0.528184,0.621748,0.277958,0.535666,0.963393,0.812713,0.152049,0.497232,0.427615,0.913537,0.412096,0.688382,0.574684,0.369943,0.431609,0.363889,0.239043,0.279995,0.385841,0.474183,0.192537,0.327005,0.548433,0.403382,0.213699,0.185161,0.567341,0.513597,0.478019,0.0923599,0.266282,0.286057,0.347465,0.362581,0.454427,0.238001,0.190114,0.227321,0.596963,0.126504,0.515538,0.322223,0.634248,0.12799,0.154367,0.365838,0.505708,0.496712,0.689191,0.331073,0.642814,0.59923,0.532721,0.226273,0.516984,0.110365,0.22048,0.590063,0.3922,0.164592,0.698238,0.502989,0.844695,0.437409,0.632403,0.461681,0.174702,0.287372,0.671622,0.297838,0.202733,0.461728,0.535829,0.192074,0.317566,0.391225,0.193798,0.819893,0.184803,0.0688889,0.267072,0.187107,0.242505,0.404659,0.414625,0.196549,0.304766,0.162454,0.284531,0.315549,0.445196,0.234224,0.308624,0.710378,0.583937,0.348892,0.664532,0.193352,0.557092,0.341569,0.697546,0.131526,0.386561,0.656164,0.126556,0.549402,0.162544,0.252702,0.533956,0.416999,0.455645,0.143595,0.22815,0.375048,0.364857,0.283203,0.463169,0.110411,0.580869,0.243443,0.378387,0.124128,0.278803,0.459757,0.105534,0.250359,0.570074,0.535866,0.306009,0.163215,0.40735,0.21612,0.49762,0.253439,0.253102,0.305082,0.251781,0.248875,0.228234,0.380964,0.342341,0.462659,0.253255,0.591428,0.360797,0.531142,0.333175,0.285153,0.44262,0.29321,0.118104,0.169995,0.215694,0.101654,0.224616,0.340953,0.711474,0.493258,0.238478,0.237796,0.216314,0.384012,0.655618,0.305766,0.238935,0.430492,0.12223,0.251208,0.407669,0.242938,0.1821,0.28371,0.26971,0.651226,0.219995,0.352294,0.398781,0.253265,0.43998,0.0171109,0.399468,0.254102,0.216568,0.144275,0.227616,0.450382,0.657794,0.176777,0.651226,0.219995,0.168317,0.360813,0.822798,0.219293,0.448315,0.426529,0.672589,0.36044,0.227547,0.682576,0.256593,0.302847,0.26139,0.0536065,0.222322,0.360169,0.367851,0.666564,0.243801,0.546829,0.255299,0.358772,0.182862,0.347152,0.222206,0.117356,0.363952,0.138967,0.241685,0.126435,0.191231,0.14947,0.632355,0.313266,0.189553,0.323838,0.238013,0.771197,0.419861,0.842327,0.220931,0.067134,0.122051,0.226185,0.128128,0.222322,0.360169,0.645822,0.369827,0.322572,0.16337,0.31878,0.170933,0.602765,0.73318,0.291185,0.178254,0.292622,0.472826,0.265566,0.254596,0.0909818,0.17934,0.325583,0.443813,0.285438,0.114712,0.468088,0.158179,0.215561,0.13257,0.283878,0.155114,0.584962,0.188612,0.200995,0.259605,0.204164,0.227597,0.0863996,0.19473,0.33384,0.499136,0.251615,0.237796,0.216314,0.120452,0.385873,0.10299,0.358245,0.0542187,0.2305,0.213834,0.199628,0.123962,0.139525,0.188247,0.103593,0.220865,0.370834,0.200827,0.0487776,0.346591,0.723553,0.605454,0.208428,0.405716,0.142913,0.246546,0.114206,0.145772,0.274896,0.326563,0.153183,0.544631,0.347814,0.149495,0.155995,0.141847,0.231602,0.162754,0.327002,0.558336,0.149427,0.0707781,0.0679768,0.10335,0.360797,0.531142,0.158436,0.142791,0.104504,0.117218,0.104775,0.132163,0.295931,0.50871,0.0871382,0.105819,0.164492,0.112971,0.183541,0.0300612,0.0422157,0.441727,0.116389,0.127639,0.131228,0.443813,0.285438,0.315311,0.131849,0.442059,0.211586,0.161962,0.135449,0.270155,0.224819,0.758364,0.0170583,0.112615,0.221104,0.41277,0.0776942,0.17273,0.181682,0.0755216,0.165537,0.078929,0.156428,0.0650939,0.212965,0.0889609,0.165665,0.154455,0.136378,0.274122,0.176013,0.179015,0.429374,0.13832,0.099288,0.189648,0.102651,0.296367,0.328563,0.376155,0.0480801,0.22637,0.19123,0.174416,0.0843534,0.274219,0.401259,0.0436829,0.153029,0.102302,0.172524
0.42344,0.525307,0.532188,0.302029,0.482567,0.722005,0.236821,0.0641644,0.704107,0.442737,0.474039,0.120276,0.40199,0.245814,0.386269,0.262809,0.334914,0.646139,0.487988,0.317625,0.652912,0.475351,0.164528,0.392482,0.299445,0.41129,0.375473,0.389938,0.427136,0.548456,0.423444,0.216623,0.130961,0.517115,0.674008,0.414467,0.299533,0.867326,0.419922,0.384341,0.218771,0.594948,0.483904,0.621826,0.548758,0.47022,0.247947,0.510251,0.450244,0.588286,0.517453,0.603442,0.938012,0.962335,0.104047,0.711853,0.313893,0.787341,0.456167,0.616639,0.391899,0.6325,0.227112,0.0656541,0.364041,0.226024,0.144791,0.672724,0.406328,0.243571,0.675639,0.357397,0.118818,0.597269,0.383316,0.603348,0.452826,0.0939994,0.245293,0.378639,0.427425,0.307749,0.230582,0.452799,0.217426,0.714404,0.43778,0.134214,0.408709,0.51734,0.699233,0.105243,0.142333,0.55282,0.532602,0.221621,0.646713,0.285447,0.517115,0.674008,0.535109,0.341772,0.97334,0.0636991,0.158255,0.731116,0.429566,0.451515,0.511134,0.393724,0.655719,0.338179,0.661038,0.376135,0.397309,0.472736,0.358974,0.359482,0.240155,0.510681,0.425153,0.137742,0.209364,0.444923,0.323828,0.639513,0.0859679,0.1521,0.450466,0.14825,0.412462,0.369798,0.0826151,0.134919,0.269135,0.162427,0.346928,0.386349,0.781781,0.164448,0.246784,0.795347,0.698138,0.328356,0.555014,0.232916,0.459883,0.340388,0.650177,0.204957,0.275129,0.995554,0.112407,0.682436,0.606189,0.140131,0.403987,0.616712,0.373912,0.297938,0.141732,0.61844,0.347389,0.150846,0.222365,0.0933927,0.39058,0.266843,0.21207,0.0905191,0.301093,0.299875,0.186224,0.299457,0.435688,0.551385,0.248526,0.212537,0.323169,0.0662211,0.330308,0.179349,0.327599,0.204534,0.203822,0.188273,0.183262,0.527081,0.447224,0.459182,0.124857,0.621958,0.356692,0.523147,0.37296,0.163103,0.345963,0.292188,0.130234,0.181691,0.15912,0.0940841,0.235039,0.240614,0.726366,0.347763,0.218113,0.27921,0.177412,0.353583,0.488973,0.22945,0.221259,0.363267,0.259559,0.20666,0.331825,0.284636,0.256599,0.204174,0.459973,0.712453,0.22224,0.285916,0.355419,0.335859,0.610239,0.230574,0.436414,0.269157,0.400324,0.236235,0.165884,0.756818,0.324457,0.210313,0.712453,0.22224,0.233234,0.264452,0.909354,0.173222,0.545816,0.572585,0.651434,0.351882,0.154523,0.855192,0.208355,0.352595,0.0840434,0.110821,0.200347,0.433342,0.211906,0.585866,0.200439,0.528437,0.110206,0.280156,0.267899,0.498458,0.179219,0.141593,0.575186,0.421867,0.330573,0.239992,0.17329,0.202921,0.62674,0.339191,0.238573,0.380793,0.425742,0.875441,0.362896,0.885068,0.1657,0.215198,0.169501,0.268257,0.243234,0.200347,0.433342,0.604029,0.72788,0.307025,0.226531,0.405955,0.294777,0.739596,0.718155,0.448371,0.271754,0.448586,0.47762,0.579062,0.216036,0.255084,0.16042,0.300655,0.366189,0.487374,0.114188,0.503995,0.230042,0.493588,0.131356,0.354466,0.179277,0.481465,0.1721,0.218613,0.351715,0.29196,0.192981,0.157163,0.0763381,0.350471,0.514669,0.482308,0.27921,0.177412,0.0945911,0.334877,0.137726,0.329718,0.071941,0.351087,0.205517,0.0568601,0.272854,0.13318,0.316643,0.135814,0.170517,0.507933,0.158928,0.519625,0.27045,0.689533,0.605106,0.285934,0.301534,0.34239,0.269321,0.280044,0.373921,0.137751,0.168427,0.292686,0.539949,0.363739,0.13886,0.175274,0.139083,0.335456,0.22624,0.715491,0.0656388,0.250757,0.14707,0.160166,0.165998,0.356692,0.523147,0.232477,0.152238,0.146206,0.266396,0.177883,0.69452,0.288549,0.243021,0.104607,0.30277,0.199085,0.32937,0.125875,0.389044,0.206238,0.720957,0.168084,0.137248,0.126297,0.366189,0.487374,0.310695,0.282148,0.560523,0.281089,0.173653,0.0963482,0.29183,0.193849,0.858691,0.56162,0.155183,0.0965385,0.0416113,0.265851,0.174456,0.385279,0.222046,0.624936,0.0421173,0.423374,0.20994,0.254217,0.137206,0.155629,0.159813,0.192837,0.250197,0.0773904,0.443933,0.393142,0.199051,0.166473,0.309213,0.316015,0.772316,0.222841,0.431018,0.299329,0.181247,0.690455,0.205336,0.119642,0.494392,0.190021,0.424602,0.143123,0.182012,0.313496
0.665103,0.727816,0.660382,0.2028,0.651949,0.826067,0.45754,0.27372,0.881575,0.26729,0.348888,0.443529,0.470052,0.168573,0.254929,0.226114,0.36209,0.518564,0.366197,0.602942,0.258006,0.358871,0.159022,0.588757,0.494536,0.589172,0.499066,0.645142,0.719497,0.773044,0.824754,0.453538,0.287988,0.107564,0.693056,0.415513,0.391519,0.237589,0.309294,0.35631,0.482558,0.730836,0.734869,0.450523,0.224296,0.407172,0.244147,0.262915,0.551236,0.613035,0.323463,0.473321,0.623323,0.477731,0.595587,0.554597,0.45936,0.554302,0.548693,0.763078,0.701516,0.632011,0.287988,0.305135,0.457796,0.142964,0.227505,0.568384,0.408168,0.217975,0.359636,0.274861,0.0276867,0.788144,0.303784,0.371791,0.523237,0.808579,0.161372,0.163188,0.311436,0.184606,0.309416,0.0658365,0.350548,0.272082,0.501691,0.211446,0.0849831,0.118732,0.609024,0.108231,0.277947,0.585201,0.319296,0.547561,0.738914,0.506903,0.107564,0.693056,0.683223,0.216335,0.293535,0.14255,0.203278,0.578819,0.309924,0.320171,0.317473,0.431574,0.372657,0.321444,0.602509,0.139761,0.111927,0.208566,0.271473,0.574427,0.303399,0.61937,0.534957,0.185911,0.284171,0.415804,0.0710985,0.357694,0.141506,0.23359,0.352472,0.428451,0.203752,-0.0467195,0.126409,0.321912,0.138219,0.201293,0.513499,0.282127,0.418445,0.315167,0.338064,0.48021,0.614741,0.304636,0.52448,0.198151,0.649825,0.279478,0.771496,0.181821,0.418349,0.51215,0.429643,0.485328,0.485055,0.0163464,0.172341,0.155813,0.161748,0.50608,0.139024,0.499903,0.594889,0.0979499,0.422641,0.305968,0.285255,0.147859,0.342587,0.0174348,0.100613,0.283302,0.512937,0.119565,0.456399,0.119408,0.292999,0.17672,0.302412,0.109254,0.657989,0.140498,0.239028,0.127123,0.165959,0.520802,0.415157,0.530508,0.432323,0.401364,0.0804996,0.478939,0.398053,0.52461,0.444849,0.126094,0.100318,0.262916,0.27297,0.132762,0.0819028,0.14594,0.306119,0.0344865,0.425348,0.486475,0.393054,0.195968,0.169148,0.221464,0.498806,0.322879,0.184407,0.293245,0.157429,0.259923,0.261724,0.291582,0.297985,0.275764,0.541741,0.6649,0.220439,0.128644,0.425094,0.418185,0.423598,0.12438,0.398777,0.249621,0.501599,0.320791,0.537349,0.508747,0.409823,0.168203,0.6649,0.220439,0.43412,0.167759,0.873753,1.21631,0.659685,0.221109,0.910686,0.405599,0.142685,0.987803,0.230891,0.427859,0.103957,0.138862,0.0599902,0.153021,0.0974488,0.648901,0.325832,0.579931,0.17371,0.331901,0.235713,0.592093,0.234633,0.140642,0.116656,0.237082,0.345859,0.285402,0.152654,0.0602758,0.472433,0.3741,0.239345,0.369244,0.443458,0.768617,0.374076,0.950025,0.258155,0.121461,0.055844,0.348068,0.367212,0.0599902,0.153021,0.570709,0.468642,0.300754,0.342377,0.407457,0.175685,0.97697,0.66951,0.21805,0.183904,0.475827,0.561066,0.560255,0.540298,0.364009,0.307287,0.81792,0.682835,0.413757,0.182158,0.540711,0.220229,0.52293,0.172336,0.398515,0.348204,0.552853,0.19527,0.327105,0.533186,0.16088,0.402468,0.187754,0.133635,0.286607,0.554664,0.244248,0.195968,0.169148,0.273872,0.340716,0.190114,0.346537,0.139283,0.586148,0.313328,0.391464,0.255659,0.165396,0.349737,0.126163,0.335924,0.398456,0.247793,0.333206,0.127281,0.40404,0.438785,0.265377,0.217299,0.316982,0.268434,0.358749,0.270869,0.357419,0.181257,0.288046,0.660251,0.333393,0.266145,0.244872,0.270148,0.510526,0.202657,0.515439,0.701161,0.238005,0.175175,0.113988,0.239007,0.398053,0.52461,0.248392,0.284217,0.214702,0.124234,0.171626,0.637643,0.362043,0.243608,0.0576988,0.0806683,0.32861,0.343232,0.318097,0.424024,0.0402,0.241228,0.191593,0.405626,0.309278,0.682835,0.413757,0.210421,0.0319663,0.506287,0.222903,0.398456,0.124477,0.64575,0.169336,0.773757,0.306594,0.306132,0.416869,0.497706,0.215687,0.196865,0.30022,0.111945,0.381494,0.185773,0.330226,0.133307,0.207437,0.173487,0.146033,0.29876,0.200045,0.256758,0.244246,0.72787,0.305895,0.237697,0.278418,0.243263,0.187406,0.612932,0.578835,0.493454,0.105046,0.160582,0.470043,0.16303,0.277954,0.41171,0.23344,0.600614,0.263986,0.153939,0.371188
0.92739,0.554314,0.385465,0.561041,0.335793,0.727381,0.278982,0.0742426,0.685834,0.133687,0.150019,0.232389,0.367644,0.211861,0.239622,0.0811933,0.148396,0.47103,0.506465,0.366249,0.45235,0.354062,0.357708,0.594889,0.448011,0.215675,0.626794,0.568369,0.51582,0.54505,0.500652,0.29169,0.163399,0.221701,0.521915,0.208843,0.135631,0.264714,0.265128,0.323365,0.540939,0.506699,0.361139,0.711318,0.337585,0.209644,0.111511,0.480017,0.479547,0.725788,0.286005,0.51633,0.310052,0.521023,0.295887,0.667047,0.497533,0.724671,0.28611,0.613182,0.479258,0.212707,0.303596,0.193038,0.374935,0.191133,0.0967859,0.343114,0.162271,0.328733,0.924916,0.580594,0.107502,0.297419,0.719616,0.388475,0.509077,0.100907,0.318531,0.730898,0.37868,0.224724,0.233376,0.247575,0.156129,0.272814,0.382046,0.11572,0.533097,0.139683,0.681234,0.120825,0.089949,0.467206,0.201161,0.260375,0.712438,0.269528,0.221701,0.521915,0.36018,0.243453,0.150441,0.106508,0.147391,0.527664,0.515491,0.192074,0.398517,0.311226,0.559006,0.342029,0.536104,0.487631,0.14833,0.305504,0.570054,0.447044,0.0828943,0.310019,0.559109,0.24992,0.185794,0.348472,0.201637,0.541726,0.145258,0.102746,0.27882,0.202845,0.359777,0.4558,0.367076,0.194094,0.157513,0.326187,0.357729,0.302651,0.357645,0.177925,0.355528,0.645817,0.591162,0.244497,0.568563,0.324453,0.447643,0.602229,0.559672,0.105332,0.460287,0.214795,0.0673494,0.666768,0.361267,0.342451,0.568266,0.447844,0.617642,0.145702,0.237857,0.70955,0.361958,0.362175,0.397326,0.0707996,0.557554,0.237188,0.399362,0.167668,0.134716,0.549096,0.0260986,0.158436,0.516113,0.706705,0.28003,0.123648,0.469971,0.235206,0.642959,0.428023,0.186519,0.371171,0.353048,0.561801,0.236776,0.341546,0.666299,0.441789,0.371398,0.603913,0.401812,0.712533,0.285098,0.372459,0.626482,0.389433,0.156183,0.217166,0.232711,0.104194,0.16864,0.244827,0.298504,0.703369,0.233725,0.152251,0.166147,0.471898,0.506115,0.306693,0.333867,0.440527,0.2017,0.307606,0.428916,0.147488,0.205999,0.306795,0.376368,0.408842,0.187914,0.427012,0.519643,0.319743,0.351984,0.185,0.399427,0.195742,0.156279,0.0991716,0.26343,0.512648,0.499507,0.273843,0.408842,0.187914,0.225603,0.568384,0.853948,0.389366,0.415868,0.496924,0.712121,0.402207,0.386035,0.800283,0.319372,0.605544,0.235914,0.101085,0.159604,0.442329,0.300768,0.529127,0.435647,0.533301,0.31938,0.41497,0.203911,0.240056,0.303033,0.130538,0.382649,0.127211,0.286303,0.201128,0.183415,0.0648189,0.67591,0.411953,0.152269,0.394434,0.148147,0.806809,0.315032,0.85739,0.260508,0.175151,0.124346,0.199972,0.216479,0.159604,0.442329,0.699015,0.275908,0.230219,0.174577,0.419353,0.186306,0.638468,0.684711,0.21256,0.299834,0.267207,0.435789,0.516627,0.165627,0.14673,0.16258,0.129449,0.227114,0.364763,0.121998,0.605875,0.187143,0.186916,0.113154,0.300033,0.27207,0.679579,0.272314,0.320043,0.308059,0.188826,0.247921,0.0974391,0.18364,0.511125,0.686857,0.143522,0.152251,0.166147,0.194272,0.519646,0.147825,0.525339,0.0859726,0.597867,0.119879,0.0534111,0.261322,0.166612,0.253361,0.114534,0.196084,0.185738,0.17617,0.383857,0.365973,0.572549,0.450543,0.179388,0.482609,0.452118,0.240137,0.201402,0.183308,0.192201,0.478384,0.22122,0.541848,0.344545,0.188289,0.15977,0.194093,0.186977,0.146512,0.463449,0.130052,0.111834,0.0770766,0.163387,0.114451,0.401812,0.712533,0.147441,0.110032,0.129696,0.174567,0.0976623,0.553827,0.409883,0.60714,0.0396953,0.249936,0.204985,0.13373,0.232598,0.338808,0.0492182,0.308832,0.217584,0.124745,0.165353,0.227114,0.364763,0.114273,0.299362,0.360924,0.223634,0.202638,0.111338,0.278913,0.341786,0.802468,0.43977,0.161666,0.41455,0.396089,0.130411,0.182593,0.240504,0.0907558,0.468795,0.0630223,0.458376,0.151032,0.288848,0.216254,0.156702,0.272333,0.108557,0.203413,0.126758,0.160646,0.48066,0.138584,0.108696,0.536682,0.167924,0.251645,0.302587,0.23901,0.269752,0.321628,0.753787,0.214953,0.119823,0.390892,0.257151,0.452626,0.274484,0.155867,0.214822
0.361538,0.419327,0.192272,0.999138,0.234495,0.600065,0.496381,0.0548417,0.269476,0.144967,0.234161,0.347118,0.404187,0.253648,0.298661,0.231598,-0.046752,0.390358,0.388255,0.404673,0.299277,0.40371,0.727795,0.455803,0.226832,-0.0591655,0.436498,0.34057,0.470274,0.237772,0.29823,0.221283,0.141523,-0.016492,0.128324,0.123177,0.0699411,0.279684,0.138208,0.225203,0.202618,0.322734,0.277776,0.713091,0.383434,0.173835,0.40884,0.470715,0.312255,0.585741,0.539096,0.428745,0.590175,0.635622,0.753736,0.444796,0.522171,0.631197,0.381879,0.497996,0.44698,-0.0108507,0.189882,0.126481,0.376773,0.520628,0.212029,-0.0145721,0.0707897,0.146637,0.636337,0.457611,0.078092,0.412136,1.10272,0.166211,0.202969,0.232313,0.033858,0.838798,0.378718,0.586594,0.139212,0.0131934,0.100771,0.421966,0.298223,0.0623674,0.837971,0.160842,0.114429,0.142908,0.113928,0.280598,0.27496,0.293474,0.652485,-0.0800845,-0.016492,0.128324,0.295984,-0.00517617,0.0904036,0.0717594,0.172535,0.228419,0.211362,0.278191,0.36229,0.355209,0.425101,0.178768,0.607635,1.17641,0.20077,0.323898,1.15869,1.14303,0.0492232,0.391085,0.39408,0.861129,0.144865,0.40437,0.200878,0.475848,0.265259,0.0827843,0.244204,0.053717,0.165486,0.948776,1.19002,0.0523525,0.0514641,0.603764,0.0595462,0.257141,0.409781,0.130724,1.34188,0.666821,0.601106,0.164419,0.57115,0.110251,0.492178,1.045,0.35215,0.122569,0.0853355,0.241933,0.162395,0.334251,0.112946,0.765532,0.858918,0.183427,1.0298,0.00941413,1.26863,0.311516,0.134498,0.789235,0.74474,0.222545,0.956314,0.115841,0.187846,0.060119,0.150672,1.11238,0.040404,0.121111,0.0959936,1.03818,0.0224333,0.483698,0.98738,0.560316,0.0857629,1.12765,0.217749,0.980022,1.49852,0.91675,0.642118,0.196648,0.612342,0.366572,0.91556,0.968221,0.0663025,0.903567,-0.0591724,1.09066,1.33748,0.0906433,0.100474,0.380289,0.593273,0.174223,0.209318,0.308872,0.391772,0.419209,0.634495,0.0765786,0.119368,1.31136,0.454431,0.298083,1.14093,0.0334462,0.317947,0.923313,0.981561,0.00270781,0.576811,0.0528346,-0.0448681,0.460848,0.103919,0.899688,0.844569,0.200161,0.149689,0.342818,0.327408,0.179072,-0.0257538,0.469773,0.401765,1.25077,0.141896,0.0767699,0.460848,0.103919,0.297195,1.18292,0.777982,0.0972621,0.378246,0.141816,0.564176,0.956343,0.876689,0.707024,1.24421,0.873902,1.4412,0.0127798,-0.160596,0.922752,0.525239,0.473252,1.08095,0.50557,0.612854,0.343572,0.175307,0.0682919,0.66517,0.280813,1.0384,-0.0125146,0.443309,0.0752744,0.0354243,0.0584863,0.459609,0.55666,0.307359,0.272283,0.0874038,0.650126,0.201336,0.714444,0.521851,0.198796,0.252838,0.117737,-0.000341909,-0.160596,0.922752,0.569565,-0.0199585,0.153651,-0.0394741,0.0938381,0.802383,0.59961,0.564124,0.0698193,0.529231,0.201414,0.487382,0.818067,0.0334651,0.0110421,0.0607367,0.127876,0.207826,0.00546036,-0.00191474,0.83966,0.113044,0.0195608,0.0311722,0.546987,0.37361,0.372277,0.477654,0.87267,0.359393,0.132148,0.144598,0.00327801,0.141152,0.664404,0.527909,0.29537,0.0765786,0.119368,0.59265,0.261067,0.0351137,0.674276,0.0536517,0.182519,0.114757,0.125004,1.29079,0.150617,0.0599629,0.156948,0.0445853,0.224528,0.174024,0.110552,0.801286,0.542445,1.08965,0.0932102,0.832974,0.66539,0.221256,0.0220966,0.444727,0.415893,1.19221,-0.0418661,0.268687,0.709687,0.115229,0.114509,0.346706,0.580524,0.234702,0.622896,0.101245,0.074014,0.0621001,0.161747,0.123554,0.0663025,0.903567,0.124142,0.108758,0.107434,0.203757,0.0516565,0.562462,0.598426,0.989397,0.030836,0.174837,0.149524,0.104498,0.33181,0.286884,0.088341,0.185297,0.350247,0.0350811,0.0847695,0.207826,0.00546036,0.0601196,0.0369261,0.306325,0.32476,0.107481,0.269827,0.0862162,0.617059,0.794328,0.0168169,0.217732,0.807394,0.239717,0.161923,0.642587,0.0185574,0.16317,0.0948103,0.00606034,0.98377,0.166268,0.58786,0.0755638,0.187683,0.393909,0.28799,0.138446,0.241774,0.435149,0.899186,0.134256,0.0329961,0.198608,0.0142977,0.275351,0.628245,0.678379,0.993426,0.401139,0.432477,0.39572,0.0469032,0.667016,0.731634,0.673019,0.667106,0.177133,0.0621923
0.556701,0.272958,0.318511,0.540966,0.698695,0.67592,0.232725,0.0903838,0.781651,0.00143006,0.0411823,0.391041,0.491805,0.263225,0.503997,0.185424,0.206546,0.465532,0.663562,0.583497,0.676696,0.405437,0.207054,0.520308,0.401638,0.0326433,0.923243,0.39161,0.450255,0.295474,0.348006,0.270334,0.167467,0.263473,0.262473,0.254213,0.0278478,0.542371,0.246239,0.175061,0.496332,0.405062,0.190709,0.773682,0.405706,0.172443,0.0700458,0.943844,0.686387,0.84589,0.512823,0.600631,0.422644,0.881637,0.200231,0.705162,0.387976,0.950507,0.0572832,0.427862,0.226584,0.0694341,0.0901586,0.000126163,0.115625,0.175063,0.137738,0.710208,0.320005,-0.0760724,0.540813,0.232792,0.0531755,0.250606,0.467352,0.484328,0.368953,0.261736,0.0878075,1.15199,0.335561,0.310599,0.162127,0.108288,0.130274,0.479172,-0.0152915,0.115563,0.770113,0.0749003,0.556644,0.126242,0.104947,0.258916,0.0892842,0.24117,0.529758,0.132391,0.263473,0.262473,0.404684,0.0689386,0.190209,0.0282182,-0.0255305,0.337234,0.303554,0.153211,0.424814,0.177305,0.822044,0.23785,0.394735,0.758053,0.208538,0.374193,0.429298,0.315659,0.0976093,0.641712,0.605847,0.199849,0.298329,1.04711,0.218262,0.656246,0.0295324,0.0630985,0.438605,0.158855,0.32653,0.553344,0.0752505,0.207539,0.138414,0.333592,0.197563,0.296616,0.378548,0.255186,0.905,0.747166,0.901696,0.247106,0.230452,0.101252,0.445595,0.777897,0.647688,0.0818942,0.190736,0.445415,0.405923,0.339434,-0.00818522,0.416476,0.827332,0.38447,0.745117,0.160073,0.575468,0.241135,0.284169,0.410711,0.952233,0.287168,0.984954,0.0959963,0.103598,0.0589718,1.26608,0.600461,0.00115588,0.131987,0.61946,0.395989,0.0826023,0.0114618,0.595105,0.369673,0.705263,0.607593,0.128577,0.351002,0.51893,0.349173,0.30972,0.312663,0.426068,0.450902,0.440141,0.769566,0.371553,0.924946,0.48252,0.700324,0.596215,0.0841404,0.0800653,0.480506,0.331492,0.15374,0.0891971,1.36731,0.0251522,0.520184,0.482279,0.266703,0.00217289,0.588367,0.96999,0.198158,0.286611,0.612786,0.269012,0.584105,0.815559,0.180131,0.230817,0.153087,0.33614,0.633932,0.393337,0.685504,0.578279,0.315375,0.411218,0.913344,0.514461,0.378484,0.558589,1.18289,0.32376,0.684392,0.628145,0.0811264,0.633932,0.393337,0.234902,0.654206,0.754763,0.162441,0.301015,1.04217,0.585438,0.654001,0.529315,0.812057,0.382412,1.01339,0.344179,0.0930965,0.123353,0.340318,0.401747,0.662082,0.273838,0.543742,0.272762,0.707013,0.144617,0.166676,0.293898,0.167237,0.522788,0.120618,0.277571,0.08622,0.215547,0.0266702,0.626391,0.413787,0.21729,0.431499,0.237295,0.677639,0.182808,0.786131,0.172859,0.163494,0.29055,0.208682,0.103833,0.123353,0.340318,0.498436,0.273904,0.243875,0.419193,0.815824,0.501661,0.525453,0.531143,0.509705,0.29206,0.38894,0.51417,0.470559,0.213881,0.204264,0.168318,0.24215,0.239002,0.190587,0.0610289,1.19148,0.186434,0.228684,0.132686,0.352174,0.30759,1.22013,0.483857,0.494252,0.181177,0.149408,0.240666,0.0973203,0.376492,0.615838,1.12386,0.297587,0.266703,0.00217289,0.397067,0.645006,0.0795078,0.642245,0.0589725,0.313322,-0.0250878,0.143961,0.202792,0.249758,0.210344,0.0972785,0.145641,0.305572,0.0874425,0.582726,0.587518,0.401033,0.58498,0.180163,0.757658,0.919261,0.175622,0.201281,0.31912,0.206901,0.420164,0.161099,0.56764,1.09934,0.173799,0.161417,0.231084,0.333805,0.206093,0.280633,0.383765,0.053307,0.0696759,0.122723,0.141862,0.371553,0.924946,0.214619,0.110135,0.106712,0.082012,0.558693,0.535433,0.56331,0.392291,0.0201863,0.180385,0.200249,0.239953,0.477015,0.131597,0.0664502,1.06729,0.172973,0.0700442,0.189388,0.239002,0.190587,0.175538,0.710445,0.494357,0.27923,0.204905,0.155969,0.196979,0.382704,0.835666,0.250893,0.203365,0.343433,0.237339,0.132511,0.252778,0.21465,0.154524,0.366696,0.0565461,0.307715,0.272442,0.38558,0.131006,0.0939235,0.218283,0.179131,0.0643205,0.0629241,0.428016,0.801031,0.150949,0.120535,0.416104,0.158917,0.399033,0.333386,0.341811,0.296898,0.271373,0.6412,0.306819,0.174361,0.200316,0.139941,0.332379,0.161287,0.147367,0.279343
0.719844,0.556078,0.606417,0.308079,0.664034,0.839596,0.630807,0.0749223,0.907512,0.450326,0.462582,0.164965,0.577761,0.388867,0.494302,0.362017,0.284864,0.269928,0.357909,0.443439,0.44038,0.472494,0.247565,0.259037,-0.147501,0.631257,0.480506,0.452146,0.610231,0.737081,0.7602,0.600244,0.398185,0.595275,0.526121,0.48274,0.297752,0.35814,0.503848,0.531051,0.729779,0.668467,0.505081,0.691177,0.159084,0.290116,0.436386,0.317725,0.643633,0.725929,0.438916,0.498068,0.821251,0.654815,0.232244,0.684869,0.598855,0.744962,0.690231,0.687344,0.527696,0.52206,0.646702,0.470424,0.610522,0.312077,0.493033,0.748708,0.433028,0.489462,0.231102,0.279237,0.110552,0.465622,0.376591,0.604219,0.837686,0.0646184,0.544434,0.319697,0.514123,0.314695,0.365796,0.326936,0.479982,0.167875,0.513089,0.105834,0.212032,0.269716,0.575285,0.156499,0.218255,0.324198,0.631985,0.465591,0.759952,0.453119,0.595275,0.526121,0.663545,0.587182,0.418921,0.122901,0.27005,0.873005,0.640436,0.230477,0.449439,0.660164,0.697352,0.671087,0.631736,0.17446,0.102437,0.471363,0.459544,0.0894649,0.114228,0.632412,0.646133,0.0615247,0.242954,0.299748,0.225183,0.667061,0.219494,0.0543524,0.617759,-0.00117042,0.387402,0.107749,0.0201365,0.252026,0.19199,0.154092,0.356447,0.251594,0.440058,0.0766052,0.183405,0.70748,0.317829,0.65401,0.762919,0.50065,0.663806,0.426059,0.889162,0.0885315,0.741389,0.263896,0.203987,0.673075,0.372299,0.0207026,0.200483,0.233493,0.0671338,0.0591498,0.101789,0.614865,0.239215,0.0408122,-0.0841102,0.0593085,0.1594,0.460613,0.559973,0.153412,0.145046,0.0759235,0.0213855,0.193886,0.579829,0.373658,0.422343,0.115413,0.275247,0.117755,0.706595,0.178263,0.0553888,0.112344,0.149241,0.169812,-0.0901437,0.55612,0.495028,0.268608,0.0917359,0.29536,0.729561,0.364621,0.190768,0.0546801,0.104028,0.644477,0.0555518,0.181541,0.0744712,0.11369,0.101005,0.190971,0.671676,0.715574,0.0999253,0.104861,0.180889,0.440025,0.225065,0.428136,0.188493,0.820786,0.120753,0.111138,0.123552,0.139783,0.11043,0.615698,0.197159,0.419608,0.167163,0.137946,0.539651,0.159613,0.719324,0.0948576,0.240883,0.114211,0.617127,0.147114,0.269311,0.471862,0.8801,0.508244,0.419608,0.167163,0.158513,0.0647267,0.885178,0.495944,0.675072,0.432604,0.826916,0.184246,0.168533,0.842868,0.12518,0.287665,0.1101,0.0800581,0.285977,0.220171,0.286531,0.438827,-0.0805589,0.352413,-0.00354361,0.27624,0.160824,0.433749,-0.0654634,0.35505,0.240178,0.0911097,0.281,0.172371,0.093793,0.0878016,0.64674,0.154237,0.0938588,0.534925,0.427645,0.929681,0.493701,0.929579,0.181389,0.114738,0.0885019,0.112726,0.0722748,0.285977,0.220171,0.845506,0.499232,0.260512,0.576009,0.575674,-0.0306459,0.812424,0.815836,0.414068,0.0596062,0.528624,0.264749,0.663182,0.117659,0.177041,0.144144,0.126036,0.55617,0.247431,-0.0343477,0.468783,0.114706,0.222539,0.10223,0.383289,0.110571,0.679359,0.128329,0.284825,0.0691338,0.12908,-0.0809538,0.0791738,0.340021,0.385859,0.790342,0.381591,0.104861,0.180889,0.160262,0.80452,-0.034438,0.385631,0.0920342,0.136988,0.0185959,0.232141,0.363449,0.136683,0.13318,0.0504665,0.160248,0.515622,0.223518,0.401868,0.276691,0.724666,0.579521,0.280717,0.0769461,0.26783,0.527883,0.127246,0.19483,0.138575,0.225045,0.110201,-0.101316,0.225112,0.0820275,0.127051,0.143,0.0805566,0.000359097,0.0138126,0.180147,0.0467518,0.0286301,0.0734476,0.036495,0.729561,0.364621,0.0680978,0.0643969,0.00828712,0.13261,0.0733215,0.233102,0.124994,0.436649,0.0547427,0.146179,0.0864943,0.262605,0.0160151,0.29586,0.0572479,0.544112,0.150915,0.154182,-0.0655212,0.55617,0.247431,0.308001,0.29623,0.315202,0.4167,0.173285,0.134397,-0.0478513,0.162235,0.882072,0.374672,-0.0055567,0.139573,0.577563,0.16699,0.0810547,0.207438,0.0681179,0.402809,0.106038,0.286007,0.0892012,0.257761,0.0402217,0.104512,-0.0523825,0.1732,0.265452,0.161414,0.0589711,-0.015818,0.160785,0.0488278,0.0945414,0.0349273,0.44759,0.328723,0.333594,0.415322,-0.051226,0.664313,0.0945016,0.0530348,0.179288,0.0826351,0.406231,0.184728,0.13841,0.274868
0.382782,0.552482,0.581168,0.488174,0.419965,0.0814371,0.730953,0.120153,0.723852,0.630813,0.716526,0.585212,0.374104,0.581857,0.578355,0.653998,0.236224,0.484606,0.428613,0.367579,0.10903,0.445458,0.289981,0.221635,0.34502,0.316133,0.466801,0.335428,0.498299,0.47272,0.501605,0.410399,0.294126,0.30929,0.482511,0.414316,0.203915,0.293668,0.445844,0.428244,0.370429,0.570767,0.457999,0.563421,0.360098,0.561793,0.530163,0.485201,0.481793,0.55867,0.573667,0.342367,0.556658,0.629527,0.229498,0.459344,0.407742,0.6893,0.504737,0.442147,0.484722,0.19136,0.607018,0.482976,0.502613,0.429187,0.539423,0.453978,0.343698,0.489057,0.503229,0.276676,0.0442585,0.520346,0.490271,0.446715,0.700995,0.248656,0.368023,0.318666,0.323898,0.131143,0.633029,0.168641,0.296216,0.217362,0.308352,0.395098,0.396502,0.239177,0.569831,0.176976,0.153552,0.356862,0.589827,0.762739,0.726193,0.407497,0.30929,0.482511,0.421393,0.390802,0.312545,0.115577,0.23358,0.55315,0.430279,0.162654,0.612121,0.416722,0.259519,0.585599,0.493487,0.381449,0.0522563,0.393627,0.440072,0.240885,0.261138,0.374615,0.478224,0.138144,0.787453,0.326015,0.439421,0.612926,0.182171,0.112682,0.582877,0.231581,0.461737,0.250016,0.0929811,0.319673,0.128103,0.169216,0.553855,0.453744,0.426941,0.314041,0.452077,0.789046,0.578136,0.390623,0.460477,0.188235,0.614476,0.438416,0.272419,0.0844521,0.469494,0.652935,0.0881483,0.581054,0.3752,0.127795,0.455244,0.436849,0.429249,0.11022,0.207944,0.432066,0.381843,0.152813,0.266306,0.0590694,0.464343,0.319243,0.452792,0.175778,0.0174171,0.300559,0.0244238,0.107839,0.592665,0.538077,0.312265,0.122029,0.351414,0.178776,0.713903,0.209371,0.176959,0.205372,0.277576,0.266473,0.390976,0.47132,0.655679,0.588861,0.211008,0.465346,0.330524,0.736034,0.401633,0.206755,0.623647,0.351145,0.234049,0.222021,0.152974,0.190089,0.342987,0.0803019,0.406079,0.452754,0.294647,0.197193,0.213199,0.346169,0.533398,0.29392,0.186912,0.4292,0.258225,0.112583,0.361903,0.210365,0.130862,0.353407,0.30178,0.55117,0.230461,0.326753,0.429474,0.307549,0.309049,0.239293,0.370447,0.22059,0.137714,0.13237,0.369254,0.293444,0.648834,0.21591,0.55117,0.230461,0.200211,0.380062,0.823495,-0.00291046,0.38574,0.579535,0.566277,0.398264,0.224759,0.787404,0.176871,0.540026,0.328697,0.170109,0.116356,0.261068,0.229261,0.539776,0.150775,0.545713,0.267465,0.290619,0.18103,0.426678,0.233174,0.128617,0.213718,0.359272,0.283423,0.218105,0.171535,0.0637979,0.64743,0.218842,0.268474,0.399683,0.0265449,0.813157,0.292104,0.828057,0.298848,0.155949,0.117269,0.238481,0.284969,0.116356,0.261068,0.782352,0.480046,0.115297,0.177898,0.37203,0.122093,0.608422,0.707227,0.220555,0.299782,0.0917603,0.472827,0.498317,0.176691,0.0882545,0.231613,0.345177,0.253324,0.319112,0.0673052,0.555876,0.249366,0.386171,0.123831,0.38735,0.23836,0.584124,0.138755,0.300121,0.432114,0.198741,0.176968,0.0755986,0.296058,0.37765,0.583663,0.116231,0.197193,0.213199,0.230029,0.540514,0.0885094,0.376333,0.120349,0.389323,0.207639,0.0889095,0.378874,0.214329,0.247542,0.150709,0.292757,0.221978,0.14465,0.334179,0.342105,0.60864,0.547883,0.0870228,0.520126,0.322856,0.262144,0.125459,0.14552,0.20429,0.340188,0.174952,0.386118,0.336058,0.195466,0.142251,0.215134,0.478387,0.223398,0.457791,0.397988,0.137989,0.0994517,0.14355,0.1554,0.330524,0.736034,0.171496,0.219846,0.163745,0.231495,0.102308,0.741391,0.313665,0.468222,0.0346814,0.253769,0.160926,0.338659,0.180804,0.479588,0.0390585,0.350536,0.194585,0.15232,0.0932269,0.253324,0.319112,0.228444,0.121592,0.503108,0.173523,0.226163,0.194585,0.234985,0.119295,0.790121,0.58719,0.137977,0.282467,0.598973,0.154444,0.182441,0.335589,0.0823748,0.641092,0.0686928,0.403384,0.136909,0.303745,0.111402,0.133858,0.190531,0.155032,0.289923,0.216086,0.0894136,0.633984,0.178192,0.150049,0.100067,0.124393,0.256964,0.474854,0.347237,0.384478,0.121651,0.712918,0.112308,0.0677327,0.236892,0.175108,0.661199,0.108682,0.157671,0.184422
0.627056,0.505553,0.458111,0.186039,0.522562,0.905645,0.601237,0.188195,0.686213,0.576957,0.612074,0.474573,0.398546,0.615535,0.421716,0.34109,0.23755,0.428298,0.415213,0.430577,0.0263247,0.533138,0.317894,0.242325,0.195618,0.289544,0.107181,0.56389,0.682,0.811267,0.762526,0.704431,0.686512,0.535162,0.575096,0.349633,0.345174,0.228422,0.373311,0.415447,0.162372,0.510261,0.515846,0.472985,0.218397,0.379699,0.4009,0.390485,0.557114,0.658745,0.459594,0.621181,0.530409,0.75285,0.265832,0.757557,0.448458,0.676569,0.598911,0.460262,0.449685,0.31317,0.676616,0.516647,0.627787,0.301422,0.391796,0.334027,0.249844,0.286145,0.660084,0.374614,0.0626621,0.638644,0.16553,0.698865,0.669737,0.0891992,0.335099,0.222273,0.297381,0.179573,0.624938,0.245399,0.191629,0.210129,0.538775,0.181629,0.139644,0.587521,0.39785,0.269011,0.116949,0.970339,0.4606,0.669364,0.764946,0.302737,0.535162,0.575096,0.599399,0.383886,0.443965,0.417861,0.277017,0.717483,0.404249,0.541765,0.524691,0.413188,0.314303,0.594414,0.63339,0.195575,0.119063,0.197794,0.283135,0.335928,0.168776,0.496919,0.455388,0.126661,0.541919,0.159307,0.330419,0.518445,0.178942,0.554145,0.51079,0.106484,0.396711,0.0447907,0.0435459,0.166692,0.126561,0.103298,0.451218,0.286549,0.426394,0.654026,0.314166,0.609794,0.400751,0.346838,0.761949,0.315607,0.523524,0.365835,0.587569,0.503782,0.492128,0.414177,0.124383,0.700632,0.40166,0.118717,0.211384,0.404719,0.173458,0.217966,0.287451,0.594429,0.340847,0.109433,-0.0318303,0.206806,0.233264,0.279502,0.476911,0.0580944,-0.0528734,0.0719201,0.433316,0.0551407,0.403886,0.0669563,0.287581,0.134331,0.306778,0.103374,0.503213,0.258364,0.43986,0.125919,0.481871,0.356017,0.385634,0.682733,0.563942,0.39751,0.062316,0.318206,0.315505,0.399559,0.311655,0.159985,0.141013,0.411789,0.505728,0.202435,0.206118,0.226194,0.380205,0.194476,0.458188,0.529063,0.753023,0.481433,0.294621,0.25559,0.360126,0.410485,0.285148,0.358561,0.526719,0.439508,0.118792,0.234128,0.420293,0.404653,0.536428,0.607787,0.303888,-0.0484425,0.281654,0.584752,0.329874,0.253827,0.416264,0.201529,0.230305,0.463624,0.645912,0.537254,0.99003,0.276607,0.607787,0.303888,0.73495,-0.0410621,0.855325,0.29109,0.515392,0.443322,0.650478,0.0343981,0.0495374,0.737461,0.602376,0.192211,0.233486,0.138582,0.260425,0.198205,0.313862,0.511755,0.263448,0.588384,0.573418,0.506251,0.474395,0.447689,0.157128,0.264702,0.256459,0.548385,0.591455,0.944635,0.505492,0.0852692,0.805473,0.276592,0.315178,0.268117,0.0172765,0.876811,0.42489,0.918338,0.617551,0.604607,0.410508,0.407435,0.282359,0.260425,0.198205,0.799129,0.264388,0.530469,0.171954,0.301101,0.252878,0.712965,0.842751,0.234515,0.326648,0.124167,0.612457,0.321771,0.723134,0.249706,0.484096,0.146408,0.574308,1.13418,0.153467,0.424783,0.570708,0.651481,0.504382,0.845921,0.346882,0.308085,0.191197,0.135265,0.601614,0.875585,0.19894,0.369412,0.283452,0.21784,0.328791,0.0986751,0.481433,0.294621,1.01921,0.556347,0.167777,0.562187,0.279165,0.513978,0.473638,0.12269,0.480193,0.202913,0.737606,0.273512,0.242854,0.251747,0.762544,0.466993,0.232273,0.681043,0.152506,0.171365,0.161779,0.266107,0.164875,0.466324,0.198761,0.46342,0.344962,0.605059,0.305177,0.14548,0.428683,0.224965,0.48435,0.65154,0.322971,0.847709,0.684637,0.244458,0.136411,0.314089,0.532512,0.315505,0.399559,0.684704,0.246343,0.36852,0.456035,0.176876,0.674492,0.135948,0.0497998,0.0856881,0.6391,0.242261,0.682613,0.0567857,0.44952,0.0646872,0.319138,0.44541,0.252209,0.0418214,0.574308,1.13418,0.380423,0.133944,0.52953,0.105701,0.535123,0.509465,0.1889,0.255806,0.861411,0.459579,0.347542,0.46321,0.927943,0.399881,0.360463,0.371974,0.135733,0.519959,0.0755356,0.944425,0.398073,0.48771,0.30469,0.281238,0.935117,0.258533,0.497776,0.648637,0.582176,0.173611,0.368167,0.183883,0.682624,0.308363,0.209738,1.02666,0.409403,0.969572,0.169086,0.681384,0.712806,0.195382,1.15348,0.300086,0.617716,0.272347,0.35959,0.608273
0.641649,0.397519,0.33595,0.194303,0.261953,0.794752,0.735636,0.267975,0.680049,0.583681,0.702521,0.520333,0.0340968,0.875355,0.473891,0.592829,0.114794,0.519574,0.666082,0.452327,0.430436,0.595679,0.825547,0.194908,0.256549,0.0972418,0.161489,0.355346,0.328926,0.307121,0.247374,0.139105,0.159935,0.233934,0.420682,0.118011,0.124555,0.0152538,0.331658,0.352511,0.428262,0.490804,0.217903,0.791512,0.0803365,0.581885,0.501897,0.564755,0.583165,0.757326,0.486998,0.520096,0.417629,0.644762,0.279926,0.561456,0.403033,0.891768,0.467035,0.525797,0.424446,0.262751,0.443743,0.63112,0.207349,0.200277,0.497099,0.437651,0.0904694,0.272765,0.802958,0.450619,0.132194,0.29662,0.415524,0.539903,0.445993,0.375786,0.29123,-0.0981642,0.367277,0.243812,0.445088,0.0761565,0.0615899,0.248166,0.239213,0.386848,0.161825,0.708403,0.55566,0.384434,0.305095,2.09452,0.654159,0.685544,0.713812,0.141404,0.233934,0.420682,0.253942,0.223097,0.350053,0.200575,0.358972,0.549323,0.218368,1.13773,0.757363,0.354,0.249225,0.494707,0.499503,0.282994,0.198735,0.208408,0.353749,0.106945,0.58831,0.326281,0.433094,0.303004,0.682249,0.220834,0.602595,0.840958,0.143795,0.926028,0.294516,0.238588,0.956824,0.157695,0.112633,0.36139,0.021399,0.169243,0.156754,0.43831,0.34117,1.73312,0.63023,0.533375,0.418497,0.144917,0.667636,0.172163,0.452962,0.385453,0.736533,0.69853,0.355643,0.390507,0.226999,0.66366,0.249614,0.269285,0.086038,0.340761,0.168369,0.731564,0.468933,0.527797,0.32262,0.200783,0.198009,0.238806,0.335408,0.387879,0.356345,0.0428661,0.169289,0.115846,0.0989298,0.173823,0.521857,0.425388,0.0883575,0.31533,0.436747,0.165943,0.573495,0.489109,0.904856,0.161002,0.506432,0.922988,0.960442,0.207611,0.48961,0.523615,0.153638,0.353219,0.1435,0.418368,0.0238125,0.307845,0.27661,0.207107,0.820163,0.412992,0.173092,0.463662,0.568932,0.569551,0.237389,0.595663,1.72376,1.35432,0.433342,0.274029,0.231405,0.418606,0.473415,0.213468,1.01176,1.04843,0.150772,0.332754,0.741378,0.337514,1.40787,0.460753,0.599137,0.00388655,0.154641,1.01034,0.0924379,0.547505,0.624177,0.290948,0.0836762,1.01862,0.942438,0.739312,0.870691,0.158213,0.460753,0.599137,0.771691,0.0644953,0.818105,0.185044,0.474423,0.444944,0.504288,0.029728,0.138067,0.775529,0.916623,0.250052,0.290723,0.200522,0.270637,0.28132,0.589974,0.461919,0.552505,0.698494,0.748558,1.30121,0.797237,0.351027,0.221774,0.370093,0.456314,1.41609,0.593931,1.11326,0.74892,0.14999,0.641738,0.877365,0.71884,0.0230387,-0.0214653,0.83964,0.17074,0.813496,0.644146,1.19391,0.767443,0.60791,0.237223,0.270637,0.28132,0.724373,0.152818,1.52604,0.465725,0.285603,0.587791,0.668174,0.731462,0.199143,0.350791,0.115833,0.72749,0.178556,0.681921,0.402415,0.854566,0.31083,0.479949,2.25317,0.178022,0.542249,0.863766,1.3399,0.823563,1.50021,0.985905,0.192346,0.449903,0.46873,1.74157,1.71145,0.229516,0.843429,0.216286,0.23486,0.376889,0.199057,1.35432,0.433342,1.43081,0.263063,0.306812,0.67497,0.385584,0.636169,1.06359,0.148171,0.891126,0.420505,1.68786,0.424881,0.222148,0.276279,1.20391,0.0960172,0.25036,0.706699,0.411687,0.0857306,0.331048,0.469944,0.0055938,0.771216,0.663137,0.659791,0.52593,0.631943,0.292444,0.208554,0.668012,0.334833,0.742576,1.54221,0.375438,1.90278,0.160343,0.70399,0.301354,0.490868,0.630451,0.1435,0.418368,1.50791,0.45019,0.823595,0.572675,0.264639,-0.0256808,0.241518,0.36786,0.162104,1.00895,0.949346,1.64374,0.126168,0.119949,0.108058,0.168856,0.444192,0.354472,0.0925924,0.479949,2.25317,0.29567,0.368948,0.422419,0.170871,0.46266,0.518083,0.207642,0.768086,0.913285,0.232272,0.527396,1.2957,0.167702,0.638484,0.592246,0.811428,0.260119,0.29379,0.143796,1.08844,0.663096,0.962001,0.459098,0.393732,1.30664,0.44515,0.822156,1.13754,0.61623,0.259492,0.478349,0.290854,1.04826,0.816058,0.186993,1.75379,0.327341,2.24003,0.318173,0.521671,1.23631,0.433412,2.24966,0.615427,0.432656,0.671,0.664679,0.988892
0.39004,0.382467,0.597281,0.457191,0.624446,0.800173,0.393681,0.0666561,0.675368,0.573289,0.770095,0.206754,0.420253,0.461863,0.467396,0.351989,0.25624,0.465309,0.57258,0.595103,0.559053,0.278352,0.440827,0.202081,0.378739,0.330688,0.325855,0.455429,0.70518,0.326209,0.426727,0.517676,0.297376,0.304149,0.214132,0.612459,0.252434,0.533448,0.373272,0.379528,0.57577,0.554685,0.374675,0.658691,1.34507,0.798185,0.070965,0.696679,0.45812,0.690344,0.575999,0.464529,0.528392,0.88391,0.160638,0.64962,0.641973,0.56246,0.479767,0.638623,0.348676,0.136043,0.714806,0.408845,0.275508,0.243967,0.159257,0.230473,0.198904,0.504988,0.567852,0.323083,0.141484,0.461474,0.515984,0.419686,0.729481,0.0888488,0.446864,0.494001,0.333631,1.53391,0.643942,0.389877,0.146501,0.369382,0.099962,0.0841426,0.349906,0.189137,0.402147,0.126308,0.0752833,0.215737,0.369644,0.67944,0.433657,0.38527,0.304149,0.214132,0.486564,0.0537977,0.371329,0.152856,0.0270466,0.237732,0.505259,0.246892,0.13519,0.123467,0.550807,0.894714,0.477834,0.402105,0.207365,0.661765,0.432907,0.294847,0.186599,0.485826,0.409744,0.201789,0.186136,0.407518,0.209097,0.399706,0.393747,0.0661127,0.606089,0.136119,0.319208,0.331505,0.289712,0.119393,1.08132,0.155485,0.803826,0.297719,0.302898,0.169322,0.359542,0.724291,0.558914,0.685025,0.145522,0.569012,0.11945,0.320204,0.292724,0.0797777,0.670977,0.352684,0.110759,0.346388,0.154355,0.274023,0.42148,0.108728,0.474306,0.191044,0.306767,0.638346,0.285528,0.21041,0.308891,0.119286,0.495953,0.402046,0.530073,0.933837,0.169937,0.498893,0.114021,0.12978,0.268389,0.342286,0.390044,0.0339971,0.396547,0.208884,0.382813,0.333083,0.180785,0.215567,0.331875,0.308547,0.227968,0.188559,0.371,0.448637,0.263624,0.456169,0.286219,0.742669,0.240582,0.223772,0.442871,0.576724,0.040848,0.188079,0.234523,0.11814,0.268797,0.192534,0.439091,0.851171,0.357695,0.150242,0.209603,0.397252,0.454874,0.439466,0.244001,0.797844,0.189072,0.37305,0.376935,0.112331,0.273578,0.511289,0.287653,0.685141,0.279001,0.360061,0.592491,0.27599,0.219405,0.136591,0.286741,0.236778,0.0976834,0.288998,0.369432,0.552364,1.14994,0.357312,0.685141,0.279001,0.155683,0.391499,0.757719,0.336808,0.080852,0.112322,0.716239,0.351544,0.305575,0.843585,0.294842,0.366515,0.268485,0.0835726,0.0859673,0.343882,0.404424,0.529445,0.207173,0.53638,0.312686,0.327805,0.198174,0.200642,0.219291,0.131092,0.320588,0.182153,0.249362,0.0502733,0.163103,0.0480179,0.696,0.203566,0.256959,0.712672,0.602166,0.671197,0.223549,0.874526,0.188814,0.107792,0.160851,0.128316,0.0317531,0.0859673,0.343882,0.696131,0.305929,0.100559,0.145178,0.244006,0.192502,0.379108,0.80885,0.287264,0.350156,0.71253,0.493846,0.373689,0.185864,0.115301,0.142627,0.146654,0.0624632,0.266379,0.116657,0.544284,0.121757,0.199447,0.0770107,0.312769,0.166209,0.499984,0.147907,0.278423,0.291061,0.117958,0.239763,0.0643909,0.249232,0.448753,0.346345,0.425686,0.150242,0.209603,0.24899,0.692113,0.0987724,0.463581,0.0752745,0.252757,0.257991,0.15939,0.281953,0.175883,0.208252,0.0850793,0.357684,0.675092,0.116381,0.291684,0.408856,0.357492,0.65663,0.184037,0.43667,0.408726,0.118661,0.103958,0.152941,0.166839,0.353124,0.098544,0.450168,0.333652,0.155205,0.176493,0.183163,0.289142,0.163595,0.168511,0.181736,0.1004,0.109478,0.11067,0.113908,0.286219,0.742669,0.140009,0.0907685,0.113145,0.13863,0.116489,0.895104,0.280469,0.54599,0.0358749,0.111957,0.116155,0.196507,0.200216,0.447153,0.0355312,0.372122,0.142078,0.170329,0.111459,0.0624632,0.266379,0.26027,0.324594,0.486298,0.424031,0.116844,0.224068,0.283773,0.403545,0.736879,0.600759,0.139907,0.446042,0.504423,0.153662,0.254876,0.209899,0.107809,0.687262,0.0637229,0.36081,0.13606,0.398707,0.221372,0.0999793,0.283832,0.141687,0.236849,0.434216,0.235023,0.407989,0.157949,0.0871419,0.294009,0.155263,0.648603,0.220831,0.267423,0.345976,0.210702,0.793073,0.282364,0.151627,0.231628,0.25726,0.604269,0.240207,0.171436,0.139862
0.572602,0.493982,0.356892,0.924844,0.468284,0.54135,0.116259,0.0338418,0.508013,0.0118406,0.0638617,0.0401456,0.141913,0.0627198,0.396122,0.068117,0.11109,0.617111,0.440938,0.312926,0.236767,0.36253,0.360228,0.534509,0.309783,0.132208,0.418974,0.353488,0.350944,0.452574,0.339457,0.173741,0.112228,0.164139,0.242233,0.27681,0.14155,0.327877,0.30337,0.351702,0.410311,0.449726,0.258889,0.943059,0.61666,0.00752239,0.243342,0.62489,0.550598,0.704329,0.664042,0.544243,0.212009,0.684193,0.118247,0.619044,0.523155,0.827853,0.393709,0.594079,0.376785,0.116819,0.163578,0.0875817,-0.0972943,0.325897,0.151336,0.343585,0.0234331,0.101957,0.834072,0.405128,0.115138,0.399698,0.956418,0.341035,0.423768,0.0491252,0.178953,0.703712,0.390678,0.6258,0.147472,0.107744,0.144963,0.420097,0.34596,-0.00799653,0.883015,0.224479,0.365954,0.0977975,0.0823382,0.313895,0.0741481,0.0114373,0.623268,0.244364,0.164139,0.242233,0.372956,0.0117612,0.10995,0.0751237,0.19237,0.390818,0.310199,0.136325,0.322727,0.374426,0.587676,0.363683,0.488758,0.892677,0.255871,0.299524,0.978392,0.730181,0.0666319,0.315117,0.379324,0.654209,0.176588,0.517797,0.203109,0.662952,0.128964,0.079941,0.463217,0.110165,0.277673,0.975127,0.426549,0.0635021,0.298082,0.366017,0.238604,0.242003,0.19939,0.0920652,0.670735,0.706139,0.701779,0.195866,0.367568,0.267056,0.391637,0.75934,0.431363,0.0939957,0.429157,0.186047,0.0378185,0.571593,0.26731,0.742768,0.796788,0.324491,0.774812,0.48045,0.455382,0.644916,0.19193,0.660463,0.584239,0.0655646,0.992744,0.23174,0.380952,0.303262,0.168137,0.779252,0.0288483,0.123925,0.367561,0.898741,0.210103,0.141954,0.745899,0.618391,0.130755,0.701152,0.0679543,0.600774,0.521087,0.961926,0.0971459,0.363369,0.736082,0.370683,0.488408,0.744656,0.180724,1.05817,0.0629556,0.60393,1.07606,0.406696,0.0517045,0.278704,0.735022,0.105939,0.0671965,0.271035,0.204549,0.703279,0.249109,0.091693,0.181129,0.759337,0.428743,0.264801,0.562409,0.261961,0.123252,0.500333,0.714572,0.125518,0.277572,0.374269,0.123372,0.536484,0.216041,0.927134,0.716655,0.257942,0.181143,0.125381,0.392301,0.213291,-0.0299522,0.229829,0.316693,0.824094,0.170403,0.279514,0.536484,0.216041,0.115672,0.904133,0.772468,0.27956,0.141421,0.316932,0.465638,0.889584,0.558771,0.694881,0.578783,0.724865,0.566287,0.0508771,0.0365765,0.972842,0.76737,0.549898,0.4565,0.516296,0.359927,0.415843,0.180318,0.211781,0.433543,0.344768,0.56403,0.0408602,0.290399,0.122054,0.213171,0.0742624,0.788511,0.361787,0.065666,0.432766,0.0629433,0.768762,0.449567,0.713659,0.216941,0.136099,0.162769,0.138363,0.0445217,0.0365765,0.972842,0.595291,0.197016,0.130769,0.0751879,0.315466,0.167597,0.340503,0.578844,0.223398,0.0899625,0.148567,0.420221,0.806405,0.107415,0.0142478,0.0985282,0.164425,0.198588,0.128806,0.0196899,0.787166,0.146253,0.109756,0.0443402,0.501743,0.1574,0.438824,0.295834,0.434146,0.265303,0.167148,0.184386,0.0738802,0.217684,0.839368,0.535958,0.150979,0.091693,0.181129,0.356266,0.464171,0.0397352,0.565013,0.0638236,0.15451,0.0728828,0.0737435,0.45617,0.134107,0.187045,0.0672365,0.0936451,0.172633,0.198244,0.365075,0.603129,0.557624,0.673956,0.150316,0.753026,0.430636,0.2621,0.163169,0.128109,0.149656,0.9014,0.178834,0.424437,0.593957,0.0534149,0.088966,0.231448,0.24208,0.161066,0.188611,0.0715827,0.0991092,0.0100788,0.141082,0.126402,0.180724,1.05817,0.118542,0.042209,0.0802084,0.0393042,0.00285315,0.787754,0.471981,0.687347,0.0302454,0.154277,0.0403694,0.224217,0.311842,0.537975,0.0492145,0.403687,0.163173,0.075137,0.0895782,0.198588,0.128806,0.132842,0.22904,0.265562,0.364466,0.0647263,0.205057,0.170699,0.602963,0.772418,0.580649,0.142174,0.524161,0.135559,0.118491,0.381193,0.0622434,0.102322,0.607435,-0.00412236,0.41992,0.139128,0.613945,0.098295,0.110335,0.203271,0.18741,0.234006,0.109226,0.135622,0.925832,0.0118989,0.0406299,0.167176,0.0516543,0.14481,0.277349,0.275839,0.601384,0.433162,0.78229,0.328277,0.0634115,0.313444,0.12804,0.776984,0.319409,0.107818,0.0129207
0.626645,0.338929,0.70969,0.0897098,0.65339,0.928216,0.697973,0.0336321,0.691123,0.704377,0.769626,0.406531,0.570039,0.660332,0.42211,0.688196,0.128799,0.208414,0.395586,0.625457,0.230406,0.453606,0.0774971,0.56634,0.124188,0.6488,0.192864,0.806551,1.00202,0.833749,0.786133,0.623686,0.499702,0.628611,0.58358,0.370436,0.435539,0.345807,0.354338,0.423155,0.41684,0.650685,0.716845,0.335772,0.176774,0.540574,0.611425,0.37447,0.534022,0.554322,0.316696,0.321705,0.44041,0.347932,0.768142,0.284083,0.511001,0.682905,0.748954,0.607147,0.615511,0.586814,0.64232,0.583066,0.644403,0.518417,0.62724,0.440389,0.49493,0.895766,0.534303,0.394087,0.0794367,0.794953,0.310863,0.532693,0.663494,0.913177,0.456724,0.328655,0.585062,0.258709,0.574292,0.211252,0.253227,0.333705,0.562362,0.380111,0.365708,0.463703,0.666983,0.265156,0.508831,0.298552,0.4565,0.551814,0.779706,0.501581,0.628611,0.58358,0.872977,0.798532,0.317076,0.3121,0.30191,0.727082,0.513952,0.07555,0.386904,0.554172,0.49355,0.623052,0.59114,0.162629,0.0998963,0.444094,0.376076,0.129571,0.0714705,0.689258,0.548365,0.107744,0.376171,0.0709413,0.256061,0.521714,0.262068,0.298499,0.719611,0.0705551,0.512364,0.261948,0.0599938,0.232988,0.0995234,0.0725714,0.527126,0.0950412,0.482173,0.430171,-0.0857889,0.58758,0.152731,0.74196,0.638389,0.400574,0.611641,0.258566,0.78144,0.401404,0.512342,0.594326,0.528633,0.569961,0.266742,0.0202012,0.321683,0.415362,0.18497,0.531653,0.0677429,0.68448,0.523833,0.0263192,-0.00927281,0.289621,-0.0318797,0.243631,0.450074,0.156648,0.166704,0.198753,0.0484022,0.150454,0.583563,0.25026,0.399018,0.255024,0.2224,0.00448165,0.615524,0.0690935,0.259758,0.112037,0.145851,-0.00118545,0.297523,0.528062,0.502648,0.135618,0.149435,0.414563,0.467742,0.347567,0.485632,0.126258,0.277211,0.438483,0.166238,0.11278,0.0904195,0.165497,0.260045,0.0955146,0.30194,0.685783,0.049221,0.366385,0.228229,0.18063,0.301011,0.571805,0.243671,0.33263,0.208677,0.187117,0.167983,0.314338,0.28642,0.457048,0.558235,0.697629,0.346876,0.0829688,0.359485,0.414072,0.451469,0.29147,0.237448,0.0200507,0.640147,0.224015,0.541007,0.331157,0.657766,0.344723,0.697629,0.346876,0.326335,0.122966,0.860674,0.354119,0.658737,0.447017,0.62628,0.293961,0.064032,0.769288,0.0834693,0.36371,0.11514,0.141959,0.318719,0.218012,0.138634,0.208093,0.0411303,0.175581,0.0529951,0.189049,0.312342,0.623899,0.113846,0.102142,0.141172,0.407606,0.342564,0.335866,0.304653,0.0948554,0.703451,0.444403,0.515492,0.453935,0.327102,0.848466,0.493747,0.865379,0.349647,0.199627,0.0773673,0.244352,0.339739,0.318719,0.218012,0.725045,0.379831,0.672299,0.147996,0.308691,0.114845,0.818451,0.763826,0.296609,0.127678,0.409154,0.168813,0.737151,0.458645,0.224698,0.334308,0.248115,0.477025,0.309268,0.135761,0.479842,0.231835,0.326781,0.206479,0.335981,0.305234,0.33266,0.180221,0.211267,0.407826,0.342197,0.199749,0.15665,0.304461,0.232258,0.403638,0.221739,0.366385,0.228229,0.256124,0.585332,0.0697913,0.428163,0.075498,0.569727,0.38604,0.16767,0.264002,0.0306692,0.190421,0.130632,0.317948,0.312914,0.187883,0.423365,0.10432,0.698368,0.411337,0.581275,0.20335,0.310518,0.312793,0.292444,0.263729,0.222577,0.215037,0.0604976,0.468133,0.104993,0.240086,0.188475,0.227482,0.41487,0.14285,0.708205,0.821561,0.233901,0.11995,0.127131,0.188303,0.467742,0.347567,0.334,0.277694,0.175085,0.217622,0.103403,0.316837,0.177398,0.31388,0.0572541,0.362129,0.287706,0.225553,0.149388,0.242431,0.0492821,0.483351,0.245481,0.336101,0.154572,0.477025,0.309268,0.300826,0.214499,0.107007,0.116306,0.275883,0.130708,0.231643,0.10918,0.80988,0.195281,0.0263747,0.301123,0.167457,0.218716,0.116497,0.508587,0.129809,0.393449,0.141239,0.410495,0.140719,0.230222,0.10895,0.139028,0.227321,0.0840411,0.40676,0.346691,0.221028,0.317024,0.167087,0.175068,0.224331,0.256607,0.321833,0.461121,0.292737,0.159817,0.202173,0.443378,0.102133,0.17445,0.369455,0.211634,0.341606,0.132062,0.158133,0.289276
0.395207,0.331962,0.0821563,0.651913,0.159056,0.556706,0.786072,0.0943096,0.638131,0.347261,0.449613,0.617995,0.182792,0.273031,0.470199,0.237431,0.0545438,0.554424,0.17114,0.0857652,0.0790204,0.40697,0.188135,0.2648,0.739132,0.04993,1.26635,0.665745,0.403524,0.35025,0.30722,0.271788,0.178998,-0.00437769,0.722561,0.179911,0.115876,0.233738,0.143269,0.164684,0.323761,0.231653,0.082735,0.753494,0.311589,0.295673,0.448864,0.496867,0.296384,0.66463,0.37697,0.404295,0.619263,0.397843,0.0686995,0.658595,0.388973,0.62131,0.499937,0.597489,0.231063,-0.00370828,0.348661,0.343025,0.373957,0.219463,0.288397,0.183017,0.147103,0.619896,0.415391,0.213458,0.0741719,0.161012,0.721696,0.157572,0.534877,0.109343,0.208182,0.42785,0.32175,0.326327,0.34288,0.163871,0.262725,0.351814,0.412127,0.40519,-0.0507591,0.230767,0.645249,0.148691,0.104011,0.358315,0.263912,0.224487,0.708946,0.144715,-0.00437769,0.722561,0.234437,0.160439,0.342156,0.109116,0.210655,0.38556,0.389012,0.160123,0.418537,0.182005,0.383495,0.421201,0.294861,0.805099,0.112565,0.368752,0.610061,0.814982,0.300888,-0.124491,0.63687,0.17406,0.381367,0.496894,0.178868,0.414463,0.176696,0.120433,0.127002,0.273283,0.297397,0.0434781,0.44847,0.241237,0.172815,0.45718,0.429917,0.615346,0.379985,0.226349,0.658617,0.999304,0.969813,0.274609,0.853684,0.219556,0.637324,0.780766,0.394222,0.147809,0.742213,0.437822,0.0888619,0.211739,0.198099,0.275068,0.149504,0.675864,0.875586,0.105102,0.195969,0.146395,0.542022,0.439408,0.54645,0.0547414,1.08419,0.175518,0.423088,0.0773226,0.156936,0.999265,0.0151334,0.157577,0.720965,0.989473,0.271023,0.146624,0.820186,0.210321,0.828205,0.499606,0.38085,0.833362,0.337403,0.803037,0.162466,0.275919,-0.0659461,0.86201,0.599242,0.662534,0.255183,0.740394,0.333043,0.244365,1.06327,0.35963,0.0996921,0.24238,0.357764,0.0620297,0.14635,0.203456,0.559082,0.158358,0.337896,0.168662,0.258469,1.01595,0.583001,0.384661,0.659264,0.674344,0.145497,0.822623,0.673929,0.177614,0.189306,0.196967,0.479694,-0.0274685,0.763502,0.355912,0.581731,0.25363,0.507493,0.290668,0.750087,0.543056,0.0951854,0.198743,0.349196,0.504559,0.0925156,0.152509,-0.0274685,0.763502,0.403575,1.00375,0.713155,0.0931368,0.37463,0.0561946,0.522367,0.287714,1.63952,0.745791,0.529881,0.668629,0.365779,0.139714,-0.0187364,0.408485,0.191497,0.794286,0.327896,0.866486,0.237486,1.81188,0.178887,0.658213,0.309857,0.144556,0.74558,0.321878,0.284453,0.313076,0.237837,0.0667936,0.225376,1.5824,0.23407,0.342032,0.122154,0.760413,-0.188566,0.804139,0.305125,0.139101,0.0916529,0.17703,0.144838,-0.0187364,0.408485,0.439293,0.399192,0.242256,0.912991,0.554532,0.289515,0.570889,0.61392,-0.0668016,0.231376,0.137769,0.755885,0.46355,0.25573,0.101811,0.134027,0.118924,0.286524,0.309576,0.0976959,0.524494,0.208197,0.320226,0.166875,0.464832,0.457045,0.556603,0.702236,0.291839,0.0724891,0.30689,0.227898,0.259297,0.126568,0.695673,0.930346,0.176238,0.168662,0.258469,0.24297,0.593584,0.103757,0.135186,0.0780858,0.509204,0.177567,0.0867204,0.259079,0.430834,0.0952362,0.132217,0.145336,0.0908807,0.279486,0.162619,1.77913,0.426637,0.543235,0.153233,0.743187,0.3709,0.221352,0.22784,0.460897,0.340586,0.447866,0.177318,0.418117,0.613972,0.0954598,0.154179,0.242925,0.234549,0.212767,0.477997,0.131899,0.213778,0.116972,0.103942,0.398141,0.255183,0.740394,0.233744,0.188164,0.158672,0.176959,0.157373,0.587751,0.761069,0.567986,0.0657531,0.272811,0.326141,0.226387,0.283033,0.253888,0.0493142,-0.0128306,0.291927,0.181959,0.153881,0.286524,0.309576,-0.0251529,0.140855,0.863125,0.250526,0.259055,0.116471,0.230887,0.393261,0.623029,0.466987,0.439944,0.223526,0.14003,0.321672,0.17791,0.416326,0.129283,0.403633,0.0702755,0.372127,0.0974966,0.273828,0.337083,0.126394,0.276591,0.147693,0.273277,0.159463,0.186192,0.862783,0.081404,0.0946864,0.678805,0.181278,0.512976,0.341646,0.355877,0.30138,0.359644,0.498328,0.303398,0.109482,0.473494,0.236078,0.312516,0.500349,0.141819,0.145254
0.508072,0.567708,0.684053,0.0860474,0.489855,0.787219,0.427902,0.0609675,0.659574,0.450347,0.476842,0.17064,0.249475,0.283906,0.463934,0.28477,0.206434,0.683198,0.240577,0.617624,0.579009,0.421683,0.0935256,0.223914,0.304568,0.532692,0.331947,0.550703,0.616836,0.621096,0.652688,0.296981,0.194186,0.605216,0.499811,0.498247,0.616966,0.496764,0.583224,0.611527,0.392601,0.702662,0.700816,0.449386,0.299172,0.541101,0.246989,0.326977,0.568012,0.501859,0.402543,0.518954,0.198875,0.367208,0.472987,0.544821,0.339113,0.46196,0.747578,0.799842,0.862343,0.849578,0.469455,0.47671,0.450597,0.21064,0.126718,0.53293,0.414908,0.353662,0.618862,0.461336,0.320719,0.738983,0.127137,0.534708,0.530132,0.0567414,0.321158,0.420928,0.491418,0.286624,0.343587,0.220143,0.466967,0.305042,0.650833,0.132731,0.351581,0.483595,0.653449,0.158254,0.326739,0.331487,0.613147,0.333275,0.87886,0.458699,0.605216,0.499811,0.617423,0.599068,0.296372,0.128922,0.714986,0.71763,0.596013,0.311252,0.312018,0.735205,0.436571,0.54948,0.683088,0.173956,0.0805993,0.458876,0.250142,0.122989,0.187459,0.447533,0.517013,0.00903321,0.165856,0.29083,0.432637,0.472862,0.176994,0.0678656,0.653402,0.150544,0.330983,0.260968,0.0181308,0.189281,0.249082,0.107516,0.542479,0.460537,0.330739,0.244256,0.263913,0.713337,0.537214,0.439418,0.717848,0.448271,0.631188,0.189293,0.524149,0.155108,0.414575,0.477612,0.0537187,0.789631,0.645791,0.0277792,0.304797,0.895299,0.265126,0.393263,0.1443,0.107048,0.476318,0.0524582,0.122976,0.0228893,0.329295,0.42821,0.366755,0.354202,0.11421,0.156202,0.0894316,0.167019,0.209665,0.231916,0.303353,0.363345,0.281958,0.0979329,0.525792,0.193962,0.300063,0.0972264,0.0956738,0.16967,0.108647,0.748564,0.405937,0.527824,0.17038,0.418198,0.218937,0.420539,0.236373,0.109069,0.226952,0.409461,0.22047,0.1572,0.0718468,0.134189,0.134455,0.108453,0.240818,0.690292,0.0933555,0.212113,0.33567,0.244655,0.348473,0.643606,0.130524,0.439572,0.218252,0.075876,0.192589,0.186218,0.121999,0.390955,0.342571,0.727163,0.236786,0.15201,0.275208,0.340457,0.39857,0.15553,0.36635,0.46272,0.279703,0.155636,0.445322,0.409864,0.373029,0.335453,0.727163,0.236786,0.196664,0.187832,0.824848,0.819702,0.472717,0.394749,0.26828,0.214682,0.175236,0.755786,0.114419,0.366934,0.0924717,0.116545,0.277073,0.180369,0.204062,0.547477,0.150409,0.538362,0.178095,0.256784,0.230623,0.566088,0.16608,0.116925,0.19606,0.214704,0.249305,0.217028,0.240689,0.0895646,0.929809,0.202853,0.242531,0.435075,0.27694,0.869032,0.792492,0.797492,0.253297,0.206566,0.0816791,0.187072,0.238455,0.277073,0.180369,0.847505,0.353823,0.599712,0.217771,0.504701,0.0527599,0.486498,0.881876,0.251786,0.119972,0.349804,0.427872,0.464039,0.211462,0.319434,0.22378,0.412359,0.506123,0.500535,0.18802,0.556261,0.195217,0.303893,0.166548,0.306487,0.139063,0.349173,0.129829,0.148709,0.25121,0.194259,0.259452,0.18632,0.45035,0.321586,0.437317,0.243261,0.212113,0.33567,0.187771,0.425977,0.147415,0.390802,0.0982488,0.226987,0.359002,0.0931452,0.102302,0.108331,0.288729,0.0746434,0.251711,0.415422,0.180467,0.859971,0.18519,0.806324,0.196077,0.423817,0.188256,0.354601,0.241289,0.210885,0.185097,0.0506304,0.23201,0.22218,0.429243,0.206444,0.111104,0.127712,0.138389,0.223746,0.0917796,0.343535,0.155766,0.181785,0.0590465,0.105434,0.19395,0.218937,0.420539,0.181702,0.211876,0.165101,0.152796,0.0905736,0.666076,0.28255,0.134047,0.0718756,0.261778,0.206072,0.261725,0.0615993,1.12734,0.0229945,0.436448,0.217689,0.227804,0.16754,0.506123,0.500535,0.325217,0.393468,0.43183,0.186261,0.243992,0.0682079,0.276646,0.115772,0.841708,0.692871,0.20146,0.251778,0.309278,0.180783,0.126338,0.301886,0.0609106,0.72437,0.0713181,0.365569,0.118221,0.170407,0.0841034,0.10071,0.207959,0.0964405,0.69025,0.374766,0.157175,0.36733,0.127732,0.116519,0.174417,0.140582,0.344984,0.218047,0.384231,0.241063,0.41803,0.779418,0.120699,0.102914,0.227632,0.0830775,0.951075,0.107528,0.139905,0.197059
0.574309,0.640497,0.261788,0.59651,0.43104,0.550769,0.235618,0.0385034,0.581352,0.12089,0.147206,0.109101,0.0949674,0.126325,0.27099,0.0537518,0.201876,0.702473,0.655352,0.434521,0.587395,0.487769,0.213373,0.471986,0.250064,0.282052,0.36212,0.241536,0.20296,0.672504,0.497326,0.170075,0.111388,0.443071,0.6073,0.249835,0.0894839,0.733558,0.303558,0.322803,0.414505,0.365211,0.174207,0.960488,0.231623,0.0740746,0.595787,0.654029,0.660479,0.697018,0.520622,0.672223,1.02973,0.98181,0.408599,0.710866,0.379667,0.99248,0.737848,0.660552,0.576258,0.473557,0.343347,0.280447,0.0446397,0.452267,0.496678,0.393824,0.264624,0.500698,0.779846,0.523819,0.215014,0.285877,0.789173,0.459574,0.500535,0.0509329,0.303569,0.144339,0.390578,0.467417,0.184025,0.6876,0.25031,0.277636,0.33685,0.00574994,0.438264,0.430471,0.165394,0.184937,0.0256119,0.195478,0.407086,0.158916,0.585457,0.250077,0.443071,0.6073,0.336474,0.358717,0.717151,0.0945104,0.433687,0.606474,0.487675,0.114555,0.701206,0.457704,0.712849,0.480528,0.424956,0.527892,0.111237,0.252753,0.649567,0.430332,0.110978,0.398627,0.322792,0.403345,0.242571,0.423407,0.111336,0.927033,0.131904,0.00605716,0.421839,0.0784188,0.392636,0.348414,0.242097,0.127509,0.0871089,0.308042,0.350421,0.188363,0.589713,0.100805,0.362986,0.757635,0.642868,0.324039,0.627977,0.234173,0.753687,0.517512,0.677732,0.130492,0.532317,0.331116,0.13834,0.697372,0.265079,0.415104,0.384178,0.630419,0.610988,0.0820454,0.253359,0.506911,0.215733,0.345716,0.448132,0.0824374,0.635442,0.362984,0.483262,0.0010298,0.750037,0.454138,0.0270933,0.359962,0.381889,0.689021,0.340883,0.105632,0.495792,0.288162,0.579611,0.409732,0.187361,0.351496,0.291274,0.770687,0.0562224,0.672593,0.521007,0.309243,0.433135,0.567296,0.293187,0.801024,0.232642,0.316366,0.66142,0.430644,0.142839,0.58712,0.40378,0.127017,0.089867,0.569295,0.742572,0.592098,0.139342,0.160686,0.238104,0.477025,0.339106,0.368733,0.27797,0.416269,0.190587,0.283004,0.427291,0.184382,0.180766,0.434649,0.278975,0.393133,0.200789,0.680743,0.602926,0.228667,0.428576,0.160559,0.344488,0.256272,0.269189,0.192041,0.427197,0.709952,0.259128,0.266914,0.393133,0.200789,0.183218,0.539412,0.876687,0.170325,0.524872,0.425854,0.430598,0.540615,0.322321,0.7866,0.36139,0.51475,0.239094,0.0718251,0.34217,0.475673,0.543488,0.546578,0.242582,0.543849,0.182899,0.410463,0.302317,0.309011,0.292185,0.130547,0.418218,0.174067,0.305166,0.113116,0.17131,0.235123,0.659589,0.145875,0.182111,0.473307,0.227384,0.824159,0.644642,0.779369,0.299886,0.171837,0.209586,0.278217,0.195626,0.34217,0.475673,0.689949,0.592909,0.610116,0.10182,0.319501,0.134866,0.62533,0.752525,0.336932,0.104078,0.319522,0.411635,0.58746,0.194756,0.0889839,0.209267,0.147929,0.633393,0.328373,0.025536,0.528907,0.229707,0.0959717,0.0952126,0.368813,0.137691,0.387122,0.315776,0.227183,0.319712,0.195728,0.162885,0.0838703,0.330883,0.733858,0.466657,0.242469,0.160686,0.238104,0.303023,0.510471,0.050794,0.416022,0.0669742,0.241709,0.220929,0.0625985,0.212985,0.113079,0.199346,0.0691417,0.159354,0.473237,0.172794,0.589875,0.385688,0.635956,0.548876,-0.0295847,0.530662,0.324027,0.396778,0.210029,0.187733,0.20785,0.515099,0.210179,0.441167,0.417957,0.161016,0.101626,0.229836,0.240749,0.08288,0.284568,0.218982,0.106178,0.0297038,0.0536805,0.148505,0.293187,0.801024,0.120441,0.158384,0.0456829,0.0938711,0.00873009,0.508557,0.277778,0.504955,0.109724,0.247199,0.137819,0.145743,0.161531,0.368137,0.0491657,0.591802,0.225641,0.121898,0.0705448,0.633393,0.328373,0.185374,-0.0759269,0.394528,0.233581,0.183259,0.152061,0.147231,0.303138,0.785323,-0.0217341,0.219935,0.320157,0.165098,0.185783,0.236831,0.213579,0.0920366,0.011758,0.206884,0.235312,0.0803539,0.221598,0.0561029,0.127434,0.106417,0.156323,0.44431,0.167499,0.2642,0.695455,0.0329315,0.0671803,0.0821394,0.0124138,0.387127,0.456955,0.350257,0.424664,0.247713,0.0679178,0.145627,0.0214631,0.299105,0.173104,0.506291,0.259988,0.0469173,0.148818
0.662671,0.448102,0.413048,0.377225,0.751339,0.590778,0.340055,0.0614863,0.498713,0.285393,0.335055,0.149637,0.422913,0.149423,0.481705,0.0837532,0.252202,0.490562,0.598401,0.570907,0.566108,0.485534,0.283511,0.439724,0.310904,0.224811,0.589012,0.336983,0.534999,0.578764,0.610512,0.287723,0.189758,0.302182,0.586546,0.287632,0.196791,0.468935,0.223283,0.285633,0.424567,0.466145,0.37909,0.767717,0.261324,0.190129,0.320247,0.549221,0.561212,0.665389,0.49498,0.518318,0.792592,0.686786,0.220932,0.66639,0.418759,0.727068,0.547761,0.743562,0.682975,0.511658,0.335819,0.216659,0.69394,0.207752,0.134872,0.388572,0.322714,0.437412,0.791235,0.534808,0.121234,0.453429,0.570728,0.499683,0.538165,0.0442514,0.258722,0.313221,0.291014,0.249171,0.197335,0.2227,0.311108,0.299558,0.399639,0.0989,0.464838,0.286553,0.367995,0.111103,0.0661328,0.341823,0.539162,0.152606,0.746328,0.140279,0.302182,0.586546,0.670966,0.390284,0.439091,0.10074,0.244821,0.666438,0.433513,0.230144,0.488371,0.404149,0.46466,0.44153,0.625674,0.365265,0.160199,0.520882,0.504479,0.336999,0.102836,0.554496,0.53798,0.144907,0.203103,0.359777,0.239502,0.647398,0.0981785,0.104653,0.69375,0.220073,0.356146,0.256853,0.339984,0.215763,0.105789,0.191798,0.389134,0.303113,0.403907,0.220551,0.392065,0.720149,0.54368,0.72098,0.479325,0.284838,0.671574,0.511745,0.463532,0.122412,0.365817,0.560276,0.0617333,0.580543,0.386229,0.116259,0.494681,0.500169,0.356207,0.246625,0.229406,0.712853,0.330538,0.119758,0.256087,0.0582816,0.427212,0.28219,0.364895,0.166064,0.181841,0.291269,0.0226344,0.240848,0.575443,0.527019,0.249924,0.158267,0.373534,0.161182,0.657599,0.341943,0.243706,0.257114,0.304774,0.417973,0.275319,0.56848,0.403512,0.452601,0.201881,0.473724,0.406091,0.574386,0.216232,0.259189,0.391975,0.351038,0.0891773,0.277769,0.124202,0.128616,0.143157,0.215197,0.657641,0.644427,0.31639,0.164799,0.192627,0.358443,0.573048,0.699457,0.265148,0.459085,0.217031,0.179912,0.276215,0.142613,0.186354,0.350209,0.309825,0.535858,0.204769,0.264769,0.390645,0.308096,0.516927,0.115936,0.350978,0.2593,0.285946,0.271104,0.45895,0.468801,0.426151,0.229012,0.535858,0.204769,0.186963,0.302589,0.902108,0.475427,0.501095,0.619897,0.638439,0.341527,0.207521,0.778338,0.28026,0.487983,0.169189,0.107838,0.273994,0.33645,0.281073,0.531099,0.27193,0.532212,0.192177,0.411041,0.180579,0.329246,0.237285,0.1169,0.360423,0.181505,0.292159,0.180672,0.166498,0.159096,0.527697,0.206664,0.246058,0.351878,0.163695,0.848218,0.27559,0.896771,0.231814,0.1481,0.117069,0.210437,0.0855191,0.273994,0.33645,0.779264,0.468672,0.243305,0.192053,0.563106,0.194128,0.702984,0.657132,0.407586,0.213071,0.22906,0.444982,0.555391,0.178048,0.132455,0.217508,0.281187,0.316174,0.31918,0.0867716,0.624262,0.179539,0.17445,0.108251,0.270184,0.133879,0.676482,0.171586,0.25774,0.194116,0.158941,0.212863,0.108375,0.236213,0.363695,0.684169,0.170595,0.164799,0.192627,0.273216,0.476375,0.0900202,0.398984,0.0800988,0.314021,0.150007,0.0882269,0.190156,0.149084,0.240685,0.0853726,0.182956,0.264255,0.149226,0.323606,0.285939,0.604098,0.525505,0.192977,0.305668,0.427056,0.360468,0.151827,0.165945,0.337756,0.360748,0.143917,0.405109,0.312959,0.095116,0.0970888,0.168063,0.351242,0.126743,0.366462,0.538474,0.122123,0.0814625,0.101693,0.143062,0.406091,0.574386,0.108035,0.133372,0.155122,0.173086,0.0658673,0.133911,0.301107,0.373235,0.0845492,0.192607,0.164946,0.279342,0.178987,0.100795,0.0444136,0.457863,0.181786,0.13343,0.13504,0.316174,0.31918,0.241997,0.123028,0.472384,0.207331,0.15215,0.103812,0.247804,0.194797,0.853493,0.487086,0.137883,0.295057,0.462664,0.150793,0.164805,0.237275,0.10002,0.478021,0.0461412,0.392757,0.149396,0.221851,0.114155,0.072634,0.206918,0.1884,0.279275,0.212142,0.210362,0.355311,0.156156,0.0910851,0.245198,0.119569,0.302008,0.300557,0.36723,0.412364,0.207718,0.692543,0.172883,0.10239,0.172795,0.363217,0.239798,0.20099,0.145234,0.157834
0.4592,0.57567,0.791859,0.298365,0.564967,0.896928,0.445502,0.0820349,0.545851,0.656446,0.825691,0.337314,0.638682,0.181921,1.02299,0.307898,0.278042,0.141068,0.210283,0.5898,0.173402,0.41465,0.233681,0.25728,0.312563,0.595106,0.602385,0.487609,0.635065,0.556285,0.706916,0.181756,0.14273,0.328816,0.532731,0.521276,0.27695,0.114447,0.534767,0.507005,0.147076,0.75814,0.643082,0.343783,0.266159,0.122554,0.421437,0.163191,0.285394,0.356281,0.282211,0.144062,0.699954,0.57054,0.0781857,0.230726,0.461172,0.450985,0.584059,0.54922,0.508161,0.328294,0.495132,0.302761,0.436475,0.350931,0.550424,0.691756,0.578961,0.619741,0.27621,0.126426,0.0816493,0.668584,0.430976,0.597796,0.549568,0.0857708,0.494738,0.428255,0.364055,0.381722,0.336602,0.0373191,0.507188,0.245341,0.483943,0.320466,0.518189,0.233482,0.957152,0.213565,0.160058,0.574211,0.691438,0.29367,0.830942,0.442068,0.328816,0.532731,0.779016,0.44138,0.270583,0.0523391,0.191151,0.693191,0.459684,0.127729,0.269916,0.527131,0.536956,0.672988,0.596029,0.333212,0.0922955,0.583243,0.366157,0.212508,0.226618,0.548007,0.612911,0.139939,0.445953,0.376384,0.113473,0.41847,0.169698,0.202565,0.571902,0.22936,0.189824,0.367765,0.120217,0.249051,0.101928,0.191892,0.608733,0.249089,0.228445,0.38425,0.378314,0.585,0.656691,0.83965,0.458812,0.447238,0.540447,0.480909,0.560754,0.216762,0.56025,0.544888,0.255648,0.633257,0.258986,0.129868,0.546493,0.487389,0.351731,0.183211,0.277216,0.537046,0.366006,0.119046,0.315543,0.222645,0.488063,0.334808,0.256696,0.146117,0.176223,0.387023,0.0251195,0.183831,0.644667,0.364775,0.385014,0.122957,0.354347,0.392687,0.632348,0.359917,0.184206,0.214303,0.276507,0.24348,0.163002,0.369913,0.247614,0.425306,0.185095,0.518724,0.603152,0.564229,0.325039,0.2122,0.321673,0.469236,0.208669,0.261454,0.155083,0.133574,0.0868646,0.166775,0.586988,0.639187,0.212544,0.244867,0.219662,0.380887,0.661748,0.496209,0.206482,0.809121,0.197504,0.269913,0.368617,0.146309,0.222297,0.355418,0.343106,0.848549,0.355553,0.317118,0.478566,0.259222,0.510796,0.155182,0.412241,0.29278,0.28376,0.137177,0.446844,0.392558,0.474833,0.308912,0.848549,0.355553,0.223669,0.319328,0.765398,0.267168,0.55942,0.485488,0.524422,0.585188,0.229565,0.639277,0.231196,0.419008,0.183818,0.0821732,0.318978,0.285982,0.282233,0.577663,0.415899,0.534127,0.11143,0.402439,0.24151,0.580001,0.241465,0.143064,0.512633,0.319374,0.255044,0.252725,0.23189,0.0565521,0.681735,0.244123,0.258705,0.593125,0.261068,0.815249,0.0168877,0.851491,0.192315,0.161901,0.0614554,0.240154,0.135203,0.318978,0.285982,0.623654,0.379333,0.33375,0.235884,0.622097,0.0480177,0.508924,0.814832,0.189063,0.173675,0.285861,0.419449,0.257752,0.143929,0.10159,0.26036,0.125688,0.454381,0.512233,0.043692,0.594186,0.14779,0.277793,0.188395,0.367249,0.16503,0.655483,0.238395,0.219253,0.420618,0.194813,0.23462,0.107936,0.295953,0.350667,0.63124,0.181238,0.244867,0.219662,0.273588,0.761603,0.0931443,0.472543,0.0655867,0.396016,0.18873,0.076214,0.272183,0.185366,0.239012,0.155692,0.224708,0.248295,0.123339,0.446995,0.214259,0.744794,0.50797,0.354556,0.275432,0.401743,0.286347,0.223163,0.179571,0.170382,0.218333,0.309479,0.48146,0.336034,0.0860759,0.114232,0.21785,0.427588,0.108464,0.27566,0.476642,0.190445,0.0900955,0.0283683,0.142156,0.603152,0.564229,0.206037,0.106789,0.18668,0.13888,0.0684629,0.386519,0.791854,0.353834,0.048239,0.148332,0.215595,0.25866,0.23511,0.222721,0.0225691,0.397055,0.17334,0.113929,0.44216,0.454381,0.512233,0.25306,0.205187,0.575362,0.244967,0.138489,0.145008,0.185835,0.207246,0.823628,0.38783,0.434102,0.219454,0.231688,0.127413,0.138131,0.259901,0.0834389,0.40609,0.0121797,0.423355,0.16281,0.132087,0.0958176,0.127108,0.114389,0.222076,0.328855,0.295304,0.155049,0.295183,0.11889,0.143411,0.292549,0.139565,0.231693,0.422196,0.372805,0.150435,0.405162,0.554747,0.151363,0.091393,0.137255,0.17135,0.354222,0.130481,0.210041,0.189704
0.534879,0.345983,0.459785,0.32204,0.633988,0.519112,0.577524,0.091698,0.700278,0.471376,0.560268,0.27511,0.383493,0.626579,0.348185,0.409898,0.182754,0.532608,0.529761,0.519629,0.40674,0.449667,0.580023,0.393596,0.333135,0.294833,0.283067,0.434798,0.537377,0.562237,0.577576,0.241286,0.153435,0.44919,0.692151,0.293707,0.192966,0.43431,0.4153,0.488396,0.492711,0.55228,0.405658,0.69062,0.235985,0.419303,0.652548,0.550796,0.520523,0.601616,0.389666,0.474265,0.510774,0.650526,0.224306,0.636927,0.470038,0.754553,0.447257,0.593531,0.527675,0.363687,0.495361,0.451623,0.448133,0.400242,0.551948,0.737787,0.323102,0.491202,0.810802,0.458842,0.138513,0.517329,0.261055,0.527096,0.593125,0.663666,0.522824,0.289569,0.239224,0.188951,0.503913,0.31464,0.252713,0.0820338,0.476786,0.159402,0.367469,0.313757,0.703728,0.168973,0.319297,0.755154,0.432606,0.503376,0.746704,0.340602,0.44919,0.692151,0.633826,0.413814,0.288537,0.104548,0.261533,0.588527,0.46152,0.240539,0.552773,0.400566,0.383866,0.528979,0.622177,0.271399,0.139796,0.285807,0.319605,0.0802617,0.224633,0.578383,0.417813,0.263766,0.47969,0.363478,0.135146,0.663294,0.215813,0.106896,0.473773,0.270861,0.766667,0.334843,0.0444869,0.164624,0.15033,0.115924,0.562149,0.250272,0.33888,0.390082,0.494387,0.64522,0.57086,0.298693,0.516489,0.375393,0.643241,0.272429,0.552579,0.124343,0.499966,0.452888,0.102195,0.617168,0.41929,0.292745,0.392069,0.492566,0.372929,0.333938,0.151455,0.659463,0.426325,0.0804501,0.136062,0.109546,0.335978,0.33676,0.496572,0.139548,0.154768,0.175555,0.0382579,0.186225,0.726751,0.200136,0.386965,0.161462,0.284994,0.102076,0.446069,0.177724,0.262504,0.155287,0.324339,0.246763,0.416019,0.526681,0.502316,0.391107,0.171433,0.401376,0.439103,0.527504,0.362489,0.129971,0.273927,0.454186,0.291549,0.164803,0.223354,0.323159,0.160711,0.0642161,0.508462,0.533686,0.395076,0.164281,0.304537,0.389748,0.418525,0.391729,0.314417,0.36456,0.332132,0.221616,0.244003,0.649696,0.224734,0.469726,0.477391,0.521641,0.212056,0.20125,0.396899,0.254549,0.316458,0.213955,0.427335,0.217845,0.28861,0.263168,0.508324,0.254794,0.5366,0.308445,0.521641,0.212056,0.439108,0.205959,0.780522,0.163981,0.354121,0.491962,0.604718,0.283986,0.263042,0.716863,0.338001,0.27022,0.142841,0.237762,0.26071,0.138438,0.34116,0.552793,0.54556,0.534934,0.162214,0.286816,0.194187,0.447021,0.149577,0.151339,0.455031,0.206435,0.440474,0.176242,0.278791,0.0902803,0.671017,0.218577,0.880473,0.331717,0.169978,0.838998,0.426091,0.878456,0.221554,0.153204,0.0630441,0.431729,0.177665,0.26071,0.138438,0.585596,0.317027,0.410248,0.195403,0.267024,0.16451,0.595906,0.657923,0.313928,0.388755,0.22296,0.464924,0.51039,0.482458,0.179646,0.245304,0.0829342,0.426543,0.658769,0.158054,0.463261,0.209995,0.188784,0.168626,0.183344,0.246424,0.368169,0.269618,0.149625,0.272279,0.211386,0.261621,0.552464,0.287826,0.10088,0.346007,0.249526,0.164281,0.304537,0.198249,0.562839,0.133318,0.535094,0.113515,0.633384,0.177912,0.191643,0.18239,0.203245,0.329363,0.107063,0.292065,0.315659,0.15976,0.796459,0.464593,0.637029,0.531785,0.365497,0.37107,0.382129,0.275154,0.113552,0.21782,0.858127,0.598445,0.264955,0.540231,0.309709,0.424403,0.326669,0.179389,0.284843,0.201836,0.726771,0.791776,0.369517,0.166637,0.181816,0.176086,0.439103,0.527504,0.186868,0.676313,0.170504,0.14846,0.101138,0.375092,0.209005,0.151402,0.108368,0.263139,0.747342,0.366721,0.119677,0.270584,0.0961142,0.610058,0.230165,0.181772,0.114244,0.426543,0.658769,0.17641,0.131504,0.332315,0.141855,0.131973,0.263015,0.352392,0.134277,0.819617,0.393477,0.267242,0.146172,0.307099,0.154713,0.207985,0.283896,0.0786066,0.47522,0.030168,0.477717,0.0798695,0.613001,0.126868,0.165345,0.3727,0.117663,0.471381,0.367882,0.251455,0.36849,0.0789163,0.213919,0.172902,0.684358,0.294716,0.608221,0.257077,0.212941,0.144094,0.657225,0.417752,0.270285,0.482597,0.254148,0.466589,0.142767,0.429842,0.824124
0.410945,0.349209,0.282975,0.638851,0.106425,0.698395,0.797883,0.0483894,0.519495,0.536343,0.643854,0.293253,0.233424,0.508615,0.456973,0.378559,0.180247,0.56096,0.458899,0.567532,0.382854,0.487889,0.744355,0.167114,0.0233103,0.22756,0.601701,0.36789,0.582823,0.368782,0.336402,0.275771,0.190294,0.157245,0.254918,0.326371,0.214749,0.361696,0.283984,0.344613,0.354497,0.411094,0.316099,0.762623,1.00432,0.470308,0.889851,0.516442,0.529462,0.596502,0.378567,0.369694,0.560799,0.512079,0.213559,0.535436,0.572693,0.763804,0.514169,0.383303,0.38717,0.205299,0.521335,0.424062,0.415384,0.60595,0.881273,0.119167,0.300783,0.37377,0.598691,0.373395,0.162309,0.387843,0.819567,0.477747,0.556316,0.23297,0.49487,0.415045,0.271361,0.424774,0.3604,0.262568,0.211433,0.26955,0.224514,0.122786,0.634345,0.273741,0.37025,0.194649,0.172216,0.163302,0.534887,0.493551,0.635513,0.19755,0.157245,0.254918,0.328583,0.279683,0.361389,0.0929918,0.277085,0.644691,0.386666,0.347107,0.653083,0.365347,0.125836,0.623172,0.351646,0.477123,0.238506,0.430899,0.779084,0.54356,0.132662,0.09729,0.218698,0.161062,0.225553,0.0415409,0.285508,0.840279,0.196243,0.159004,0.551719,0.059804,0.207505,0.530451,0.376903,0.263376,0.853778,0.372977,0.424584,0.258214,0.637689,0.376902,0.293802,0.644478,0.281072,0.36489,0.493134,0.34254,0.461685,0.548909,0.453464,0.294085,0.437164,0.427586,0.102466,0.559461,0.441308,0.0702075,0.549477,0.28557,0.642512,0.0470193,0.326135,0.678265,0.0731526,0.159869,0.343735,0.144875,0.411825,0.257155,0.423267,0.598549,0.198622,0.533142,0.0420166,0.220011,0.463496,0.559111,0.282781,0.147573,0.37655,0.233853,0.401813,0.37344,0.102096,0.415679,0.380926,0.527364,0.247835,0.546102,0.253802,0.259082,0.49749,0.591164,0.301911,0.691663,-0.0306841,0.390696,0.607101,0.447599,0.142051,0.323589,0.0784467,0.443343,0.0224177,0.276062,0.430422,0.494852,0.263864,0.348725,0.144765,0.308807,0.607298,0.382749,0.505172,0.396754,0.449529,0.499916,0.405818,0.0286272,0.145897,0.429065,0.705615,0.418079,0.312907,0.285957,0.445214,0.104548,0.158956,0.358763,0.156554,-0.0213162,0.114012,0.677968,0.547233,0.543532,0.351399,0.322172,0.418079,0.312907,0.0443859,0.536952,0.831475,0.443778,0.458238,0.159591,0.540976,0.305019,0.302395,0.756641,0.581593,0.693376,0.29217,-0.00649994,0.264615,0.315112,0.539033,0.481743,0.193845,0.27303,0.0146544,0.739417,0.497445,0.179246,0.194618,0.157533,0.531945,0.738846,0.311023,0.458609,-0.0182271,0.123531,0.595927,0.470343,0.674436,0.497601,0.11916,0.81096,0.240613,0.808777,0.100833,0.313637,0.138517,0.54596,0.0249944,0.264615,0.315112,0.667251,0.327947,0.0173586,0.128097,0.523742,0.105975,0.682182,0.722227,0.234265,0.00891573,0.113674,0.230476,0.569785,0.200669,0.131114,0.203672,0.358243,0.387662,1.09417,0.00373381,0.747803,0.192547,0.195843,0.264212,-0.0420309,0.162846,0.80886,0.214719,0.27764,1.63982,0.142083,0.075157,0.0433495,0.332241,0.303579,0.82504,0.146331,0.348725,0.144765,0.502712,0.553594,0.0094953,0.606591,0.0209697,0.754613,0.367322,0.120274,0.274386,0.102849,0.212824,0.0807441,0.122246,0.392575,0.133339,0.358312,0.151318,0.527951,0.426332,0.264731,0.40018,0.421707,0.161672,0.14735,0.201557,0.168436,0.475977,0.0714504,0.32397,0.133191,0.165405,0.146599,0.179705,0.361673,-0.0547513,0.478785,0.240345,0.210329,-0.00220368,0.00398045,0.152745,0.301911,0.691663,0.625169,-0.0654602,0.396427,0.0708797,0.0905475,0.120698,0.357373,0.599258,0.0456442,0.0245922,0.128926,0.111879,-0.0338854,0.286545,0.0590099,0.395486,0.0870369,0.177255,0.0915424,0.387662,1.09417,0.203386,0.202433,0.180238,0.311599,0.0182815,0.135155,0.182297,0.558187,0.781601,0.354311,0.38666,0.756808,0.373294,0.223,0.352937,0.0166131,0.153125,0.455986,0.0281271,0.553363,0.134962,0.677152,0.119506,0.384828,0.438052,0.16321,0.614903,0.140116,0.202494,0.381164,0.0788426,0.0235184,0.246582,0.0364831,0.354199,1.19002,0.382876,0.968843,0.205701,0.503845,0.535891,0.15247,0.666161,0.140884,0.421984,0.116373,0.303679,0.259816
