0.695927,0.306721,0.270936,0.70618,0.351332,0.36074,0.355332,0.0561406,0.501459,0.455245,0.467957,0.219638,0.360934,0.491841,0.361392,0.21982,0.122404,0.497296,0.412844,0.0694286,0.400771,0.475163,0.440647,0.423939,0.357363,0.0897421,0.413776,0.383303,0.44037,0.613264,0.575548,0.240098,0.152504,0.233062,0.463964,0.181966,0.202682,0.247244,0.233549,0.282772,0.694737,0.362132,0.351341,0.785244,0.332241,0.248709,0.306807,0.56279,0.731468,0.676571,0.522948,0.842818,0.77198,0.805684,0.224218,0.892409,0.504695,0.641546,0.33521,0.564452,0.581292,0.334553,0.534192,0.384686,0.534749,0.252765,0.249861,0.247039,0.253641,0.387454,0.826025,0.627862,0.123326,0.487845,0.693781,0.481617,0.630128,0.110894,0.408696,0.48515,0.339881,0.290596,0.282058,0.165436,0.235696,0.325672,0.38103,0.098498,0.513131,0.319853,0.42072,0.181024,0.360298,0.279248,0.505659,0.315948,0.772338,0.0694681,0.233062,0.463964,0.438253,0.264141,0.350665,0.0585574,0.462994,0.709301,0.370909,0.188767,0.434477,0.552691,0.429829,0.499821,0.512834,0.630677,0.198081,0.353543,0.827911,0.367394,0.0996988,0.381397,0.319735,0.315857,0.247632,0.427965,0.295306,0.704127,0.198985,0.0374103,0.536993,0.137107,0.264263,0.306662,0.252752,0.135432,0.186027,0.278082,0.431201,0.312785,0.350853,0.193466,0.377798,0.696354,0.583844,0.263729,0.635558,0.480501,0.633507,0.45103,0.463771,0.165353,0.507091,0.351172,0.0917359,0.662935,0.406159,0.230546,0.525402,0.698461,0.640303,0.139502,0.351312,0.674974,0.280723,0.208372,0.40587,0.106458,0.567298,0.279223,0.509784,0.0962462,0.106958,0.636325,0.0301645,0.140884,0.479971,0.612259,0.31439,0.0853107,0.457202,0.253623,0.331045,0.382116,0.226951,0.403448,0.394136,0.358298,0.307065,0.524782,0.64696,0.454353,0.328488,0.57386,0.215098,0.65007,0.179638,0.34686,0.625635,0.524419,0.12751,0.208575,0.211067,0.149842,0.159749,0.136953,0.674973,0.61748,0.305819,0.148366,0.308599,0.477688,0.547481,0.458423,0.348952,0.420165,0.32495,0.346812,0.413945,0.116509,0.33471,0.466847,0.285488,0.474272,0.155591,0.550681,0.538104,0.289753,0.272557,0.116833,0.3427,0.250619,0.137848,0.170515,0.428663,0.530269,0.403748,0.477184,0.474272,0.155591,0.169502,0.573272,0.861306,0.0944063,0.313215,0.459958,0.511922,0.540593,0.328086,0.781008,0.433705,0.366958,0.300796,0.0691611,0.242901,0.38348,0.452521,0.566724,0.249355,0.533897,0.331895,0.387984,0.199691,0.264607,0.317763,0.142409,0.412598,0.118798,0.370133,0.140059,0.133174,0.0848469,0.659493,0.227713,0.172205,0.437591,0.0952548,0.876536,0.371949,0.886666,0.29269,0.149348,0.183661,0.150976,0.111791,0.242901,0.38348,0.723818,0.396971,0.387417,0.0835025,0.275203,0.163889,0.647866,0.649241,0.271237,0.234244,0.203847,0.486812,0.428444,0.149005,0.138124,0.145217,0.0851543,0.496317,0.472109,0.0488616,0.437221,0.166183,0.152226,0.116331,0.37499,0.131599,0.539484,0.158217,0.222513,0.386561,0.103688,0.159499,0.120802,0.345416,0.441863,0.453331,0.142149,0.148366,0.308599,0.397231,0.584227,0.0699172,0.476244,0.0563552,0.257629,0.227281,0.0758088,0.301509,0.162237,0.129347,0.092136,0.167862,0.226895,0.159258,0.637188,0.399969,0.710804,0.535506,0.254944,0.541866,0.245748,0.216578,0.0578394,0.127577,0.270619,0.471009,0.114684,0.3892,0.366915,0.111948,0.10049,0.298429,0.524114,0.113411,0.328689,0.0188826,0.047878,0.0482534,0.122452,0.115067,0.215098,0.65007,0.087225,0.090265,0.132395,0.14488,0.0673795,0.414977,0.338418,0.372259,0.0484001,0.0928046,0.105479,0.24674,0.323213,0.702937,0.0472883,0.337149,0.204848,0.189843,0.105575,0.496317,0.472109,0.128409,0.220579,0.304781,0.393827,0.19318,0.154629,0.149564,0.487026,0.820202,0.537141,0.174057,0.576172,0.0109045,0.141395,0.265242,0.162602,0.0919127,0.518414,0.0888062,0.435797,0.10112,0.5052,0.0861272,0.0985948,0.172432,0.219478,0.502239,0.310897,0.21791,0.537531,0.082864,0.0640193,0.232142,0.0998648,0.18056,0.355342,0.239798,0.42596,0.312499,0.720136,0.187989,0.0432349,0.291583,0.281952,0.741132,0.281782,0.117152,0.0699445
0.857365,0.504477,0.747297,0.208953,0.675438,0.957814,0.369438,0.0993856,0.117716,0.303561,0.303769,0.241335,0.753894,0.29237,0.367063,0.388085,0.238738,0.0586251,0.168476,0.111098,0.0883627,0.434588,0.264811,0.268637,0.303493,0.707368,0.428046,0.643596,0.843831,0.930363,0.93452,0.312337,0.194619,0.647087,0.322088,0.716658,0.244216,0.136839,0.724904,0.696342,0.102482,0.798735,0.502359,0.477377,0.207579,0.245397,0.480192,0.206014,0,0,0.286112,0.35337,0.698136,0.680812,0.280957,0.318954,0.640609,0.607027,0.47579,0.215876,0.402169,0.29332,0.398341,0.379325,0.425112,0.247554,0.449159,0.0386426,0.522945,0.539273,0,0.21452,0.101957,0.446437,0.33123,0.708535,0.557473,0.0963611,0.313982,0.18854,0.423505,0.290942,0.139385,0.213185,0.21611,0.367174,0.463972,0.0946141,0.589849,0.555709,0.56771,0.206175,0.214265,0.501089,0.459431,0.259374,0.832537,0.656095,0.647087,0.322088,0.687233,0.298093,0.356384,0.238143,0.26457,0.533739,0,0.212901,0.0665153,0.44226,0.457017,0.485942,0.545686,0.549495,0.24329,0.382176,0.471042,0.366328,0.192913,0.63333,0.481056,0.207513,0.252122,0.558525,0.30086,0.295233,0.327483,0.172162,0.480995,0.536586,0.527658,0.337029,0.113833,0.419224,0.0361329,0.226905,0.920187,0.368302,0.454027,0.260798,0.0453193,0.915649,0.57637,0.495511,0.524031,0.331121,0.679468,0.645599,0.754617,0.204658,0.532557,0.276274,0.0778551,0.660514,0.145711,0.14472,0.666642,0.616555,0.436048,0.495124,0.447858,0.355388,0.54025,0.250218,0.504155,0.095765,0.519406,0.344887,0.392016,0.0521912,0.119286,0.486634,0.0373491,0.147936,0.457825,0.417814,0.310571,0.215883,0.583925,0.350138,0.692709,0.295949,0.469118,0.387336,0.34488,0.313295,0.200586,0.52145,0.216021,0.606478,0.475629,0.628201,0.423,0.707544,0.610939,0.315823,0.696389,0.411353,0.186214,0.174955,0.177117,0.194024,0.174096,0.16681,0.487387,0.953618,0.208349,0.272448,0.226911,0.747806,0.710789,0.399244,0.194206,0.550626,0.354138,0.478343,0.543901,0.148219,0.399583,0.392746,0.678207,1,0.285608,0.185113,0.552713,0.754968,0.437889,0.152356,0.264749,0.0244625,0.289999,0.346327,0.382451,0.751873,0.203203,0.346036,1,0.285608,0.719096,0.525433,0.908547,0.229232,0.314188,0.528017,0.544751,0.544035,0.448761,0.501984,0.234018,0.560352,0.292945,0.156482,0.263135,0.32217,0.229026,1,0.630253,0.368272,0.467582,0.395316,0.146177,0.482731,0.598885,0.139862,0.801522,0.180896,0.308182,0.363105,0.448374,0.0968567,0.586102,0.0839074,0.0958207,0.528552,0.160239,0.883231,0.275439,0.881578,0.482147,0.0884388,0.0891879,0.112448,0.290253,0.263135,0.32217,0.602864,0.287395,0.574398,0.0533354,0.36754,0.0982861,0.498482,0.722327,0.306601,0.226589,0.28965,0.388419,0.855549,0.590728,0.132178,0.255051,0.134123,0.327998,0.23874,0.360201,0.56037,0.120685,0.38004,0.257642,0.351146,0.150941,0.4284,0.141395,0.27393,0.0743217,0.218852,0.576004,0.162321,0.226063,0.315743,0.519166,0.24974,0.272448,0.226911,0.665588,0.565377,0.56237,0.592997,0.128428,0.19918,0.257856,0.138525,0.569917,0.135526,0.294442,0.158379,0.641383,0.258479,0.384804,0.354688,0.489197,0.398574,0.672038,0.275118,0.494428,0.520577,0.53951,0.0401454,0.264276,0.366143,0.533654,0.220078,0.762954,0.789814,0.113008,0.175091,0.162331,0.0794334,0.311877,0.609613,0.253001,0.03248,0.0527103,0.183809,0.194504,0.423,0.707544,0.0959151,0.257818,0.053896,0.222331,0.0881517,0.42993,0.559962,0.526371,0.0521229,0.159075,0.21843,0.311779,0.158457,0.297618,0.0787487,0.471178,0.380415,0.160288,0.361025,0.327998,0.23874,0.182371,0.0517281,0.81139,0.370697,0.321179,0.141317,0.505249,0.30175,0.629031,0.0312783,0.230376,0.462439,0.580256,0.227846,0.615165,0.265264,0.048909,0.122447,0.137775,0.0170424,0.0969851,0.491535,0.13712,0.134643,0.156549,0.0376327,0.292828,0.24347,0.495406,0.554014,0.154578,0.165068,0.363045,0.420376,0.316569,0.209455,0.38522,0.6035,0.657519,0.281976,0.103923,0.138217,0.293707,0.0627922,0.379979,0.37782,0.18867,0.122557
0.601692,0.443836,0.572257,0.228128,0.687496,0.793435,0.248891,0.136301,0.454904,0.255014,0.243568,0.303588,0.341164,0.356323,0.235361,0.16627,0.269068,0.738826,0.736307,0.605384,0.702799,0.588633,0.259518,0.91982,0.313853,0.574309,0.546419,0.268486,0,0.230735,0.136587,0.138395,0.0618073,0.919609,0.314569,0.281813,0.268768,0.508898,0.561941,0.49095,0.411407,0.680197,0.515926,0.846647,0.269697,0.645866,0.590053,0.426711,0.713298,0.618924,0.410486,0.606979,0.706692,0.748517,0.243104,0.599719,0.101278,0.718232,0.540818,0.494029,0.595435,0.698455,0.126242,0.107285,0.446844,0.388739,0.581794,0.368775,0.503903,0.469417,0.515102,0.453783,0.376129,0.521755,0.238493,0.778946,0.18803,0.0681807,0.0982715,0.334466,0.384777,0.117619,0.119188,0.0394691,0.02679,0.414296,0.637638,0.0693807,0.503752,0.877434,0.646614,0.174609,0.25536,0.395199,0.165507,0.228621,0.737097,0.275813,0.919609,0.314569,0.66434,0.318293,0.592692,0.0803194,0.742743,0.908524,0.400447,0.276613,0.482416,0.560018,0.314146,0.175223,0.676199,0.254924,0.0879917,0.323214,0.394045,0.147849,0.166911,0.549805,0.220878,0.110004,0.195911,0.353141,0.240899,0.68451,0.0298873,0.129026,0.609649,0.174556,0.522383,0.465124,0.0328953,0.285978,0.159134,0.162576,0.0435223,0.203498,0.532748,0.2225,0.313319,0.752461,0.618409,0.48606,0.596857,0.0630737,0.700859,0.501806,0.633996,0.12743,0.153955,0.48062,0.0488167,0.755052,0.552737,0.0393183,0.495097,0.911281,0.328311,0.292032,0.185424,0.617215,0.301953,0.058823,0.125996,0.0164424,0.365905,0,0.110816,0.112988,0.876728,0.282808,0.0735135,0.299586,0.545107,0.33131,0.136709,0.269323,0.336727,0.0320507,0.475739,0.213311,0.399841,0.184051,0.370517,0.07575,0.283245,0.757852,0.176693,0.420316,0.304806,0.606217,0.321876,0.368504,0.370919,0.165274,0.25413,0.109168,0.272888,0.625772,0.149372,0.0390765,0.255226,1,0.538902,0.549219,0.289825,0.727,0.188862,0.32119,0.524915,0.61137,0.169909,0.272563,0.210026,0.281745,0.315076,0.217406,0.171102,0.050245,0.263951,0.758062,0.220067,0.154476,0.0907777,0.331194,0.485948,0.0822466,0.797777,0.378389,0.776419,0.45543,0.307924,0.952895,0.404398,0.0763976,0.758062,0.220067,0.27237,0.171666,0.930281,0.29964,0.638984,0.662439,0.540851,0.227381,0.278614,0.754933,0.237279,0.556266,0.0921919,0.073077,0.496392,0.185385,0.17001,0.559769,0.222141,0.531369,0.387729,0.423752,0.111859,0.428478,0.149838,0.148809,0.29821,0.111865,0.336547,0.0983844,0.20816,0.167671,0.847722,0.260482,0.443008,0.0780222,0.562021,1,0.78784,0.994741,0.28588,0.113175,0.181683,0.125887,0.248833,0.496392,0.185385,0.65565,0.515824,0.460914,0.165977,0.593211,0.223129,0.725444,0.696342,0.421113,0.155395,0.681802,0.473007,0.890934,0.424271,0.322575,0.283451,0.206493,0.605762,0.289805,0.0847361,0.630196,0.20852,0.207313,0.148532,0.39957,0.172895,0.658245,0.222951,0.145217,0.374541,0.16595,0.176444,0.137363,0.103858,0.288531,0.740107,0.494689,0.727,0.188862,0.389822,0.24249,0.0752974,0.527051,0.073119,0.253505,0.207901,0.206948,0,0.154274,0.142288,0.119779,0.125885,0.614155,0.405419,0.577598,0.232644,0.89197,0.0804524,0.996162,0.109523,0.327688,0.650198,0.14807,0.111343,0.295074,0.236868,0.235957,0.508743,0.285536,0.142211,0.169182,0.232411,0.502664,0.210305,0.236352,0.116085,0.14307,0.0187712,0.105378,0.146533,0.321876,0.368504,0.256134,0.18704,0.145872,0.16957,0.149563,0.390802,0.28678,0.215057,0.0849807,0.149201,0.158345,0.146426,0.121094,0.375964,0.212769,0.882,0.306924,0.0542026,0.137624,0.605762,0.289805,0.517857,0.334917,0.723329,0.109628,0.17213,0.201318,0.195049,0.197686,0.901981,0.27242,0.240715,0.289569,0.167475,0.239265,0.0971834,0.342502,0.222642,0.238646,0.275671,0.226501,0.216913,0.338667,0.10011,0,0.242399,0.114128,0.265294,0.154639,0.156447,0.277239,0.188623,0.0929146,0.273352,0.11369,0.88689,0.469774,0.767263,0.142868,0.170937,0.532325,0.100076,0.128536,0.156264,0.131729,0.609564,0.239017,0.116635,0.116635
0.727665,0.0953791,0.47804,0.237511,0.61029,0.905101,0.45754,0.154531,0.754899,0.244559,0.211135,0.2201,0.257106,0.4319,0.507981,0.238485,0.309963,0.462636,0.411762,0.544924,0.560814,0.498756,0.435883,0.302523,0.457181,0.234965,0.679,0.267383,0.277562,0.593439,0.4139,0.286649,0.199057,0.720137,0.757393,0.259081,0.294705,0.919209,0.0856377,0.201135,0.472477,0.421749,0.533755,0.589877,0.73343,0.37861,0.370751,0.598056,0.57642,0.673342,0.480988,0.413979,0.795152,0.806207,0.360117,0.550898,0.313236,0.758453,0.545429,0.709414,0.519595,0.348929,0.409374,0.344718,0.373409,0.298504,0.230804,0.857767,0.272874,0.228746,0.611332,0.372515,0.146703,0.844937,0.193729,0.363544,0.351371,0.297723,0.302625,0.255686,0.384209,0.341298,0.299961,0.231797,0.279781,0.340165,0.61408,0.105308,0.725402,0.307058,0.650977,0.194579,0.19714,0.291922,0.512694,0.346184,0.625237,0.280564,0.720137,0.757393,0.731347,0.293041,0.480067,0.0976079,0.258969,0.635224,0.546851,0.657829,0.256187,0.302849,0.390545,0.389931,0.576205,0.332886,0.15857,0.391307,0.153627,0.17052,0.232999,0.640153,0.647948,0.275831,0.215421,0.262103,0.246461,0.444068,0.0706538,0.296984,0.247678,0.111274,0.494629,0.639704,0.0832354,0.126534,0.554406,0.134489,0.467634,0.342854,0.349975,0.591858,0.326657,0.944582,0.674684,0.375018,0.578595,0.270011,0.810623,0.480786,0.624831,0.107875,0.183039,0.473492,0.205325,0.487505,0.550303,0.199246,0.689154,0.584259,0.413465,0.193931,0.150451,0.464409,0.446727,0.0527664,0.169749,0.172675,0.479103,0.255885,0.216293,0.149086,0.17946,0.292058,0.0286891,0.186779,0.386718,0.233318,0.230273,0.180484,0.417485,0.239418,0.764735,0.137326,0.651665,0.112184,0.307041,0.37291,0.316542,0.515008,0.593315,0.561363,0.2263,0.430175,0.339637,0.509182,0.326238,0.155675,0.407514,0.182317,0.423982,0.265869,0.116086,0.196127,0.210269,0.123674,0.476643,0.700519,0.496537,0.224828,0.312778,0.36741,0.829605,0.40172,0.221478,0.469624,0.507016,0.178886,0.337574,0.107987,0.319275,0.215681,0.408205,0.816489,0.226921,0.20799,0.0434949,0.523128,0.37015,0.168885,0.526533,0.548103,0.466953,0.380961,0.705385,0.432769,0.461464,0.210952,0.816489,0.226921,0.236199,0.240632,0.875018,0.698856,0.726007,0.696872,0.51729,0.142066,0.130054,0.716011,0.415121,0.200913,0.164445,0.227168,0.428933,0.300573,0.353931,0.619246,0.364478,0.630347,0.178976,0.370491,0.322128,0.460038,0.274358,0.115292,0.226568,0.552906,0.369349,0.200833,0.27727,0.106764,0.507238,0.0963687,0.263752,0.0688629,0.442948,0.820107,0.120141,0.876991,0.267273,0.397813,0.244286,0.285683,0.482699,0.428933,0.300573,0.739579,0.506305,0.423736,0.395601,0.544826,0.0643048,0.977199,0.83083,0.232828,0.34269,0.443829,0.451373,0.355873,0.447306,0.382841,0.327465,0.828775,0.867273,0.641935,0.0747111,0.167041,0.229529,0.553601,0.304451,0.594366,0.169471,0.822974,0.148519,0.114872,0.355022,0.264883,0.23747,0.172688,0.197449,0.435452,0.771232,0.358078,0.224828,0.312778,0.498052,0.129888,0.0827421,0.383738,0.132396,0.307209,0.0196247,0.154737,0.206421,0.217881,0.226562,0.112057,0.190323,0.371503,0.279697,0.482906,0.514717,0.755487,0.556753,0.223781,0.292989,0.15844,0.177322,0.382032,0.175385,0.307625,0.440997,0.288597,0.499426,0.214655,0.13851,0.0954788,0.239461,0.389988,0.0296789,0.547393,0.7918,0.360162,0.118135,0.307176,0.329967,0.339637,0.509182,0.261209,0.183038,0.440947,0.497168,0.252632,0.476629,0.135633,0.156719,0.0659715,0.446156,0.110599,0.515105,0.0549052,0.290865,0.0593736,0.395418,0.323087,0.261009,0.145997,0.867273,0.641935,0.195592,0.161633,0.893831,0.0878067,0.223662,0.293512,0.269754,0.366283,0.845354,0.494797,0.26813,0.813678,0.357041,0.407556,0.263506,0.288872,0.092942,0.668126,0.101322,0.740107,0.147006,0.261196,0.0375907,0.173043,0.729697,0.128972,0.331056,0.13636,0.140294,0.0662622,0.159033,0.166563,0.263628,0.310174,0.45543,0.721587,0.398174,1,0.176808,0.608766,0.163556,0.0666786,0.333772,0.115178,0.432067,0.284503,0.172497,0.370384
0.632048,0.591159,0.633955,0.322534,0.607412,0.964789,0.592787,0.0675676,0.566975,0.687164,0.75219,0.411016,0.423298,0.451365,0.583345,0.427934,0.263203,0.39361,0.246589,0.363612,0.0308933,0.486488,0.252554,0.0630333,0.530909,0.616317,0.463063,0.534691,0.626637,0.644772,0.684198,0.442505,0.294963,0.543776,0.549617,0.408729,0.187088,0.134768,0.623707,0.582273,0.0569812,0.687717,0.503394,0.498686,0.203379,0.410179,0.503822,0.337027,0.283588,0.395832,0.404862,0.245126,0.47107,0.406701,0.838096,0.293956,0.514419,0.608301,0.626148,0.597393,0.769415,0.484852,0.488695,0.418378,0.508484,0.297028,0.490239,0.259716,0.3998,0.585542,0.225003,0.144968,0.0209434,0.514356,0.283388,0.678801,0.605581,0.520704,0.361496,0.425403,0.348838,0.109751,0.396118,0.00387842,0.252554,0.248437,0.498039,0.133462,0.352225,0.22383,0.494303,0.23339,0.345915,0.231426,0.497662,0.565177,0.787279,0.478891,0.543776,0.549617,0.58881,0.18428,0.200439,0.17882,0.253762,0.615214,0.304687,0.0466479,0.404157,0.622143,0.474982,0.489148,0.6383,0.428384,0.198105,0.4036,0.348824,0.194543,0.20651,0.306766,0.531014,0.0529681,0.267901,0.462914,0.35817,0.496946,0.20229,0.119704,0.698694,0.44633,0.223135,0.185499,0.0637413,0.385308,0.102617,0.188537,0.554203,0.356565,0.290252,0.127206,0.451238,0.600545,0.547493,0.558773,0.784922,0.388052,0.64006,0.580783,0.592374,0.096798,0.461345,0.429287,0.030355,0.727103,0.249624,0.213209,0.432474,0.379919,0.386689,0.202053,0.231962,0.480345,0.479414,0.169916,0.323027,0.049363,0.559457,0.344532,0.421164,0.0267808,0.0583988,0.301124,0.0198455,0,0.438295,0.207311,0.335436,0.130134,0.484054,0.241636,0.504549,0.430974,0.310075,0.208659,0.307827,0.423413,0.301388,0.499862,0.635277,0.521148,0.246821,0.452062,0.351008,0.790534,0.541299,0.325071,0.486172,0.423493,0.174677,0.191988,0.150898,0.111971,0.0422047,0.143419,0.39004,0.633977,0.18304,0.124043,0.217705,0.487178,0.447824,0.488592,0.22168,0.54286,0.262051,0.229476,0.589969,0.122507,0.16167,0.42783,0.203561,0.500666,0.290617,0.320975,0.47996,0.277082,0.456794,0,0.391413,0.357008,0.18663,0.11054,0.378183,0.523687,0.596295,0.360589,0.500666,0.290617,0.154191,0.434976,0.801305,0.302285,0.513888,0.482466,0.501216,0.256572,0.355262,0.63795,0.152142,0.684814,0.335489,0.0455012,0.184458,0.227159,0.218478,0.526468,0.373417,0.525202,0.0824637,0.447441,0.136614,0.478099,0.295363,0.115835,0.356497,0.148917,0.241602,0.0512957,0.0909754,0.0306695,0.679419,0.060352,0.128941,0.356313,0.170893,0.820718,0.522257,0.775384,0.220379,0.0923208,0.0714696,0.0907971,0.0843933,0.184458,0.227159,0.693312,0.345191,0.182231,0.155148,0.435509,0.145055,0.696848,0.715011,0.299971,0.212422,0.277879,0.430926,0.530618,0.126544,0.0815479,0.178701,0.132944,0.305364,0.306939,0.147872,0.782171,0.14208,0.0440377,0.0628532,0.296619,0.0713812,0.579849,0.200025,0.30312,0.0561587,0.0761132,0.308001,0.0437012,0.299184,0.429206,0.579755,0.208361,0.124043,0.217705,0.250967,0.544295,0.207749,0.458674,0.0431204,0.164056,0.179681,0.0496774,0.203424,0.151996,0.198432,0.0921057,0.281383,0.315332,0.0671086,0.361508,0.333933,0.603955,0.40302,0.12662,0.545328,0.341963,0.225119,0.22673,0.0856357,0.159802,0.52841,0.198742,0.770504,0.478773,0.0907316,0.0579365,0.153978,0.241094,0.0689584,0.121335,0.68822,0.0499613,0.0606276,0.0498878,0.0762188,0.351008,0.790534,0.0852049,0.0632255,0.0786553,0.0793168,0.0733062,0.50954,0.381895,0.414553,0,0.131677,0.0605191,0.182932,0.322651,0.329431,0.0448817,0.39284,0.130047,0.0555102,0.166046,0.305364,0.306939,0.201126,0.195872,0.396089,0.33728,0.108033,0.0824508,0.516663,0.235461,0.850223,0.423253,0.101911,0.30073,0.0819224,0.10466,0.257319,0.125626,0.115517,0.464265,0.0427726,0.311972,0.103869,0.24771,0.0246549,0.149527,0.234352,0.14629,0.273623,0.166921,0.152998,0.580848,0.0961125,0.0836894,0.21793,0.0876547,0.277376,0.273407,0.290694,0.27639,0.348685,0.497853,0.151853,0.0350247,0.0991506,0.12265,0.568141,0.112111,0.0810762,0.127768
0.515848,0.369306,0.573273,0.601994,0.554769,0.751814,0.443186,0.0592547,0.70882,0.294696,0.351946,0.137308,0.424819,0.375517,0.324329,0.192503,0.231351,0.770392,0.688951,0.44311,0.430813,0.490275,0.148201,0.472103,0.291563,0.286518,0.204443,0.395551,0.426461,0.421384,0.468455,0.403752,0.310408,0.455496,0.412889,0.368472,0.210708,0.390531,0.448265,0.47855,0.508161,0.592391,0.47053,0.743539,0.675732,0.232733,0.453156,0.559069,0.479714,0.557115,0.638891,0.500745,0.404217,0.722449,0.0957201,0.596852,0.409235,0.625166,0.53064,0.490109,0.36783,0.32477,0.414804,0.335128,0.252337,0.257179,0.392588,0.46043,0.404676,0.532532,0.798583,0.439107,0.15121,0.492249,0.522723,0.583206,0.539842,0.0620175,0.336467,0.538471,0.348271,0.251692,0.289614,0.314791,0.176872,0.405534,0.411393,0.0984429,0.321032,0.373352,0.619342,0.159237,0.13758,0.368002,0.471824,0.302795,0.706695,0.327489,0.455496,0.412889,0.612481,0.253778,0.244086,0.114115,0.167013,0.573569,0.476227,0.255154,0.430952,0.344445,0.504384,0.411223,0.569424,0.398678,0.177423,0.603496,0.349913,0.209838,0.290995,0.529593,0.396907,0.307609,0.327974,0.421338,0.190296,0.541539,0.171115,0.11341,0.684993,0.111718,0.376502,0.242701,0.134052,0.11687,0.490753,0.144193,0.526974,0.281901,0.294582,0.2358,0.330453,0.803154,0.566288,0.627217,0.347304,0.346926,0.490023,0.308003,0.466977,0.063206,0.428328,0.332306,0.0577258,0.622935,0.525684,0.245079,0.317839,0.49732,0.449126,0.169326,0.229978,0.468801,0.303131,0.21047,0.323109,0.103779,0.46502,0.304082,0.39034,0.50216,1,0.303577,0.0942711,0.372451,0.452312,0.286427,0.297799,0.143303,0.349158,0.193869,0.486077,0.210687,0.208393,0.226457,0.197917,0.314024,0.175327,0.554345,0.386957,0.461264,0.248779,0.42483,0.304457,0.713371,0.33176,0.199834,0.401913,0.41195,0.122755,0.974567,0.2699,0.0849642,0.111198,0.583188,0.378337,0.517962,0.244409,0.174714,0.212396,0.287268,0.391433,0.495086,0.174195,0.359019,0.188972,0.17969,0.334495,0.2966,0.190352,0.391969,0.33102,0.673798,0.221998,0.482857,0.457803,0.243827,0.342931,0.0194353,0.363533,0.243087,0.238102,0.205334,0.355294,0.379081,0.34944,0.290491,0.673798,0.221998,0.244182,0.335198,0.833043,0.454716,0.342018,0.430601,0.683011,0.4682,0.151511,0.792889,0.290622,0.264616,0.150581,0.0685452,0.210631,0.308309,0.353159,0.555409,0.138019,0.542261,0.263209,0.293395,0.131017,0.459746,0.197832,0.102994,0.197134,0.146162,0.26033,0.157957,0.184873,0.156154,0.774705,0.154384,0.237948,0.381546,0.25616,0.85512,0.494324,0.89305,0.236733,0.16176,0.326824,0.275041,0.158038,0.210631,0.308309,0.685661,0.338796,0.287833,0.140989,0.333144,0.0775754,0.573545,0.806135,0.296511,0.272624,0.34884,0.463938,0.573474,0.104676,0.228399,0.146813,0.232875,0.312431,0.318828,0.0564328,0.448385,0.135009,0.288859,0.139299,0.206402,0.0756078,0.302859,0.093188,0.178568,0.291656,0.180324,0.182536,0.0997262,0.227952,0.227587,0.331506,0.293519,0.174714,0.212396,0.136298,0.438214,0.097442,0.412751,0.0698513,0.39117,0.0948689,0.257537,0.129633,0.127867,0.220637,0.0543419,0.214038,0.407987,0.218432,0.598557,0.25078,0.641899,0.536155,0.148395,0.418904,0.297983,0.280322,0.10705,0.185589,0.186076,0.238708,0.236935,0.460214,0.284194,0.183984,0.13982,0.15211,0.222155,0.214803,0.130808,0.194506,0.0995845,0.0932197,0.191379,0.133617,0.304457,0.713371,0.115085,0.161155,0.0893307,0.107891,0.10166,0.456851,0.191566,0.257644,0.115299,0.140363,0.0975299,0.206728,0.135032,0.252391,0.033924,0.532454,0.175736,0.12587,0.0310097,0.312431,0.318828,0.196823,0.514564,0.388796,0.211093,0.188485,0.0957608,0.243827,0.120649,0.795986,0.538701,0.0649926,0.331322,0.512814,0.178159,0.117802,0.0987611,0.0874394,0.64513,0.266853,0.45291,0.0555235,0.215691,0.107505,0.173394,0.301238,0.17403,0.287936,0.142117,0.255725,0.487194,0.159543,0.165005,0.114654,0.248293,0.322352,0.195477,0.289676,0.157378,0.123414,0.781337,0.199013,0.0547552,0.282914,0.162329,0.414564,0.123979,0.147664,0.197106
0.544214,0.278139,0.516507,0.322441,0.599626,0.822265,0.578998,0.0575961,0.645873,0.452426,0.525573,0.254208,0.411361,0.372744,0.394625,0.32729,0.220225,0.438867,0.412224,0.193322,0.168791,0.505376,0.250034,0.605685,0.290685,0.330064,0.768531,0.451198,0.577036,0.63869,0.678636,0.363249,0.233384,0.353552,0.467766,0.277122,0.254611,0.496123,0.380985,0.429781,0.283577,0.547853,0.49157,0.599262,0.249967,0.308558,0.502431,0.414997,0.580727,0.714357,0.412595,0.515576,0.416564,0.671346,0.19937,0.658089,0.502492,0.733141,0.478152,0.688032,0.661872,0.332888,0.458251,0.28871,0.556125,0.241738,0.448555,0.402915,0.266622,0.47277,0.762896,0.388881,0.0271527,0.568009,0.535813,0.509095,0.631505,0.108669,0.36892,0.340166,0.32791,0.318348,0.192079,0.638892,0.270149,0.196213,0.460159,0.121934,0.51144,0.21174,0.755577,0.113393,0.278349,0.327724,0.526036,0.297663,0.769861,0.295099,0.353552,0.467766,0.560059,0.372559,0.209009,0.111917,0.244288,0.64215,0.435495,0.211598,0.535672,0.514468,0.344614,0.422148,0.63635,0.31512,0.118886,0.696472,0.605021,0.231227,0.0985932,0.485913,0.415729,0.126938,0.507448,0.364223,0.309794,0.633934,0.136365,0.0256831,0.790617,0.116913,0.325249,0.281352,0.164098,0.230711,0.0702163,0.247864,0.540356,0.378116,0.202266,0.222494,0.304665,0.608342,0.553391,0.725786,0.507479,0.36929,0.549871,0.75026,0.456163,0.147703,0.541593,0.396784,0.0725389,0.563747,0.291977,0.0513932,0.542467,0.430829,0.308873,0.162325,0.205534,0.665033,0.290528,0.0605202,0.218535,0.0543621,0.451796,0.323275,0.436862,0.239781,0.168167,0.273474,0.0097636,0.160185,0.541824,0.602444,0.330617,0.137173,0.375293,0.133625,0.558157,0.378484,0.184849,0.200876,0.293112,0.394385,0.179642,0.54683,0.431888,0.522484,0.176435,0.516116,0.493121,0.485535,0.307417,0.222534,0.37583,0.401541,0.193684,0.322585,0.076117,0.0976829,0.2455,0.220571,0.393791,0.645699,0.294839,0.171451,0.184303,0.375016,0.603009,0.502545,0.308659,0.808398,0.234277,0.208448,0.380364,0.130973,0.130522,0.404846,0.275162,0.516915,0.294248,0.12833,0.485879,0.196731,0.353683,0.0784031,0.459794,0.178806,0.118181,0.1172,0.43346,0.361229,0.489724,0.300469,0.516915,0.294248,0.202763,0.260338,0.818707,0.847419,0.46146,0.436799,0.622578,0.271913,0.279225,0.769288,0.255488,0.538635,0.284188,0.101173,0.141252,0.267248,0.195027,0.505942,0.368199,0.526587,0.256971,0.738633,0.147494,0.598278,0.236443,0.246684,0.294879,0.148002,0.227235,0.163979,0.126404,0.0942181,0.592369,0.110092,0.193346,0.416878,0.0875643,0.851422,0.3456,0.857042,0.207825,0.122217,0.0184145,0.149479,0.244016,0.141252,0.267248,0.708605,0.433318,0.237894,0.371091,0.67413,0.203277,0.63995,0.643015,0.201289,0.259824,0.125457,0.441908,0.456723,0.259354,0.138878,0.166017,0.143348,0.18912,0.365714,0.055464,0.561271,0.129224,0.104339,0.145766,0.215308,0.028869,0.798031,0.234677,0.249647,0.261023,0.0474431,0.19528,0.0637052,0.26452,0.296758,0.838921,0.090872,0.171451,0.184303,0.23604,0.700771,0.0657781,0.504287,0.0811956,0.33622,0.183678,0.148166,0.249849,0.210636,0.118562,0.0629186,0.225026,0.172317,0.0681285,0.483629,0.350217,0.619401,0.566936,0.111037,0.247351,0.31354,0.290794,0.212651,0.143995,0.197914,0.262564,0.132426,0.403273,0.331507,0.143028,0.0749689,0.139242,0.320378,0.0512687,0.28206,0.235671,0.196421,0.0737799,0.0916088,0.0685051,0.493121,0.485535,0.194173,0.160112,0.134265,0.0732738,0.031019,0.137018,0.382114,0.44448,0.0231673,0.153242,0.200972,0.126122,0.187795,0.120262,0.0348835,0.447323,0.151854,0.128105,0.190751,0.18912,0.365714,0.171063,0.133811,0.388438,0.215589,0.0742347,0.0401414,0.213578,0.0773711,0.812157,0.314362,0.142599,0.173549,0.853371,0.0845982,0.142247,0.212654,0.0916194,0.329514,0.0768695,0.313705,0.143839,0.228523,0.13388,0.107697,0.104643,0.14963,0.284409,0.111893,0.159389,0.308931,0.0826265,0.0821876,0.328652,0.161148,0.19262,0.314762,0.286736,0.250545,0.323737,0.58617,0.156682,0.156026,0.163788,0.209823,0.316115,0.120057,0.126235,0.0807773
0.670857,0.773962,0.572571,0.343462,0.768365,0.609808,0.241555,0.0854319,0.582385,0.223724,0.303551,0.234249,0.548403,0.199929,0.163184,0.225163,0.321363,0.527294,0.40694,0.10537,0.669867,0.263821,0.38304,0.572284,0.341305,0.473889,0.513785,0.557456,0.717855,0.754754,0.621439,0.695837,0.560306,0.635816,0.89928,0.483227,0.294887,0.366787,0.451754,0.37016,0.841932,0.604533,0.465739,0.692305,0.379701,0.219851,0.174378,0.535516,0.614674,0.69871,0.501308,0.629669,0.363946,0.921684,0.168733,0.781639,0.412125,0.716173,0.629774,0.605446,0.569606,0.520392,0.10281,0.0156908,0.377137,0.336152,0.342322,0.609246,0.406048,0.34566,0.419192,0.197274,0.0787343,0.546704,0.416025,0.578886,0.307981,0.0917348,0.0557527,0.419921,0.441174,0.221905,0.276284,0.369054,0.275162,0.338161,0.52313,0.10648,0.633599,0.373357,0.482809,0.128187,0.298185,0.324205,0.455482,0.196201,0.699608,0.386911,0.635816,0.89928,0.666857,0.196397,0.38458,0.427611,0.0759458,0.591189,0.460428,0.243645,0.363156,0.414037,0.66327,0.26195,0.712205,0.409074,0.382818,0.42631,0.297197,0.587987,0.148262,0.692636,0.609862,0.350668,0.226526,0.667469,0.267472,0.512749,0.0658147,0.0930805,0.431882,0.217341,0.173835,0.513011,0.258596,0.16723,0.176218,0.254427,0.187174,0.458561,0.555491,0.127129,0.501696,0.786653,0.623399,0.456481,0.232445,0.13789,0.528257,0.469412,0.531431,0.0375272,0.101199,0.570989,0.0878571,0.539875,0.259506,0.360362,0.598986,0.14774,0.441824,0.238959,0.480282,0.246758,0.349184,0.303478,0.473861,0.0717784,0.630986,0.132772,0.0704432,0.161214,0.14518,0.393579,0.543155,0.173665,0.400512,0.151031,0.0905024,0.141417,0.535163,0.278807,0.501231,0.481776,0.598064,0.29579,0.640503,0.418476,0.362422,0.642771,0.35096,0.450832,0.38814,0.480334,0.452797,0.654074,0.640349,0.374341,0.439568,0.10741,0.123767,0.377918,0.249087,0.124988,0.136642,0.226972,0.293042,0.582468,0.41853,0.196298,0,0.59872,0.650899,0.399244,0.43185,0.408431,0.286301,0.442368,0.480168,0.110041,0.302072,0.0784614,0.175426,0.699641,0.261253,0.421251,0.403566,0.212084,0.537242,0.237553,0.514992,0.380993,0.439336,0.343347,0.388797,0.763306,0.462485,0.0904943,0.699641,0.261253,0.187107,0.444212,0.861651,0.15336,0.318038,0.168726,0.721726,0.464647,0.328832,0.788938,0.383108,0.523828,0.423974,0.0405376,0.266683,0.313773,0.410826,0.578516,0.350492,0.536512,0.305995,0.496468,0.160509,0.405777,0.287229,0.173248,0.469126,0.105507,0.317662,0.333269,0.167737,0.0867711,0.650294,0.192184,0.130837,0.218133,0.425822,0.680728,0.385067,0.82727,0.256739,0.122985,0.202939,0.196003,0.139069,0.266683,0.313773,0.659917,0.620409,0.267423,0.33112,0.438328,0.383998,0.530766,0.752304,0.343161,0.377155,0.452127,0.470356,0.729791,0.177445,0.205348,0.104637,0.154448,0.0566401,0.126704,0.0577911,0.628939,0.146812,0.158381,0.0994612,0.266887,0.178207,0.691143,0.239972,0.359454,0.255174,0.110248,0.242012,0.0450995,0.0928982,0.404802,0.634194,0.36438,0.196298,0,0.329043,0.245047,0.098762,0.609732,0.0578402,0.27858,0.0385515,0,0.387845,0.175893,0.305326,0.086237,0.139851,0.456331,0.134295,0.418534,0.521988,0.79491,0.538005,0.29902,0.453892,0.489151,0.236172,0.0901068,0.174317,0.318767,0.437559,0.191055,0.420174,0.54582,0.149348,0.117891,0.18344,0.295614,0.191332,0.232423,0.0214502,0.0787887,0.0698392,0.123457,0.089643,0.452797,0.654074,0.144205,0.108564,0.0744169,0.117492,0.0762115,0.86301,0.352345,0.356068,0.0494379,0.12617,0.146771,0.201448,0.273041,0.534589,0.0505096,0.689103,0.154957,0.0484801,0.144477,0.0566401,0.126704,0.238838,0.29024,0.470575,0.193946,0.153463,0.148538,0.208624,0.444166,0.853126,0.472092,0.153294,0.410474,0.0466902,0.0853263,0.277894,0.157314,0.142933,0.533566,0.291,0.497118,0.252911,0.467739,0.0870105,1,0.24174,0.186031,0.0639387,0,0.303789,0.525859,0.144212,0.085283,0.215437,0.168622,0.527419,0.299068,0.311558,0.665963,0.212915,0.611676,0.262974,0.120983,0.314128,0.333528,0.584704,0.273291,0.142524,0.407819
0.466281,0.575378,0.376864,0.31992,0.294414,0.151322,0.651231,0.0773605,0.663162,0.557122,0.594256,0.458339,0.156922,0.861972,0.705769,0.649496,0.245146,0.498141,0.673106,0.45932,0.226074,0.472442,0.187531,0.479675,0.426025,0.280063,0.463122,0.375549,0.662143,0.62371,0.577967,0.179076,0.149253,0.203998,0.564881,0.283006,0.207382,0.430498,0.201085,0.20234,0.377199,0.462174,0.360744,0.606404,0.186796,0.644501,0.610859,0.576332,0.584102,0.64088,0.528651,0.448531,0.689978,0.640428,0.280389,0.601383,0.420201,0.899031,0.527837,0.664382,0.657539,0.542432,0.550071,0.453381,0.544981,0.496937,0.577602,0.386566,0.355053,0.444522,0.859233,0.589636,0.181631,0.398757,0.348146,0.416975,0.631607,0.154303,0.421889,0.165436,0.176982,0.409912,0.398273,0.197189,0.305486,0.315237,0.495757,0.167741,0.220549,0.283481,0.47836,0.215802,0.18864,0.416951,0.555106,0.658119,0.71221,0.203301,0.203998,0.564881,0.34805,0.426485,0.446821,0.0730986,0.328258,0.647139,0.449882,0.287277,0.620717,0.462123,0.419099,0.715307,0.599833,0.296034,0.126367,0.304412,0.389771,0.228279,0.302883,0.217677,0.440319,0.0734853,0.672787,0.318541,0.299408,0.823955,0.234223,0.0996802,0.310586,0.267171,0.358044,0.175553,0.0626237,0.246656,0.0459077,0.129443,0.553006,0.362815,0.48807,0.228215,0.330527,0.684782,0.493217,0.188871,0.539382,0.347391,0.328797,0.449943,0.558252,0.144022,0.547349,0.48962,0.0793014,0.6411,0.337515,0.160767,0.330965,0.442872,0.405526,0.15664,0.123062,0.44455,0.416895,0.158034,0.312591,0.107223,0.488582,0.356678,0.574977,0.0673302,0.139972,0.273037,0.0193625,0.297846,0.679513,0.239144,0.346155,0.0824089,0.417934,0.141277,0.535918,0.287554,0.183366,0.211784,0.390118,0.401639,0.157902,0.462527,0.405449,0.488693,0.33029,0.365998,0.364807,0.595687,0.240628,0.262025,0.423274,0.452431,0.113195,0.182108,0.145868,0.122537,0.219562,0.17216,0.532752,0.688282,0.328631,0.161599,0.284526,0.398694,0.416295,0.173833,0.22888,0.515214,0.15565,0.223782,0.408146,0.130521,0.119067,0.449485,0.279205,0.480302,0.195916,0.295019,0.426847,0.35282,0.432769,0.12177,0.382174,0.325243,0.179899,0.139183,0.27606,0.450955,0.744316,0.301995,0.480302,0.195916,0.175325,0.316655,0.802237,0.117478,0.441042,0.378541,0.459334,0.155264,0.281713,0.778425,0.277281,0.436555,0.273254,0.0862943,0.205526,0.251019,0.218232,0.526024,0.233119,0.532947,0.21422,0.37665,0.169127,0.354431,0.241317,0.236919,0.332299,0.146886,0.318828,0.113143,0.144552,0.224118,0.605799,0.180355,0.124005,0.509199,0.185428,0.796926,0.453896,0.820414,0.158069,0.116986,0.11802,0.145555,0.101575,0.205526,0.251019,0.81821,0.385654,0.323212,0.168813,0.379585,0.150103,0.724494,0.758443,0.228462,0.164498,0.223563,0.452014,0.576487,0.200048,0.162826,0.189676,0.516882,0.380807,0.304895,0.163958,0.551999,0.168211,0.241386,0.120755,0.367309,0.161337,0.573482,0.176379,0.188073,0.222464,0.198617,0.248104,0.111885,0.316185,0.313953,0.52588,0.146902,0.161599,0.284526,0.284747,0.501872,0.160114,0.269272,0.0605736,0.265977,0.34949,0.126036,0.163324,0.172911,0.316943,0.101198,0.272085,0.27359,0.144673,0.285054,0.314452,0.64962,0.410944,0.240152,0.370259,0.381207,0.316444,0.152953,0.0995957,0.143742,0.43239,0.234043,0.466553,0.377354,0.149471,0.12726,0.15116,0.251534,0.148591,0.341645,0.0909392,0.104453,0.076892,0.109116,0.118745,0.364807,0.595687,0.151568,0.103934,0.127081,0.172049,0.115891,0.497672,0.33139,0.347327,0.129652,0.199887,0.0680877,0.304114,0.189747,0.401232,0.0442653,0.386353,0.11064,0.155598,0.148656,0.380807,0.304895,0.349127,0.117079,0.506321,0.282309,0.113495,0.101753,0.334215,0.177665,0.857002,0.289853,0.185728,0.30156,0.137052,0.142654,0.160636,0.13785,0.0974351,0.307074,0.0430057,0.457798,0.0646215,0.262295,0.0989626,0.108685,0.279998,0.230065,0.357372,0.325272,0.194745,0.414792,0.159706,0.084279,0.183313,0.128926,0.289744,0.40752,0.387034,0.345353,0.323992,0.601579,0.173503,0.143149,0.198617,0.17931,0.506562,0.20022,0.113164,0.190332
0.646932,0.394131,0.615267,0.175361,0.57552,0.638113,0.229796,0.051679,0.826727,0.234212,0.26019,0.151747,0.487805,0.184974,0.243201,0.168896,0.31089,0.325762,0.273749,0.382306,0.522384,0.402463,0.237386,0.553844,0.210819,0.366197,0.531916,0.37755,0.551884,0.556332,0.72525,0.552727,0.444448,0.5809,0.630226,0.338378,0.384109,0.420749,0.4992,0.549698,0.692734,0.616106,0.652108,0.501453,0.306445,0.12799,0.185819,0.401394,0.524461,0.581148,0.275774,0.546592,0.464863,0.62002,0.164266,0.700989,0.520651,0.628024,0.429185,0.695719,0.619467,0.532568,0.491979,0.382967,0.54232,0.0713036,0.129774,0.530988,0.357454,0.385985,0.708149,0.368588,0.123335,0.725232,0.287297,0.722038,0.516861,0.0908838,0.435627,0.528484,0.34338,0.282351,0.184139,0.438907,0.401507,0.315015,0.475189,0,0.481447,0.322059,0.721141,0.133394,0.209748,0.49614,0.603266,0.251295,0.819577,0.288565,0.5809,0.630226,0.68717,0.674189,0.29182,0.197471,0.280951,0.774341,0.709054,0.200565,0.295071,0.589905,0.433178,0.487519,0.641677,0.287064,0.142395,0.537511,0.346819,0.178253,0.0475886,0.617472,0.488694,0.0748522,0.448999,0.80449,0.135048,0.467221,0.142445,0.0646214,0.638172,0.155024,0.33814,0.360354,0.0447667,0.134796,0.246858,0.191309,0.584886,0.230069,0.385752,0.231389,0.187198,0.506358,0.668622,0.454494,0.656213,0.503138,0.633859,0.44321,0.688665,0.0761018,0.527182,0.124712,0.279912,0.740448,0.466889,0.11797,0.469098,0.570511,0.312508,0.264028,0.676446,0.755006,0.27657,0.131235,0.36681,0.159618,0.478844,0.322113,0.381433,0.234771,0.0729083,0.278792,0.0419331,0.181432,0.438967,0.402049,0.382187,0.0719355,0.369291,0.313172,0.539523,0.319877,0.359224,0.209048,0.307971,0.296609,0.00217305,0.535554,0.502558,0.365824,0.201933,0.405187,0.414993,0.62655,0.302737,0.15975,0.286235,0.535681,0.0749928,0.286847,0.19659,0.13766,0.112461,0.083438,0.541009,0.653096,0.220253,0.191576,0.211749,0.40897,0.627003,0.494335,0.186999,0.570258,0.212907,0.265679,0.303422,0.17675,0.23247,0.419313,0.208084,0.63584,0.285492,0.292081,0.470864,0.254394,0.562255,0.0830965,0.396797,0.242289,0.320001,0.120863,0.457815,0.428963,0.351874,0.364377,0.63584,0.285492,0.174773,0.26402,0.810894,0.239642,0.598666,0.415724,0.618484,0.620883,0.222192,0.802529,0.213189,0.360613,0.189091,0.106062,0.411753,0.249617,0.320903,0.591032,0.268589,0.524426,0.161063,0.558995,0.213063,0.387001,0.192069,0.180723,0.450283,0.224253,0.246596,0.152482,0.154204,0.0724003,0.681148,0.141627,0.20349,0.499272,0.260294,0.86364,0.335907,0.880503,0.177557,0.128467,0.119235,0.143262,0.192254,0.411753,0.249617,0.663486,0.317733,0.319667,0.454811,0.552791,0.0152347,0.670547,0.774355,0.258734,0.238553,0.309514,0.416424,0.392819,0.18109,0.176293,0.209053,0.209146,0.452221,0.362633,0.0692229,0.404291,0.198905,0.217775,0.0830282,0.329501,0.180043,0.581412,0.203879,0.161303,0.245716,0.138232,0.172736,0.115169,0.284381,0.297642,0.558045,0.240554,0.191576,0.211749,0.214958,0.57474,0.0649446,0.481023,0.0584628,0.373348,0.0967569,0.113842,0.153692,0.147349,0.257172,0.12435,0.229688,0.336636,0.207693,0.581349,0.327531,0.610756,0.48869,0.358252,0.238724,0.293237,0.233154,0.319417,0.173532,0.173044,0.237144,0.321765,0.38412,0.568711,0.117951,0.14209,0.247474,0.200559,0.0921633,0.25166,0.181331,0.115442,0.0354155,0.0673265,0.0890365,0.414993,0.62655,0.129345,0.123122,0.0848465,0.186944,0.0711488,0.00974319,0.546709,0.179533,0.0431574,0.206727,0.165006,0.183655,0.179472,0.0897739,0.0419789,0.593351,0.146995,0.147091,0.337871,0.452221,0.362633,0.181121,0.441463,0.43087,0.203594,0.118416,0.126882,0.149186,0.290631,0.784816,0.623613,0.24786,0.243222,0.239404,0.18042,0.166802,0.293269,0.111957,0.660439,0.086963,0.316117,0.149547,0.218139,0.0510397,0.101723,0.152849,0.0721201,0.375851,0.226521,0.142431,0.308646,0.143716,0.0839454,0.218857,0.167853,0.355473,0.16298,0.299539,0.243398,0.272978,0.788601,0.0972268,0.0723132,0.0556069,0.031782,0.15865,0.144212,0.0874973,0.221967
0.191802,0.698504,0.317143,0.0769725,0.457144,0.70656,0.424383,0.0674627,0.825371,0.393131,0.383878,0.465844,0.591403,0.611019,0.408551,0.328495,0.263794,0.223957,0.685962,0.826796,1,0.719001,0.180612,0.820082,0.209935,0.52475,0.233605,0.445109,0.177968,0.969105,0.628643,0.197407,0.14356,0.719908,0.740394,0.17753,0.227746,0.853624,0.278704,0.260313,0.398241,0.419072,0.362906,0.601149,0.213694,0.302615,0.422322,0.503362,0.268809,0.392835,0.360198,0.813949,0.973856,0.905067,0.340037,0.843152,0.31047,0.773662,0.923669,0.52992,0.683994,0.586757,0.352912,0.272006,0.343803,0.420916,0.421629,0.38778,0.395,0.217597,0.597565,0.45511,0.269179,0.525108,0.157458,0.590802,0.382035,0.109714,0.127624,0.0482141,0.617611,0.109744,0.265411,0.15744,0.297561,0.246292,1,0.0943773,0.315254,0.504435,0.608088,0.209237,0.0707516,0.263719,0.691808,1,0.66025,0.209263,0.719908,0.740394,0.501737,0.737673,0.531435,0.0941199,0.420575,0.541387,0.565688,0.300864,0.609834,0.827356,0.994673,0.392459,1,0.280725,0.108068,0.273311,0.33546,0.174628,0.0868895,0.538295,0.886679,0.0617285,0.554534,0.234402,0.274515,0.676449,0.0989618,0.127705,0.179549,0.105618,0.263807,0.611899,0.0630999,0.216174,0.143467,0.162853,0.144566,0.189738,0.609717,0.570906,0.13123,0.638749,0.214851,0.204654,0.898981,0.217405,0.864185,0.438015,0.744994,0.174931,0.151019,0.554643,0.0618625,0.803337,0.177567,0.126264,0.278539,0.858748,0.347437,0.314128,0.118693,0.849736,0.552264,0.214143,0.258055,0.0570893,0.334726,0.206075,0.234033,0.0684359,0.133506,0.332756,0.0176194,0.696789,0.612079,0.175482,0.263434,0.218673,0.316526,0.100958,0.519274,0.214947,0.315496,0.201784,0.171238,0.2326,0.121606,0.807447,0.464753,0.223606,0.221962,0.465031,0.359331,0.45816,0.462872,0.239737,0.355393,0.124989,0.207267,0.0730598,0.168164,0.198503,0.188784,0.182319,0.776032,0.661918,0.133753,0.290887,0.178283,0.165076,0.243445,0.358318,0.158814,0.274334,0.26008,0.577398,0.374263,0.439913,0.137866,0.187336,0.349675,0.711637,0.100801,0.278469,0.252709,0.332572,0.656328,0.160167,0.279981,0.111289,0.822111,0.167884,0.57855,0.740734,0.547325,0.109596,0.711637,0.100801,0.438721,0.321334,0.684677,0.268362,0.882108,0.951555,0.132153,0.368593,0.150542,0.803463,0.189785,0.473135,0.156362,0.125163,0.580207,0.236465,0.172904,0.241014,0.269853,0.181766,0.145108,0.178634,0.365503,0.539569,0.233672,0.184837,0.277251,0.240779,0.341636,0.284173,0.0971768,0.376449,0.700792,0.440509,0.620364,0.262514,0.751608,0.788203,0.682826,0.890965,0.278423,0.150098,0.202008,0.266865,0.189619,0.580207,0.236465,0.682633,0.28589,0.959866,0.221802,0.281348,0.181062,0.947868,0.768903,0.374671,0.149987,0.827975,0.243232,0.643779,0.229489,0.150901,0.340736,0.138369,0.661455,0.681499,0.217777,0.712561,0.225274,0.284023,0.185616,0.291048,0.334484,0.36866,0.254169,0.161618,0.364521,0.272917,0.245201,0.193672,0.23162,0.274876,0.384913,0.713376,0.290887,0.178283,0.118228,0.369715,0.092359,0.433657,0.111658,0.36769,0.26701,0.57647,0.233226,0,0.189274,0.149671,0.165357,0.765389,0.188189,0.146363,0.161163,1,0.588248,1,0.432956,0.423865,0.280388,0.184355,0.248938,0.205457,0.30096,0.154707,0.60083,0.368051,0.296975,0.160519,0.359023,0.43653,0.0892025,0.48262,0.124794,0.228596,0.0821929,0.0894974,0.254985,0.359331,0.45816,0.156742,0.147987,0.21815,0.220881,0.119398,0.274227,0.549058,0.377985,0.164153,0.356209,0.40639,0.422044,0.317588,0.259993,0.164943,0.490774,0.204421,0.199345,0.164161,0.661455,0.681499,0.734655,0.12471,0.49582,0.124832,0.348803,0.147371,0.285087,0.122043,0.756692,0.0703821,0.218164,0.0995778,0.151252,0.295192,0.203645,0.3746,0.152798,0.109124,0.0516148,0.629,0.210122,0.0968309,0.162715,0.281174,0.337789,0.109048,0.374263,0.142066,0.168414,0.565414,0.156229,0.0903516,0.288543,0.207691,1,0.345339,0.770099,0.239138,0.248187,0.0864289,0.106542,0.139217,0.358244,0.160861,0.308584,0.135461,0.153733,0.281407
0.701462,0.454423,0.32868,0.339741,0.439491,0.626764,0.481181,0.0311376,0.87009,0.373104,0.448695,0.201275,0.376144,0.620548,0.333586,0.305824,0.252401,0.621748,0.628491,0.372501,0.484372,0.488207,0.0380681,0.382191,0.20891,0.31516,0.551774,0.553216,0.732319,0.718369,0.614099,0.463573,0.331324,0.375896,0.527583,0.40824,0.318834,0.65459,0.353934,0.37601,0.587273,0.428786,0.388292,0.746746,0.27755,0.0971333,0.489154,0.640593,0.631602,0.740575,0.509806,0.6455,0.62645,0.72721,0.305611,0.725439,0.362082,0.80972,0.632911,0.763325,0.810289,0.555102,0.290724,0.185521,0.473498,0.397485,0.500953,0.499081,0.369478,0.473823,0.462748,0.478404,0.20633,0.567384,0.436562,0.474089,0.474105,0.0536384,0.148099,0.449205,0.320921,0.200926,0.178633,0.192652,0.509112,0.442934,0.499986,0.0628522,0.425756,0.595992,0.343179,0.118108,0.175323,0.348465,0.440155,0.325885,0.711933,0.243598,0.375896,0.527583,0.470293,0.418149,0.559258,0.339868,0.330028,0.634038,0.69735,0.414743,0.546992,0.472909,0.406511,0.368977,0.622149,0.326924,0.166964,0.356128,0.420704,0.285823,0.184059,0.248476,0.542538,0.206607,0.141751,0.365211,0.148022,0.72469,0.143439,0.0627732,0.429814,0.17604,0.324938,0.29467,0.138096,0.0878376,0.152253,0.23511,0.429758,0.2547,0.502868,0.166821,0.347662,0.64462,0.526959,0.526582,0.60413,0.257406,0.750578,0.564425,0.380142,0.117418,0.387264,0.138105,0.150348,0.448927,0.565223,0.09634,0.434149,0.488668,0.350433,0.182942,0.294231,0.44269,0.251267,0.134554,0.400955,0.113129,0.44804,0.283497,0.53583,0.0918736,0.171286,0.254718,0.0325019,0.183589,0.6159,0.387246,0.152447,0.156442,0.392399,0.0995505,0.682706,0.289296,0.152457,0.226445,0.211567,0.385929,0,0.830256,0.424604,0.375666,0.30216,0.422941,0.439781,0.483331,0.262236,0.209534,0.355749,0.325438,0.137368,0.344117,0.117718,0.180099,0.127764,0.242913,0.546509,0.643546,0.223739,0.215524,0.156988,0.390448,0.461099,0.659318,0.281089,0.537796,0.192722,0.226127,0.32552,0.15553,0.19502,0.349971,0.23873,0.414117,0.269772,0.213474,0.427148,0.270718,0.429717,0.160863,0.492243,0.237897,0.254511,0.236608,0.260127,0.630016,0.284729,0.237135,0.414117,0.269772,0.262997,0.272996,0.924283,0.260741,0.444125,0.395926,0.695565,0.298755,0.25153,0.956283,0.198728,0.525638,0.180162,0.0719569,0.159802,0.23915,0.171042,0.521775,0.191971,0.526385,0.121353,0.477694,0.17023,0.50921,0.209096,0.146864,0.348729,0.15185,0.301409,0.095291,0.13437,0.15607,0.545108,0.248103,0.0764035,0.385547,0.161876,0.756421,0.873408,0.779298,0.258254,0.0703489,0.122978,0.181918,0.127738,0.159802,0.23915,0.704956,0.458284,0.299493,0.438536,0.638019,0.0533882,0.763273,0.653606,0.339554,0.177773,0.288164,0.423613,0.63384,0.202072,0.114606,0.240059,0.148143,0.31724,0.305372,0.0459069,0.595694,0.15357,0.223404,0.103141,0.485769,0.152126,0.678994,0.187299,0.232466,0.220786,0.156712,0.113315,0.0646016,0.186894,0.361471,0.740632,0.271159,0.215524,0.156988,0.18197,0.488963,0.0733889,0.392011,0.0839151,0.509369,0.0663539,0.324963,0.429722,0.156847,0.0592521,0.0283189,0.138547,0.41184,0.22331,0.589242,0.302216,0.67794,0.530954,0.117153,0.375175,0.415255,0.406122,0.200497,0.119328,0.174361,0.235682,0.258279,0.329108,0.442576,0.131103,0.232968,0.101276,0.174698,0.196751,0.359104,0.10606,0.128385,0.0850019,0.105797,0.113572,0.439781,0.483331,0.137492,0.120903,0.138937,0.141817,0.0834412,0.12069,0.251819,0.224452,0.0665703,0.136979,0.192484,0.168704,0.091014,0.134881,0.0480851,0.542905,0.165039,0.161832,0.0598841,0.31724,0.305372,0.177469,0.108627,0.470791,0.249905,0.126325,0.103096,0.130183,0.124972,0.87715,0.348605,0.0927438,0.114287,0.435776,0.207747,0.112255,0.364992,0.0650781,0.383718,0.0861169,0.113673,0.181732,0.167028,0.162961,0.128535,0.16793,0.077066,0.243292,0.196013,0.231236,0.405991,0.117216,0.0930788,0.409545,0.206958,0.437644,0.154448,0.400184,0.474634,0.160486,0.67588,0.128282,0.103871,0.107615,0.135133,0.236681,0.189536,0.161994,0.345201
0.692913,0.510098,0.501179,0.145135,0.491358,0.531693,0.397315,0.205778,0.758209,0.187848,0.266571,0.259548,0.413809,0.531506,0.213159,0.287133,0.29484,0.607502,0.821714,0.632184,0.655185,0.304647,0.0514193,0.492728,0.38216,0.406938,0.696131,0.479835,0.60477,0.620018,0.419343,0.335086,0.204591,0.391961,0.648723,0.353434,0.220953,0.644087,0.338362,0.298404,0.589009,0.509844,0.420016,0.617345,0.396561,0.233044,0.658248,0.673105,0.439551,0.633316,0.79047,0.420656,0.253734,0.706698,0.228555,0.57529,0.39276,0.71387,0.548784,0.816037,0.625891,0.517893,0.0921833,0.0820772,0.473916,0.452614,0.581037,0.723783,0.425371,0.48848,0.651792,0.39608,0.0687784,0.594842,0.294446,0.545709,0.318393,0.208275,0.0391593,0.56824,0.331273,0.241823,0.232821,0.25845,0.365055,0.296272,0.526542,0.24762,0.771316,0.18867,0.56636,0.129588,0.0763223,0.356875,0.476931,0.481092,0.626792,0.332144,0.391961,0.648723,0.431274,0.390802,0.22543,0.0631612,0.0280317,0.604968,0.549147,0.184004,0.528565,0.424301,0.472873,0.287254,0.715563,0.289703,0.264182,0.412926,0.290854,0.305215,0.361693,0.361537,0.654056,0.234036,0.163401,0.410453,0.121744,0.572212,0.0442252,0.132628,0.378507,0.28893,0.352507,0.6448,0.053507,0.299558,0.15135,0.218994,0.23214,0.378571,0.408236,0.261688,0.329552,0.789374,0.699285,0.391857,0.273576,0.0954207,0.568909,0.621564,0.461658,0.129047,0.177996,0.517156,0.0503108,0.504778,0.492271,0.101473,0.708755,0.44274,0.398359,0.274604,0.206343,0.576483,0.501459,0.167613,0.313408,0.106665,0.506421,0.151089,0.132031,0.0962801,0.18846,0.304422,0.138417,0.181149,0.448416,0.232816,0.14492,0.234817,0.369466,0.106791,0.750966,0.332412,0.101695,0.193249,0.240921,0.181008,0.157201,0.381236,0.412138,0.492372,0.274604,0.501428,0.4906,0.564816,0.514421,0.185727,0.261265,0.088843,0.20316,0.373633,0.178906,0.125933,0.200357,0.207226,0.137857,0.584657,0.414106,0.127099,0.0194256,0.345611,0.779772,0.240677,0.236777,0.6205,0.124779,0.275111,0.471352,0.270755,0.21651,0.0705693,0.266254,0.550543,0.462879,0.221813,0.25136,0.287275,0.437732,0.216658,0.62453,0.226469,0.425906,0.187353,0.335196,0.419195,0.647384,0.0736985,0.550543,0.462879,0.255858,0.276769,0.722984,0.155754,0.580712,0.688168,0.70974,0.279068,0.196252,0.831366,0.154563,0.538368,0.142173,0.133371,0.293398,0.210538,0.193274,0.568474,0.48529,0.542389,0.243497,0.63298,0.135868,0.706512,0.236416,0.101212,0.362296,0.214933,0.173242,0.165619,0.222498,0.124345,0.492091,0.344477,0.20793,0.230444,0.456759,0.6259,0.297087,0.801514,0.0858006,0.131434,0.0548352,0.215397,0.21953,0.293398,0.210538,0.563219,0.658567,0.310828,0.774536,0.603086,0.138641,0.737691,0.671656,0.40029,0.268223,0.358322,0.53328,0.692774,0.405445,0.147169,0.282177,0.181294,0.308471,0.25471,0.0733598,0.695659,0.168817,0.339722,0.133849,0.23892,0.36314,0.809536,0.328101,0.305478,0.361041,0.204887,0.274949,0.0800784,0.0847989,0.208002,0.861804,0.43336,0.127099,0.0194256,0.117132,0.320058,0.106909,0.591811,0.0608349,0.710337,0.00543853,0.115076,0.277048,0.255743,0.23506,0.110756,0.184527,0.513875,0.0697531,0.691075,0.245108,0.660765,0.686124,0.269693,0.363013,0.489128,0.310755,0.187095,0.34494,0.163273,0.104161,0.306196,0.554184,0.392039,0.225538,0.306629,0.115808,0.126874,0.254623,0.391841,0.248231,0.241805,0.239082,0.244666,0.117675,0.4906,0.564816,0.179184,0.266098,0.15415,0.196861,0.25621,0.468465,0.396022,0.232827,0.0318239,0.191793,0.221607,0.310676,0.297014,0.132348,0.0202421,0.496973,0.104116,0.215425,0.272106,0.308471,0.25471,0.407667,0.322873,0.683216,0.111504,0.287259,0.139052,0.338508,0.0626889,0.823952,0.475969,0.104914,0.0896861,0.186252,0.102126,0.0864251,0.328672,0.0564022,0.579302,0.210246,0.119897,0.478801,0.0985251,0.319889,0.121723,0.200616,0.157541,0.061212,0.0940215,0.137328,0.442191,0.259324,0.278439,0.677255,0.38628,0.618961,0.442532,0.431722,0.291986,0.0614367,0.807248,0.162805,0.255228,0.214283,0.150348,0.189787,0.11314,0.292179,0.360708
0.601922,0.860227,0.334173,0.0572257,0.308942,0.554116,0.654775,0.150294,0.554881,0.81698,0.834376,0.3755,0,0.63775,0.409296,0.582876,0.277711,0.454582,0.435269,0.484414,0.771812,0.545775,0.0659309,0.0619185,0.32751,0.371433,0.676143,0.207857,0.213194,0.900174,0.632678,0.212123,0.141286,0.773951,0.707407,0.21932,0.171051,0.60765,0.444359,0.445464,0.321506,0.500425,0.433736,0.270702,0.164562,0.555689,0.636443,0.395848,0.297288,0.347593,0.506217,0.534381,0.548855,0.469521,0.380902,0.538296,0.301381,0.979619,0.553041,0.887265,0.841732,0.894105,0.49792,0.492697,0.63964,0.29623,0.470639,0.263381,0.478651,0.35805,0.499306,0.32199,0.0695508,0.528497,0.101711,1,0.519506,0.217336,0.29897,0.0388585,0.247766,0.161418,0.360799,0.317306,0.459635,0.220232,0.772525,0.587105,0.444183,0.561883,0.743351,0.138313,0.188267,0.415605,0.686242,0.484962,0.798976,0.274058,0.773951,0.707407,0.520586,0.607368,0.389804,0.107706,0.550403,0.834943,0.403701,0.310909,1,0.877435,0.361839,0.473146,0.782199,0.200403,0.0911769,0.33412,0.261259,0.13926,0.200416,0.380566,0.539141,0.0871322,0.425523,0.0451655,0.333188,1,0.174196,0.135883,0.340957,0.139472,0.604622,0.32161,0.0437933,0.335905,0.0769859,0.0611723,0.324986,0.301609,0.916978,0.227008,0.213952,0.733727,0.505724,0.224197,0.632661,0.256628,0.247451,0.444515,1,0.0723058,0.26231,0.592457,0.072729,1,0.510314,0.00343473,0.433337,0.54486,0.222439,0.285733,0,0.580659,0.600499,0,0.187185,0.131472,0.378078,0.413736,0.40097,0.0516823,0.114519,0.144039,0.0348389,0.327821,0.416786,0.295529,0.294642,0.207,0.363221,0.0504302,0.38578,0.193834,0.483868,0.141413,0.174205,0.321539,0.108275,0.805162,0.568477,0.440112,0.0802753,0.492139,0.322234,0.215208,0.377702,0.118897,0.270959,0.295784,0.196091,0.329495,0.0169558,0.161159,0.215704,0.223304,0.536597,0.339228,0.0746269,0.202576,0.221276,0.570306,0.501895,0.39933,0.177053,0.806696,0.246897,0.112452,0.241591,0.204264,0.224479,0.325233,0.335216,0.11573,0.203775,0.076286,0.127057,0.278087,0.447572,0.151213,0.450366,0.41599,0.289429,0.190763,0.450557,0.442985,0.604807,0.216802,0.11573,0.203775,0.243687,0.0713409,0.862575,0.296476,0.902975,0.500382,0.510775,0.212388,0.116858,0.725171,0.145188,0.477691,0.134221,0.0949385,0.364516,0.196163,0.111171,0.485648,0.208774,0.550132,0.263432,0.699852,0.18888,0.424539,0.141752,0.10298,0.277909,0.227292,0.304552,0.161756,0.0946637,0.201574,0.556516,0.196697,0.0832429,0.237483,0.50832,0.894768,0.287179,0.900034,0.292726,0.162106,0.158986,0.199382,0.14381,0.364516,0.196163,0.640928,0.54913,0.569673,0.515614,0.592822,0.157315,0.84753,0.670714,0.575297,0.187729,0.356683,0.402307,0.201413,0.224246,0.233024,0.180223,0.203534,0.694643,0.379413,0.131076,0.516533,0.160939,0.25951,0.172181,0.565261,0.154918,0.918439,0.233339,0.132356,0.289627,0.153315,0.201415,0.134625,0.24591,0.234897,0.814237,0.459747,0.202576,0.221276,0.121949,0.448165,0.0906254,0.378885,0.150272,0.242771,0.214867,0.122276,0.349135,0.194036,0.322079,0.0681512,0.203464,0.679092,0.274314,0.35034,0.437812,0.872687,0.542159,0.263665,0.248483,0.311189,0.231517,0.210304,0.187969,0.203211,0.236615,0.265934,0.515519,0,0.24155,0.141903,0.164414,0.119956,0.199464,0.452332,0.0836415,0.135522,0.0697479,0.139971,0.107842,0.322234,0.215208,0.164292,0.198186,0.143686,0.142093,0.0887119,0.20425,0.177142,0.200795,0.0668588,0.138185,0.30637,0.267473,0.0643242,0.456718,0.186629,0.587877,0.159429,0.114013,0.116372,0.694643,0.379413,0.563859,0.133234,0.603746,0.165769,0.235362,0.0719259,0.209309,0.12806,0.940113,0.426013,0.164139,0.347005,0.112653,0.117203,0.129494,0.228695,0.144581,0.441575,0.0959361,0.365517,0.212717,0.153928,0.21685,0.111188,0.216484,0.0842803,0.298813,0.133056,0.306754,0.346103,0.147509,0.163459,0.248267,0.156465,0.601598,0.290908,0.678739,0.347015,0.0722883,0.413396,0.237211,0.131641,0.204795,0.164261,0.555641,0.106006,0.192062,0.225992
0.733243,0.997837,0.649503,0.220446,0.82582,0.633556,0.38284,0.0866699,0.888038,1,0.976493,0.392549,0.39102,0.321996,0.470844,0.72361,0.449159,0.2433,0.215979,0.124159,0.683872,0.540118,0.132404,0.0557511,0.577343,0.759533,0.163226,0.737549,0.670994,0.991069,0.808894,0.272318,0.189089,1,0.678921,0.362991,0.265228,0.143012,0.652114,0.750247,0.372398,0.825044,0.797372,0.328743,0,0.264203,0.832777,0.241922,0.113873,0.179416,0.384835,0.508577,0.401771,0.544157,0.263902,0.649583,0.124488,0.908483,1,0.646608,0.715136,0.676571,0.374607,0.25337,0.581183,0.240034,0.665482,0.210298,0.74142,0.560821,0.161778,0.248772,0.125223,0.705326,0,0.885535,0.328981,0.396563,0.252692,0.120826,0.391928,0.150675,0.298407,0.215682,0.394787,0.182828,0.854671,0.658409,0,0.471931,0.961886,0.277536,0.144335,0.53865,0.659609,0.243241,0.875114,0.456917,1,0.678921,0.773593,0.654619,0.25663,0.106334,0.305902,0.978409,0.419579,0.358895,0.679474,0.923079,0.321,0.380696,0.875004,0,0.0939697,0.303024,0.102915,0.0714637,0.275894,0.611109,0.560845,0.0783788,0.279465,0.153681,0.341386,0.919821,0.0990081,0.0423976,0.539153,0.278601,0.321248,0.164826,0.0299644,0.445425,0.0729957,0.182292,0.519892,0.491105,0.533896,0.322046,0.401258,0.365525,0.652195,0.391259,0.748043,0.307996,0.821751,0.260476,0.747229,0.308237,0.0324331,0.663533,0.128073,0.900303,0.434332,0.106352,0,0.499652,0.131687,0.19002,0.113153,0.763398,0.704914,0.0761639,0.223017,0.100684,0.472721,0.244685,0.275916,0.0652009,0.0376441,0.14908,0.0476603,0.150559,0.345808,0.0556981,0.222663,0.133661,0.135342,0.16248,0.300738,0.151637,0.448732,0.079064,0.265304,0.315989,0.28967,0.757005,0.627931,0.630088,0.0848188,0.304264,0.673877,0.570598,0.55389,0.198459,0.217211,0.241908,0.188226,0.265013,0.128608,0.0606602,0.195604,0.195442,0.385504,0.677593,0.236442,0.338435,0.205499,0.0845657,0.0214916,0.465804,0.0817288,0,0.191797,0.191342,0.124349,0.280778,0.073482,0.204193,0.347229,0.111331,0.187306,0.40256,0.104097,0.235336,0.517859,0.32591,0.695937,1,0.309836,0.176954,0.725908,0.609945,0.361915,0.269286,0.111331,0.187306,0.245797,0.212265,0.910503,0.310568,1,0.287995,0.648413,0.238102,0.0593272,0.778369,0.371952,0.420086,0.184972,0.112431,0.405653,0.225746,0.231186,0.357462,0.171086,0.798889,0.236405,0.292703,0.27172,0.497444,0.156013,0.1012,0.0819808,0.372679,0.30741,0.215994,0.244026,0.093141,0.629834,0.059697,0.345052,0,0.540571,0.919963,0.586433,0.888042,0.201932,0.286236,0.0814576,0.253732,0.306123,0.405653,0.225746,0.719941,0.519713,0.504837,0.107122,0.354566,0.0869759,0.923815,0.870919,0.363752,0.188934,0.480131,0.586589,0.470808,0.260674,0.358268,0.317675,0.170197,0.88755,0.382827,0.205476,0.671178,0.206964,0.237839,0.13364,0.539126,0.00866052,0.422642,0.0910244,0.114242,0.235621,0.138499,0.256535,0.303258,0.317432,0.206322,0.615397,0.257817,0.338435,0.205499,0.08428,0.434761,0.142885,0.126857,0.115167,0.17287,0.0952511,0.117613,0.226381,0.268878,0.338384,0.0978715,0.185441,0.650981,0.326754,0.604826,0.148451,0.917245,0.290175,0.26915,0.402099,0.360185,0.435788,0.243496,0.382846,0.268351,0.179843,0.435061,0.482649,0.308131,0.122077,0.166615,0.233848,0.165691,0.0103062,0.393751,0.199664,0.249376,0.0833411,0.155259,0.135058,0.673877,0.570598,0.241694,0.0978066,0.141354,0.158033,0.121062,0.172425,0.179699,0.611667,0.0703595,0.27741,0.165114,0.25585,0.327455,0.340305,0.0455737,0.734688,0.209688,0.102318,0.0855375,0.88755,0.382827,0.47707,0.210991,0.43331,0.00547985,0.234767,0.199566,0.348544,0.25407,0.920489,0.406225,0.0108123,0.295828,0.187089,0.2585,0.13497,0.160057,0.140397,0.316662,0.003661,0.125664,0.185071,0.138863,0.126622,0.231777,0.259985,0.153565,0.286451,0.204131,0.281575,0.680776,0.159516,0.0755889,0.148048,0.0802205,0.420254,0.424473,0.378999,0.304659,0.183779,0.738626,0.182373,0.14673,0.207297,0.272196,0.52355,0.347408,0.132759,0.221641
0.581371,0.396504,0.598045,0.376435,0.615811,0.638889,0.4733,0.0946303,0.608379,0.320658,0.327317,0.204274,0.416217,0.412336,0.711814,0.180382,0.17754,0.259726,0.41452,0.388309,0.242334,0.471585,0.185279,0.474258,0.287469,0.396294,0.356891,0.429355,0.534329,0.566058,0.586145,0.318891,0.213855,0.534879,0.298576,0.486335,0.432565,0.230008,0.42414,0.472279,0.748011,0.578338,0.564258,0.843564,0.253101,0.26155,0.4117,0.386538,0.617368,0.742711,0.337796,0.58433,0.970042,1,0.117061,0.657272,0.751865,0.702126,0.664447,0.590957,0.443246,0.240394,0.758419,0.540211,0.394481,0.215206,0.620661,0.286455,0.270249,0.387627,0.55874,0.342477,0.11951,0.707159,0.316145,0.479407,0.898441,0.0974269,0.744198,0.233085,0.346613,1,0.478769,0.1758,0.180733,0.222516,0.253883,0.129957,0.421762,0.401006,0.544643,0.186692,0.205954,0.262317,0.329094,0.318551,0.666519,0.402801,0.534879,0.298576,0.548419,0.210697,0.480411,0.110697,0.159813,0.613074,0.403525,0.158856,0.241291,0.476357,0.63413,0.820689,0.421157,0.380858,0.133334,0.408083,0.328429,0.164817,0.0731446,0.384853,0.582419,0.099347,0.184914,0.379356,0.355667,0.581526,0.287435,0.069815,0.602252,0.163791,0.27316,0.264292,0.0884329,0.181021,0.142375,0.116542,0.766836,0.415084,0.280201,0.258743,0.303647,0.605502,0.569697,0.682067,0.316417,0.631967,0.637933,0.284729,0.200359,0.0977077,0.761593,0.468012,0.0782704,0.497061,0.12073,0.144866,0.450203,0.380658,0.411541,0.222736,0.196258,0.440895,0.317746,0.162054,0.277495,0.0576146,0.477746,0.729437,0.701003,0.306417,0.149672,0.350231,0.0349439,0.172764,0.670413,0.258096,0.502587,0.0797228,0.363059,0.157919,0.355258,0.255407,0.192173,0.17755,0.217902,0.291927,0.100636,0.554497,0.401437,0.52736,0.210984,0.745956,0.433176,0.642452,0.308904,0.196117,0.331574,0.655467,0.0626318,0.120152,0.207749,0.170163,0.162904,0.15671,0.714308,0.587671,0.255172,0.166741,0.303445,0.342108,0.515055,0.639106,0.192646,0.620115,0.209566,0.252782,0.355669,0.202194,0.245424,0.663935,0.30672,0.638295,0.229989,0.309766,0.799448,0.270572,0.395372,0.0603302,0.319118,0.258544,0.194206,0.242337,0.214778,0.448261,0.579182,0.486662,0.638295,0.229989,0.208225,0.303433,0.945456,0.168835,0.459433,0.460889,0.668516,0.366416,0.245456,0.821567,0.262358,0.378895,0.237354,0.102052,0.131782,0.256425,0.350212,0.536383,0.131579,0.543586,0.203934,0.314615,0.178913,0.432814,0.199238,0.100342,0.284333,0.183775,0.313419,0.150168,0.185397,0.0826726,0.661866,0.199518,0.223923,0.887131,0.285119,0.876393,0.338033,0.911853,0.191644,0.152601,0.190601,0.152372,0.160217,0.131782,0.256425,0.737565,0.166352,0.229778,0.164279,0.265251,0.118207,0.709439,0.672262,0.269897,0.269473,0.283592,0.472414,0.580955,0.205709,0.187807,0.161257,0.130415,0.188739,0.451743,0.0626867,0.48397,0.1361,0.140877,0.160454,0.295947,0.132843,0.409417,0.126185,0.154452,0.270163,0.147513,0.178435,0.104435,0.425753,0.337622,0.418689,0.216728,0.166741,0.303445,0.239929,0.787614,0.0827219,0.515897,0.0747503,0.253571,0.302097,0.163136,0.119202,0.14993,0.259592,0.109716,0.278366,0.349229,0.100963,0.281958,0.278298,0.567988,0.622628,0.364437,0.38782,0.28376,0.342863,0.142586,0.16175,0.149487,0.309921,0.190478,0.361694,0.377734,0.127924,0.144388,0.199913,0.284263,0.18211,0.29658,0.113552,0.105149,0.0800532,0.130581,0.0900826,0.433176,0.642452,0.18232,0.133062,0.134419,0.155521,0.0886532,0.305189,0.28354,0.173927,0.046969,0.0612876,0.139975,0.133206,0.15473,0.202214,0.0524137,0.421736,0.179463,0.335595,0.12002,0.188739,0.451743,0.126297,0.154773,0.333719,0.461363,0.153988,0.144256,0.198442,0.221566,0.829398,0.387842,0.241004,0.438928,0.109101,0.133289,0.164633,0.286217,0.123526,0.477179,0.135859,0.2663,0.146785,0.263431,0.101768,0.107546,0.218126,0.134421,0.43197,0.407838,0.224832,0.41563,0.109829,0.0886663,0.21467,0.203134,0.387837,0.25578,0.196267,0.292186,0.224785,0.312047,0.206171,0.136068,0.0944538,0.0686986,0.423211,0.209273,0.102434,0.161078
0.613853,0.803372,0.712855,0.133565,0.752609,0.177262,0.472211,0.110676,0.783375,0.64289,0.694704,0.260885,0.483763,0.443959,0.511717,0.601248,0.132343,0.0272907,0.299216,0.502591,0.120363,0.45486,0.0965582,0.41947,0.383429,0.850874,0.569813,0.476186,0.67587,0.959382,0.76783,0.353727,0.25903,0.405236,0.609108,0.725378,0.413541,0.354162,0.640327,0.5454,0.0308961,0.687473,0.502585,0.524771,0.167871,0.160116,0.627594,0.537463,0.141694,0.370631,0.0177218,0.420118,0.954615,0.944954,0.266387,0.558282,0.804896,0.811827,0.838071,0.613408,0.562427,0.349882,0.712833,0.511462,0.518857,0.539479,0.452283,0.580051,0.434108,0.530089,0.309179,0.163743,0.0522244,0.627583,0.208894,0.624965,0.949347,0.0326503,0.625566,0.0941491,0.419795,0.678097,0.744882,0.257434,0.340023,0.221342,0.519401,0.13588,0.441518,0.459884,0.449112,0.259533,0.0871868,0.433116,0.53898,0.269495,0.603301,0.702301,0.405236,0.609108,0.607757,0.178246,0.84707,0.0751951,0.0990212,0.600334,0.555153,0.218427,0.351059,0.506787,0.820258,1,0.762991,0.259362,0.178817,0.338814,0.119344,0.108316,0.0861944,0.583671,0.873255,0.0670859,0.15352,0.396152,0.531346,0.616473,0.332471,0.0726305,0.299912,0.180463,0.317399,0.378403,0.0212578,0.291241,0.00398313,0.149811,1,1,0.590156,0.310202,0.274273,0.541172,0.515855,0.476446,0.565464,0.60465,0.778401,0.494822,0.592776,0.130326,0.763384,0.591218,0.0698792,0.498769,0,0.0760703,0.463949,0.284547,0.233505,0.234006,0.132826,0.404043,0.457332,0.0826552,0.278291,0.0585713,0.446438,1,0.781645,0.0518964,0.207557,0.264406,0.00641761,0.178399,0.577788,0.00588528,0.775472,0.171981,0.320714,0.110957,0.717077,0.269422,0.226261,0.11125,0.188665,0.228195,0.0827995,0.58564,0.371032,0.705772,0.130844,0.353381,0.540303,0.553295,0.588834,0.135081,0.180626,0.635286,0.451503,0.291323,0.0877473,0.115628,0.240636,0.215825,0.664099,0.471876,0.15247,0.21322,0.297896,0.279624,0.463111,0.342274,0.239473,1,0.0648303,0.150973,0.336468,0.265574,0.170516,0.678832,0.446265,0.443314,0.255109,0.127157,0.791234,0.283459,0.571639,0.0545884,0.396731,0.224472,0.306461,0.213358,0.292301,0.478058,0.450742,0.490123,0.443314,0.255109,0.359613,0.231643,0.900708,0.0659741,0.613513,0.776221,0.697057,0.240066,0.151365,0.8077,0.0565717,0.381953,0.116425,0.105205,0.341126,0.170382,0.213531,0.583629,0.279069,0.531948,0.166579,0.486396,0.191675,0.389449,0.170481,0.0948013,0.314199,0.186356,0.283081,0.217356,0.176122,0.123793,0.513925,0.165415,0.170109,1,0.471484,0.687355,0.435499,0.85291,0.156402,0.152697,0.107357,0.176296,0.146272,0.341126,0.170382,0.79095,0.634394,0.156993,0.49445,0.582814,0.0984718,0.795758,0.921908,0.365844,0.14986,0.480467,0.459288,0.60776,0.271449,0.150375,0.209108,0.159443,0.373371,0.419227,0.104145,0.581985,0.224182,0.330706,0.150496,0.441881,0.165237,0.573159,0.182228,0.186906,0.215091,0.272871,0.375515,0.0925348,0.471105,0.307644,0.624479,0.371791,0.21322,0.297896,0.221563,0.778141,0.128857,0.467994,0.0918519,0.245439,0.164842,0.0645277,0.286365,0.156246,0.290909,0.10169,0.423269,0.620842,0.196724,0.104281,0.24227,0.547607,0.702748,0.128827,0.333043,0.411413,0.646405,0.214297,0.164327,0.325182,0.180932,0.293646,0.608393,0.330996,0.131557,0.186408,0.183615,0.290323,0.167426,0.290003,0.258558,0.165863,0.0834664,0.126045,0.123468,0.540303,0.553295,0.15577,0.139765,0.139599,0.13715,0.131591,0.273793,0.302443,0.342036,0.081636,0.231786,0.104886,0.217932,0.176162,0.0690764,0.0509009,0.621293,0.174288,0.304664,0.141668,0.373371,0.419227,0.256543,0.0515884,0.543052,0.392314,0.187397,0.143211,0.305766,0.158517,0.870557,0.0121956,0.15509,0.348501,0.670173,0.220015,0.153909,0.297301,0.086705,0.0676041,0.0690724,0.305482,0.215716,0.168274,0.0895419,0.140635,0.296451,0.0851014,0.366126,0.214018,0.259212,0.374277,0.19858,0.140484,0.11408,0.174801,0.633228,0.292767,0.313679,0.0792107,1,0.177139,0.134673,0.139577,0.133979,0.13023,0.132024,0.212544,0.154095,0.232976
0.126964,0.545945,0.196951,0.81702,0.169118,0.587268,0.26167,0.0729507,0.781096,0.164659,0.160987,0.29169,0.291942,0.298532,0.358992,0.304545,0.313047,0.345359,0.375265,0.306087,0.588719,0.432917,0.335871,0.394762,0.738127,0.346948,0.196274,0.451386,0.38012,0.601438,0.587923,0.254863,0.175948,0.330641,0.583453,0.126603,0.19743,0.657992,0.0849868,0.126592,0.0659351,0.349318,0.274741,0.245649,0.456693,0.268912,0.125452,0.433535,0.140374,0.2886,0.439514,0.74911,0.154431,0.739519,0.0235462,1,0.506974,0.739689,0.388299,0.716969,1,0.994749,0.398503,0.271709,0.432001,0.360425,0,0.727616,0.30979,0.310165,0.710325,0.670931,0.570774,0.457682,0.887044,0.36384,0.486818,0.04928,0.3324,0.513012,0.487934,0.596335,0.167794,0.191805,0.251395,0.352415,0.490948,0.149169,0.560168,0.19225,0.0318086,0.133589,0.163478,0.304598,0.415512,0.245788,0.762613,0.0790277,0.330641,0.583453,0.352504,0.467853,0.326865,0.0886823,0.195552,0.475857,0.594534,0.344872,0.516556,0.683036,0.490382,0.482251,0.635605,0.746727,0.177051,0.307685,0.685397,0.526921,0.188568,0.127201,1,0.859359,0.16923,0.548358,0.202056,0.624398,0.202645,0.0958939,0.239346,0.128337,0.11106,0.793002,0.433156,0.241071,0.120277,0.911689,0.417521,0.0536513,0.411154,0.0779872,0,0,0.288319,0.271333,0.357603,0.29536,0.394748,0.755739,0.57808,0.0411394,0.580048,0.570183,0.0568609,0.564211,0.164556,0.798338,0.391771,0.163262,0.623305,0.183937,0.490749,0.25308,0.62306,1,0.892549,0.0822251,0.79251,0.265264,0.436629,0.0633328,0.352618,0.814739,0.0303503,0.227388,0.453929,0.543791,0.30772,0.315752,0.785004,0.632598,0,0.747318,0.239741,0.901241,0.326902,0.916078,0.420677,0.536538,0.790106,0.0851663,0.499783,0.586776,0.321788,0.725423,0.910857,0.706201,0.808907,0.439334,0.0229358,0.218087,1,0,0.120809,0.414102,0.176006,0.314728,0.153077,0.107955,0.232137,0.769677,0.259355,0.338229,0.580761,0.0575072,0.0530054,1,0.56843,0.146954,0.133972,0.357962,0.301045,0.458043,0.328512,0.876652,1,0.134596,0.715161,0.109055,0.440371,0.0343149,0.144299,0.307141,0.528965,0.59968,0,0.257047,0.458043,0.328512,0,0.866359,0.717936,0.29734,0.396626,0.661539,0.620262,0.835794,0.519255,0.787637,0.300995,0.46555,0.59565,0.136013,0.130426,0.538017,0.489629,0.268535,0.71486,0,0.493575,0.866631,0.130944,0.376676,0.473866,0.251776,0.841935,0.305477,0.195471,0.237975,0.184496,0.109643,0.37029,0.692795,0.0990465,0.597771,0.369489,0.778988,0.311833,0.800527,0.35585,0.0874468,0.148361,0.175377,0.161981,0.130426,0.538017,0.560485,0.211702,0.312521,0.135599,0.354945,0.410677,0.616758,0.543035,0.146504,0.221778,0.574828,0.0777571,0.450362,0.157958,0.105926,0.074576,0.169362,0.358214,0.408706,0.105627,0.216459,0.0745513,0.0878407,0.0757574,0.266787,0.132683,0.249887,0.39075,0.288284,0.421806,0.0987214,0.322708,0.0731936,0.175521,1,0.409122,0.43795,0.107955,0.232137,0.228834,0.645838,0.126989,0.430453,0.103424,0.440184,0.221293,0.113684,0.158289,0.12241,0.150156,0.117818,0.316059,0.328559,0.168165,0.319444,1,0.49455,0.70077,0.215307,0.576736,0.311552,0.378382,0.131662,0.498827,0.0572322,0.605766,0.0874397,0.867345,0.99827,0.102665,0.152919,0.149395,0.586051,0.0473056,0.380532,0.182795,0.177713,0.0784954,0.0311553,0.0707455,0.321788,0.725423,0.101799,0.118716,0.187949,0.158039,0.0887067,0.458418,0.85733,0.637362,0.0426117,0.176107,0.117428,0.265305,1,0.277653,0.0838259,0.316606,0.265537,0.131472,0.249395,0.358214,0.408706,0.287482,0.195565,0,0.298491,0.206491,0.0848338,0.55009,0.71645,0.694349,0.320874,0.410651,0.260498,0.322034,0.233357,0.407298,0.221066,0.108647,0.445506,0.0502803,0.190306,0.129075,0.521937,0.0813063,0.0943341,0.213009,0.164542,0.246161,0.295618,0.220635,1,0.206701,0.132241,0.269236,0.112254,0.311196,0.555887,0.415239,0.199338,0.305479,0.309666,0.188107,0.129559,0.137814,0.134051,0.312981,0.107063,0.0762244,0.145371
0.655684,0.541048,0.554551,0.392361,0.677734,0.207199,0.247407,0.0507733,0.676535,0.412181,0.43413,0.184779,0.332442,0.145833,0.181045,0.199323,0.237085,0.422154,0.534285,0.246026,0.239663,0.344435,0.28135,0.422708,0.276121,0.703664,0.480675,0.604027,0.653148,0.906154,0.677962,0.214858,0.172398,0.469329,0.575157,0.526228,0.479136,0.318447,0.422487,0.507107,0.496789,0.623746,0.603648,0.498489,0.316191,0.0838171,0.220922,0.518696,0.262966,0.372229,0.267971,0.690256,0.735418,0.707827,0.271705,0.793878,0.312968,0.769984,0.822501,0.836354,0.834434,0.581436,0.195789,0.160191,0.59205,0.164783,0.0624709,0.825309,0.251188,0.443145,0.438619,0.421518,0.0568069,0.732695,0.493497,0.442056,0.317493,0.203941,0.0687766,0.489502,0.403914,0.434026,0.163073,0.1819,0.520329,0.415335,0.440924,0.0348723,0.371496,0.464353,0.273092,0.0842262,0.0718282,0.436504,0.646509,0.210774,0.795822,0.447099,0.469329,0.575157,0.705038,0.343767,0.584575,0.085185,0.237104,0.644734,0.601589,0.209767,0.451793,0.590171,0.319144,0.223972,0.508015,0.428679,0.176127,0.460376,0.456266,0.362639,0.0779397,0.420946,0.64384,0.313376,0.0789506,1,0.147822,0.692408,0.100449,0.0561314,0.563867,0.125752,0.325026,0.424393,0.208879,0.126664,0.223945,0.275439,0.215332,0.246837,0.314776,0.172535,0.450791,0.435118,0.577168,0.398687,0.780852,0.191629,0.864399,0.503082,0.397065,0.104207,0.194554,0.315459,0.0292426,0.515257,0.730509,0.263048,0.443868,0.382978,0.455737,0.200199,0.626414,0.703823,0.282858,0.265751,0.704103,0.0647279,0.571913,0.177068,0.331607,0.0887425,0.111886,0.393373,0.010498,0.119629,0.50476,0.392,0.0820094,0.163874,0.529809,0.139527,0.58545,0.407382,0.258293,0.36203,0.439213,0.707248,0.129039,0.804893,0.442689,0.372564,0.399473,0.479132,0.340573,0.670822,0.223561,0.350202,0.535557,0.221521,0.174434,0.298279,0.243006,0.135372,0.0900928,0.21091,0.593903,0.752188,0.476204,0.224325,0.129649,0.595697,0.517092,0.465306,0.353514,0.339874,0.208537,0.418862,0.435074,0.106238,0.206131,0.188372,0.278936,0.539788,0.213784,0.301541,0.383918,0.278939,0.493357,0.0814964,0.545424,0.297687,0.254867,0.282055,0.259121,0.671365,0.23762,0.156034,0.539788,0.213784,0.156083,0.479444,0.893667,0.114285,0.526342,0.424141,0.52697,0.419897,0.348969,0.834501,0.360266,0.53086,0.37231,0.0315458,0.215102,0.324378,0.327317,0.60603,0.271333,0.539072,0.172052,0.43963,0.102929,0.437236,0.334784,0.210469,0.445911,0.107139,0.365111,0.131917,0.0982208,0.0988557,0.603275,0.176442,0.0699177,0.276811,0.281076,0.772999,1,0.797758,0.241052,0.0947574,0.106693,0.154816,0.074366,0.215102,0.324378,0.758428,0.414678,0.302426,0.261376,0.469739,0.299899,0.721517,0.771264,0.289438,0.235132,0.362223,0.432614,0.389527,0.08028,0.100721,0.123126,0.501812,0.488272,0.273495,0.0337362,0.586249,0.123919,0.29748,0.082837,0.511298,0.106213,0.478642,0.193106,0.302914,0.0786369,0.0987719,0.160206,0.117944,0.15334,0.425363,0.622846,0.314529,0.224325,0.129649,0.377794,0.419674,0.0618234,0.574485,0.0669578,0.325793,0.146922,0.174366,0.338084,0.166076,0.150452,0.0486269,0.0974539,0.559936,0.0895512,0.788602,0.467466,0.773319,0.666668,0.300931,0.473673,0.431727,0.340535,0.149348,0.0571518,0.252696,0.653851,0.185347,0.343747,0.882572,0.0780575,0.144786,0.190487,0.312024,0.176932,0.285964,0.0945624,0.0930693,0.0700986,0.0668275,0.117304,0.340573,0.670822,0.101994,0.107724,0.10145,0.158413,0.0279447,0.379423,0.348975,0.44494,0.0346552,0.15251,0.1122,0.184583,0.164143,0.235773,0.0443643,0.518503,0.180478,0.0740286,0.0795034,0.488272,0.273495,0.160398,0.181894,0.373541,0.237375,0.148085,0.0836761,0.127637,0.423638,0.879531,0.592641,0.082219,0.411766,0.218565,0.15397,0.26453,0.103884,0.145359,0.615265,0.0424207,0.271484,0.184434,0.384688,0.0778308,0.11007,0.221415,0.150214,0.207538,0.136565,0.260316,0.57849,0.120922,0.0406752,0.223382,0.097929,0.470487,0.381473,0.340167,0.599319,0.247413,0.837148,0.237251,0.0573947,0.209919,0.184565,0.407459,0.141162,0.0902781,0.128317
0.386049,1,0.630941,0.201166,1,0.652004,0.251291,0.116906,0.721891,0.446082,0.628466,0.119443,1,0.324721,0.62891,0.380139,0.803356,0.557385,0.42331,0.441123,0.560061,0.521904,0.247723,0.159878,0.328981,0.482936,0,0.774586,0.994189,0.826252,0.831037,0.617561,0.366388,0.909814,0.388489,0.37355,0.289979,0.251677,0.468086,0.424201,0.175201,0.681259,0.65164,0.41858,0.742563,0.475431,0.550612,0.413912,0.0956173,0.183839,0.470129,0.316207,0.999319,0.815535,0.23534,0.481218,0.356218,0.5577,0.944967,0.512794,0.552343,0.564629,0.397564,0.343091,1,0.135642,0.667047,0.260914,1,0.506692,0.161296,0.24609,0.193882,0.688407,0.181511,0.637545,0.384989,0.0205049,0.297404,0.590349,0.527633,0.233311,0.14437,0.224887,0.304165,0.19305,0.451551,0.673363,0.149619,0.476751,0.725787,0.238868,0.225595,0.657861,0.516606,0.291388,0.833814,0.234998,0.909814,0.388489,0.831525,0.343846,0.531112,0.166516,0.339429,0.635108,0.338889,0.277963,0.342789,0.656248,0.368281,0.372561,0.636005,0.103254,0.165171,0.752682,0,0.101335,0.434596,0.986885,0.635893,0.180553,0.393594,0.33842,0.333593,0.53829,0.181777,0.34828,0.942006,0.144304,0.578893,0.20395,0.0670626,0.869628,0.520805,0.0450077,0.309039,0.197338,0.430805,0.265853,0.240901,0.195942,0.496579,0.775555,0.409186,0.274418,0.565054,0.134691,0.0942112,0.0950477,0.242256,0.653284,0.12964,0.713962,0.476931,0.0955981,0.149875,0.302945,0.0736639,0.513225,0.0751522,0.45786,0.719364,0.101272,0.137109,0.038288,0.383854,0.363045,0.380794,0.619022,0.0880918,0,0.13429,0.181269,0.728322,0,0.284584,0.316714,0.163941,0.0139424,0.749816,0.103803,0.340513,0.0628044,0.20808,0.0265698,0.181057,1,1,0.348721,0.00406149,0,1,0.34757,1,0.082373,0.333128,0.25146,0.253928,0.0210453,0.109928,0.166268,0.478698,0.115507,1,1,0.277183,0.114101,0.221622,0.232143,0,0.498462,0.0758873,0.0727618,0.166158,0.236248,0.170871,0.165806,0.130599,0.28745,0.633574,0.593992,0.299337,0.143896,0.0807898,0.219371,0.663933,0.264502,0.527719,0.555141,0.514636,0.222537,0.403926,0.900169,0.380736,0.25713,0.593992,0.299337,0.357237,0.152554,0.823835,0.204382,0.439179,0.319312,0.600184,0.274777,0,0.760978,0.167599,0.00706916,0.131942,0.135939,0.301019,0.233551,0.204616,0.482414,0,0.555566,0.246103,0.107142,0.431765,0.536577,0,0.0550399,0.147382,0.69774,0.259992,0.372402,0.46326,0.0985454,0.725448,0.227555,0.193558,0.0646516,0.384696,0.826119,0.735229,0.795904,0.191391,0.253,0.108086,0.106397,0.392196,0.301019,0.233551,0.734386,0.281455,0.646608,0.263747,0.245328,0.0582903,0.586912,0.708906,0.828922,0.123895,0.343337,0.529051,0.821878,0.183308,0.303091,0.563419,0.148746,0.34439,0.825181,0.0671917,0,0.20978,0.187266,0.254324,0.661392,0.297285,0.113204,0.219713,0.285494,0.442647,0.555988,0.0115033,0.308853,0.195062,0.159817,0.212389,0.15103,0.114101,0.221622,0.520834,0,0.0653538,0.315836,0.163645,0.196495,0.360464,0.150748,0.00135606,0.104439,0.74486,0.194077,0,0.379151,0.495288,0.56101,0.0741342,0.720204,0.31001,0.595395,0.346167,0.139239,0.355463,0.237073,0.265352,0.154242,0.118849,0.590807,0.479716,0.447603,0.259331,0.116427,0.237061,0.170758,0.28257,0.73558,0.184271,0.129407,0.20087,0.130503,0.198022,1,0.34757,0.233649,0.224506,0.217998,0.229652,0.102586,0.342616,0.320428,0.117091,0.0888631,0.445959,0.41185,0.572782,0.24749,0.335679,0.0648356,0.968486,0.21848,0.179828,0.128622,0.34439,0.825181,0.316074,0.576949,0.40577,0.253953,0.175317,0.240018,0.489873,0.134571,0.891977,0.826941,0.283313,0.465908,0.258319,0.302964,0.118956,0.342706,0.0885597,0.685139,0.0967692,0.464814,0.245336,0.301903,0.19638,0.216341,0.763228,0.165453,0.445383,0.71277,0.330038,0.395498,0.599577,0.184095,0.793468,0.443332,0.454487,0.457652,0.219477,0.214418,0.0578364,0.829382,0.277028,0.10935,0.671411,0.245032,0.399676,0.239157,0.414618,0.563606
0.321689,0.646625,0.629589,0.408847,0.655883,0.673843,0.606454,0.100406,0.616884,0.456877,0.503208,0.405612,0.529895,0.613816,0.783301,0.660244,0.463123,0.232962,0.350711,0.493443,0.58615,0.377621,0.36536,0.500369,0.307518,0.479069,0.3888,0.417259,0.534959,0.558715,0.535357,0.420932,0.307457,0.457397,0.486247,0.457042,0.225375,0.548875,0.405977,0.391367,0.285873,0.692043,0.580186,0.514102,0.320122,0.489013,0.601083,0.349243,0.326129,0.406554,0.164188,0.369886,0.635391,0.824555,0.151853,0.549274,0.316468,0.643104,0.615024,0.410726,0.217404,0.430648,0.326467,0.217082,0.222327,0.518366,0.585299,0.414543,0.513246,0.310107,0.510069,0.43755,0.277234,0.628329,0.544644,0.504542,0.538336,0.11616,0.288675,0.497218,0.43769,0.187968,0.399263,0.130605,0.199503,0.187357,0.355671,0.446656,0.398503,0.0151891,0.643619,0.211416,0.198733,0.181256,0.550589,0.778692,0.56212,0.355904,0.457397,0.486247,0.587624,0.252993,0.484936,0.114563,0.142471,0.583315,0.261444,0.223598,0.415247,0.287412,0.76077,0.453225,0.559375,0.378812,0,0.469163,0.364139,0.225389,0.273016,0.442447,0.3501,0.168664,0.414546,0.394811,0.46077,0.553704,0.107581,0.199074,0.663112,0.246376,0.403672,0.334924,0.0728527,0.276252,0.128468,0.176464,0.336182,0.554752,0.488619,0.583407,0.261785,0.63287,0.649167,0.642163,0.479123,0.192082,0.830978,0.29576,0.584033,0.235599,0.321997,0.612605,0.435099,0.57612,0.204663,0.123746,0.38172,0.426756,0.420498,0.18206,0.178118,0.689558,0.392028,0.163227,0.275388,0.415286,0.439492,0.126945,0.223299,0.142312,0.384087,0.336613,0.0426306,0.155986,0.600969,0.348957,0.262907,0.132784,0.297731,0.137859,0.676483,0.236124,0.245239,0.191756,0.268989,0.341407,0.197972,0.408606,0.503773,0.61282,0.211643,0.64106,0.498627,0.823886,0.413128,0.184883,0.42364,0.284448,0.247352,0.220652,0.147451,0.183982,0.416194,0.284711,0.442909,0.618491,0.601112,0.377122,0.215388,0.264128,0.517087,0.438222,0.184313,0.357919,0.405379,0.215603,0.332675,0.0938688,0.269134,0.225009,0.403544,0.481717,0.256924,0.441477,0.359574,0.398433,0.514096,0.219972,0.400654,0.261556,0.303509,0.349212,0.475348,0.277232,0.450012,0.187429,0.481717,0.256924,0.309052,0.389545,0.718073,0.147851,0.781809,0.771269,0.354837,0.634199,0.15514,0.776313,0.21172,0.34774,0.425406,0.13384,0.184703,0.457095,0.355893,0.595729,0.279641,0.528818,0.276409,0.418922,0.234991,0.300187,0.251676,0.150046,0.611468,0.40833,0.340429,0.150029,0.242447,0.0561694,0.544321,0.302248,0.629683,0.336239,0.314051,0.801763,0.292868,0.883116,0.382243,0.182813,0.176493,0.387073,0.143599,0.184703,0.457095,0.787893,0.439891,0.474738,0.182223,0.300114,0.137483,0.973695,0.858899,0.307347,0.135348,0.259052,0.464005,0.503634,0.364215,0.148787,0.329085,0.257366,0.360708,0.4403,0.145308,0.508927,0.319367,0.279475,0.233623,0.56004,0.299944,0.395054,0.177625,0.235835,0.474479,0.327649,0.193852,0.0908961,0.150927,0.281452,0.358531,0.234898,0.377122,0.215388,0.529997,0.310456,0.11169,0.47499,0.104023,0.312666,0.0932222,0.121873,0.181365,0.152157,0.484863,0.149589,0.196151,0.345698,0.294906,0.319497,0.22198,0.505202,0.520268,0.476941,0.49125,0.310732,0.416994,0.228795,0.214545,0.45757,0.323049,0.288164,0.489,0.329642,0.167055,0.132842,0.222622,0.509972,0.0793649,0.612804,0.51908,0.235309,0.0798102,0.156514,0.104868,0.498627,0.823886,0.343206,0.225741,0.274909,0.23909,0.114183,0.17038,0.287154,0.390284,0.0605638,0.356175,0.270675,0.563643,0.121368,0.0179786,0.288561,0.479633,0.254571,0.112631,0.111832,0.360708,0.4403,0.305733,0.246809,0.646482,0.206352,0.272206,0.136953,0.266707,0.279423,0.7747,0.391739,0.284119,0.267054,0.121982,0.270338,0.151095,0.483342,0.3185,0.519851,0.204622,0.760632,0.124293,0.323401,0.180322,0.102563,0.152771,0.149071,0.3222,0.257993,0.333847,0.577717,0.12625,0.15382,0.259226,0.143267,0.325113,0.641907,0.494089,0.444508,0.202289,0.6311,0.182541,0.214226,0.203978,0.124769,0.154389,0.209874,0.185898,0.287101
0.801706,0.547301,0.330717,0.494223,0.576704,0.598814,0.269169,0.175936,0.648498,0.133197,0.178114,0.126496,0.250535,0.269565,0.443146,0.247904,0.204868,0.530022,0.589339,0.481403,0.443492,0.417144,0.292945,0.409962,0.251562,0.0613354,0.750947,0.432935,0.560401,0.640787,0.556645,0.275551,0.186547,0.383446,0.476161,0.30555,0.209624,0.343796,0.218598,0.293735,0.203498,0.422975,0.371962,0.725439,0.336892,0.0338982,0.444061,0.565409,0.418286,0.560462,0.695801,0.559805,0.75246,0.819548,0.316401,0.613469,0.582809,0.812371,0.448642,0.662249,0.595795,0.174645,0.314461,0.231506,0,0.150833,0.232219,0.574886,0.239385,0.44028,0.470911,0.352185,0.0854851,0.544038,0.614052,0.539521,0.518472,0.0750029,0.343525,0.315504,0.362365,0.842107,0.206308,0.198219,0.185126,0.329536,0.30852,0.289015,0.565173,0.222735,0.370778,0.0889504,0.075959,0.387798,0.372048,0.347188,0.583504,0.371402,0.383446,0.476161,0.486972,0.144404,0.206107,0.0743965,0.181781,0.590898,0.379242,0.0747001,0.487417,0.451509,0.571455,0.432826,0.578531,0.459338,0.170468,0.342091,0.569102,0.406297,0.139532,0.424291,0.510082,0.328755,0.221327,0.412302,0.162148,0.679644,0.133101,0.114963,0.404487,0.127579,0.0811076,0.385578,0.332119,0.131216,0.155359,0.271017,0.339207,0.275221,0.204839,0.206726,0.364622,0.750521,0.575544,0.454321,0.456858,0.29992,0.71366,0.604927,0.32988,0.100815,0.504739,0.384667,0.106626,0.60136,0.358789,0.241718,0.603723,0.457629,0.53816,0.130806,0.297349,0.619182,0.339636,0.234427,0.363445,0.134624,0.596279,0.30483,0.370737,0.0955611,0.116146,0.455243,0.0524709,0.129834,0.539775,0.548867,0.315108,0.209194,0.447711,0.278356,0.565012,0.378982,0.179567,0.301364,0.433863,0.614522,0.206122,0.388272,0.488693,0.407683,0.332083,0.584214,0.319956,0.64282,0.39441,0.344421,0.464643,0.451421,0.13613,0.398184,0.178876,0.100322,0.115157,0.208698,0.498601,0.529343,0.270255,0.0855682,0.146005,0.464552,0.72381,0.502614,0.355601,0.638362,0.199974,0.352284,0.47736,0.155432,0.140477,0.362212,0.228673,0.499747,0.269028,0.440968,0.53145,0.237495,0.412976,0.0514162,0.438446,0.270373,0.177717,0.149747,0.296153,0.520504,0.358894,0.302281,0.499747,0.269028,0.206012,0.439406,0.896067,0.327771,0.52485,0.647964,0.5681,0.440482,0.251064,0.744596,0.412395,0.586226,0.284718,0.0432321,0.205366,0.366338,0.310544,0.531352,0.35189,0.518808,0.236066,0.555677,0.141666,0.505968,0.289805,0.122867,0.410917,0.404068,0.215732,0.121331,0.0403071,0.114756,0.779121,0.271664,0.103156,0.487561,0.169056,0.776351,0.178988,0.792644,0.23125,0.121753,0.0817777,0.11796,0.0584392,0.205366,0.366338,0.769253,0.435539,0.510798,0.345043,0.691857,0.200671,0.786246,0.765068,0.0233973,0.220537,0.166725,0.463189,0.327631,0.20805,0.116703,0.0978189,0.157723,0.264749,0.325657,0.0352605,0.60813,0.14068,0.0969501,0.143202,0.224939,0.16923,0.812225,0.303561,0.397386,0.19379,0.116578,0.189923,0.0282955,0.216656,0.33054,0.858612,0.156086,0.0855682,0.146005,0.323951,0.696916,0.110515,0.477322,0.0632152,0.311367,0.0547708,0.0985069,0.214774,0.151208,0.132182,0.0574223,0.180534,0.328328,0.0557027,0.260995,0.365939,0.680743,0.716136,0.106831,0.401959,0.365036,0.375679,0.0708339,0.0978872,0.206387,0.364954,0.244905,0.515298,0.444127,0.153466,0.112719,0.156538,0.156433,0.153789,0.176796,0.167306,0.0570827,0.0663018,0.170695,0.0812471,0.319956,0.64282,0.0893951,0.0689633,0.131046,0.103477,0.0588601,0.843727,0.338392,0.318555,0.0546443,0.103814,0.11932,0.17825,0.282024,0.545925,0.0286298,0.305932,0.162038,0.12485,0.114078,0.264749,0.325657,0.206093,0.103428,0.382264,0.210025,0.105289,0.110372,0.213417,0.274065,0.953074,0.375044,0.229446,0.251848,0.42911,0.107594,0.169534,0.217368,0.0967709,0.429157,0.02045,0.268836,0.222967,0.419803,0.135491,0.0853763,0.128426,0.175151,0.207597,0.163533,0.190008,0.388226,0.108415,0.118442,0.219361,0.143309,0.296089,0.24303,0.328296,0.357566,0.189414,0.692494,0.186289,0.0975569,0.168751,0.256833,0.78829,0.276948,0.137462,0.16447
0.517993,0.634362,0.229903,0.221699,0.415361,0.400762,0.615382,0.0349365,0.587311,0.435948,0.499243,0.538016,0.27252,0.592961,0.401628,0.568643,0.223444,0.66669,0.442119,0.379371,0.367229,0.50231,0.200698,0.290733,0.211112,0.106863,0.385309,0.369673,0.522873,0.495193,0.369307,0.152237,0.13042,0.367015,0.42623,0.298439,0.39045,0.684911,0.26212,0.27623,0.353404,0.3064,0.45792,0.744709,0.202082,0.56239,0.644043,0.621043,0.50721,0.622683,0.497032,0.565677,0.920126,0.763714,0.302981,0.533528,0.585273,0.820932,0.663816,0.735983,0.757267,0.47061,0.693465,0.541191,0.7106,0.55948,0.671453,0.203604,0.340688,0.514322,0.429425,0.478679,0.271096,0.708593,0.336717,0.572653,0.897902,0.182613,0.357098,0.210429,0.321401,0.303097,0.506825,0.108985,0.200263,0.367222,0.383106,0.084774,0.32616,0.505574,0.37266,0.15265,0.152725,0.297817,0.447409,0.783727,0.704486,0.0475281,0.367015,0.42623,0.400288,0.359418,0.659184,0.0766901,0.46574,0.639479,0.427223,0.31673,0.728745,0.499573,0.501346,0.703027,0.520497,0.268827,0.126676,0.290598,0.389783,0.249244,0.235679,0.425784,0.55526,0.0435313,0.499783,0.270346,0.303256,0.749484,0.35444,0.0616743,0.295006,0.0995657,0.159743,0.302939,0.102572,0.116003,0.101299,0.125816,0.904657,0.326639,0.648745,0.156053,0.434555,0.744369,0.497856,0.199304,0.710258,0.338604,0.593544,0.402002,0.405515,0.121225,0.587164,0.506881,0.306799,0.461607,0.353852,0.0799249,0.40097,0.553233,0.332226,0.152413,0.206783,0.392445,0.228413,0.0664713,0.216533,0.290119,0.406877,0.698853,0.78673,0.0510271,0.255469,0.284259,0.0278506,0.166815,0.403123,0.376275,0.387696,0.0807013,0.412073,0.104372,0.627053,0.244223,0.308356,0.235938,0.333559,0.41032,0.176167,0.744516,0.316968,0.443237,0.35922,0.424161,0.309149,0.483054,0.167849,0.281042,0.479799,0.489239,0.107351,0.177488,0.057058,0.0921334,0.309766,0.284243,0.641922,0.549068,0.346051,0.145782,0.372945,0.433357,0.473377,0.363824,0.274069,0.462761,0.235787,0.200339,0.37054,0.10596,0.271736,0.534444,0.200247,0.396473,0.15706,0.132105,0.658389,0.298024,0.405074,0.114445,0.428946,0.242254,0.144183,0.192172,0.313341,0.74948,0.782994,0.328489,0.396473,0.15706,0.150278,0.282898,0.969073,0.265477,0.468448,0.402878,0.659404,0.156476,0.303295,0.838406,0.324385,0.657494,0.390401,0.0177748,0.216959,0.243053,0.214557,0.484549,0.20218,0.528243,0.222014,0.363408,0.173747,0.297543,0.237281,0.138714,0.380033,0.107263,0.377142,0.154314,0.0250929,0.12705,0.464502,0.0804266,0.103659,0.549587,0.406417,0.800261,0.639605,0.844266,0.23058,0.0957424,0.16882,0.102586,0.0798016,0.216959,0.243053,0.785682,0.475093,0.29947,0.0935119,0.365527,0.116967,0.777727,0.779685,1,0.153853,0.537792,0.440676,0.534564,0.101391,0.150019,0.140797,0.453303,0.45138,0.260412,0.0196745,0.656898,0.150241,0.0123475,0.0493283,0.437459,0.0472969,0.582615,0.153927,0.212652,0,0.135613,0.176068,0.108654,0.328659,0.448554,0.590026,0.445682,0.145782,0.372945,0.255818,0.716387,0.0475632,0.439006,0.0568822,0.218559,0.27298,0.136073,0.21144,0.143888,0.229188,0.0819708,0.193335,0.636191,0.111188,0.442109,0.340961,0.675508,0.421736,0.279033,0.408576,0.516623,0.215438,0.103619,0.0637085,0.233129,0.515567,0.140614,0.318507,0.337655,0.125922,0.0305989,0.169085,0.266697,0.118386,0.186816,0.118929,0.0228262,0.0207638,0.0259031,0.130551,0.309149,0.483054,0.205522,0.0342246,0.112757,0.0514245,0.0846396,0.374418,0.199788,0.323865,0.0624619,0.183294,0.0714367,0.167643,0.0493729,0.314044,0.068917,0.477626,0.188123,0.196606,0.0419113,0.45138,0.260412,0.255769,0.0797431,0.521873,0.354884,0.113587,0.0779737,0.127125,0.204305,0.900333,0.255942,0.135459,0.423936,0.324794,0.152542,0.218652,0.168332,0.0944892,0.288192,0.0890675,0.449304,0.0957331,0.261385,0.0703833,0.14537,0.301124,0.134911,0.393645,0.275189,0.290871,0.445043,0.0607547,0.0109802,0.188796,0.0378995,0.572097,0.353235,0.464536,0.518027,0.250423,0.615122,0.248488,0.0718856,0.196002,0.185187,0.592069,0.247348,0.0807748,0.208696
0.9374,0.402023,0.506464,0.526938,0.387169,0.37803,0.374894,0.0845705,0.811294,0.313422,0.332859,0.0966622,0.557086,0.218014,0.136368,0.019068,0.172922,0.340903,0.709444,0.440874,0.572336,0.252563,0.202043,0.364455,0.230992,0.398726,0.516752,0.615938,0.674599,0.637602,0.719931,0.492409,0.421557,0.588915,0.56583,0.389596,0.179948,0.371131,0.489758,0.542459,0.70913,0.569561,0.319702,0.704802,0.226276,0.116101,0.150726,0.522268,0.647502,0.688884,0.27938,0.725701,0.370483,0.748011,0.279707,0.711784,0.448909,0.716923,0.550511,0.527141,0.7237,0.314831,0.466627,0.382054,0.5552,0.155423,0.327918,0.319798,0.26786,0.450163,0.505689,0.301214,0.04553,0.243994,0.486457,0.552037,0.51059,0.0398264,0.224553,0.498135,0.386924,0.378175,0.254963,0.473769,0.121378,0.22957,0.64024,0.0425032,0.495927,0.469952,0.590988,0.0796739,0.271542,0.599935,0.53476,0.167215,0.9038,0.432835,0.588915,0.56583,0.501348,0.191517,0,0.245276,0.266604,0.638631,0.664319,0.121898,0.396467,0.702354,0.523597,0.530252,0.702166,0.531856,0.233493,0.236572,0.675665,0.544712,0,0.436913,0.652557,0.165223,0.220685,0.58101,0.130669,0.637699,0.196929,0.000781063,0.420091,0.154958,0.198335,0.381532,0.125627,0.132435,0.118649,0.162268,0.515809,0.116799,0.212933,0.291775,0.293567,0.389733,0.586159,0.211255,0.75861,0.492424,0.537051,0.511705,0.586548,0.0392635,0.519855,0.235374,0.209575,0.721013,0.477591,0.181828,0.606381,0.407887,0.449938,0.137345,0.351595,0.431732,0.308671,0.200669,0.393604,0.321826,0.560631,0.397472,0.465949,0.170635,0.0657304,0.276267,0.43348,0.186692,0.404659,0.775197,0.385897,0.179172,0.468881,0.143388,0.387323,0.357984,0.296072,0.253266,0.276366,0.40607,0.187383,0.477822,0.452435,0.344312,0.236327,0.433273,0.452343,0.562254,0.311605,0.284475,0.572524,0.502453,0.166463,0.218899,0.185666,0.14514,0.138728,0.0508867,0.30518,0.754858,0.18208,0.0919997,0.21101,0.414836,0.542424,0.341144,0.259184,0.493392,0.28181,0.229934,0.448212,0.148361,0.194239,0.458289,0.129475,0.623152,0.196419,0.320589,0.449098,0.325884,0.469476,0.0856044,0.437334,0.294605,0.203872,0.095259,0.288204,0.445753,0.494795,0.386676,0.623152,0.196419,0.146244,0.34163,0.83846,0.285791,0.43071,0.103833,0.654271,0.408466,0.265049,0.736331,0.240371,0.541242,0.147493,0.0579437,0.353402,0.306003,0.534544,0.564937,0.244968,0.556316,0.230819,0.337371,0.140741,0.595452,0.233921,0.102353,0.371067,0.208875,0.294731,0,0.058512,0.0733395,0.569655,0.115289,0.197426,0.422834,0.146732,0.857877,0.240888,0.840673,0.150608,0.100921,0.00851685,0.181713,0.048497,0.353402,0.306003,0.839533,0.268956,0.251355,0.182185,0.503928,0.134083,0.661423,0.881801,0.188888,0.120829,0.209705,0.448259,0.283491,0.171907,0.163069,0.16344,0.00981236,0.527852,0.319022,0.0591993,0.545857,0.133067,0.378957,0.0988485,0.286322,0.147546,0.641696,0.173718,0.210124,0.209127,0.15099,0.214552,0.0850498,0.300831,0.280396,0.675232,0.112054,0.0919997,0.21101,0.178045,0.554203,0.0667836,0.543852,0.0392732,0.235883,0.31728,0.402907,0.181125,0.182215,0.266962,0.149206,0.242754,0.176119,0.0952338,0.425698,0.378189,0.811265,0.484704,0.184548,0.418994,0.337967,0.17422,0.0419808,0.146386,0.243719,0.478997,0.134568,0.397482,0.359996,0.0607101,0.0953187,0.121957,0.379171,0.105721,0.309042,0.206521,0.0993751,0.0586544,0.133291,0.155294,0.452343,0.562254,0.0647661,0.112854,0.136235,0.123631,0.0298389,0.0970214,0.324897,0.560907,0.0321548,0.0549708,0.041563,0.198207,0.204167,0,0.0230835,0.331474,0.146394,0.073795,0.132575,0.527852,0.319022,0.198493,0.235336,0.311522,0.237517,0.0645067,0.0396936,0.178357,0.241382,0.839987,0.332824,0.169233,0.320603,0.726346,0.0606452,0.183176,0.317213,0.0385452,0.397597,0.0137511,0.235431,0.139477,0.286584,0.0288886,0.0916777,0.172028,0.0897629,0.271711,0.189688,0.168623,0.482123,0.0891768,0.0598184,0.19187,0.120282,0.177619,0.279445,0.282416,0.193609,0.31764,0.543589,0.165211,0.11399,0.0652553,0.110361,0.254377,0.207164,0.0646488,0.096992
0.623528,0.402992,0.48873,0.454612,0.497057,0.892563,0.486162,0.308599,0.305429,0.663312,0.705503,0.212359,0.273038,0.224382,0.56368,0.137619,0.277073,0.637935,0.67368,0.210169,0.349344,0.271477,0.216918,0.417493,0.737185,0.258447,0.365379,0.439582,0.521897,0.59989,0.591618,0.137523,0.138002,0.511765,0.475017,0.299333,0.193362,0.421206,0.396399,0.428091,0.175745,0.549954,0.514098,0.738883,0.218132,0.316173,0.739489,0.384515,0.399534,0.412466,0.845822,0.47782,0.778538,0.570974,0.254081,0.506555,0.13067,0.752419,0.595615,0.506708,0.552945,0.403115,0.0618947,0.317729,0.170581,0.130541,0.590325,0.568566,0.556796,0.362799,0.405654,0.281,0.0574647,0.526942,0.434195,0.552167,0.189203,0,0.00936861,0.262168,0.185542,0.0999094,0.236881,0.142016,0.116352,0,0.501401,0.800171,0.299825,0.0574898,0.554943,0.0790201,0.257457,0.450663,0.500408,0.445597,0.743582,0.263562,0.511765,0.475017,0.605852,0.250101,0.202984,0.0722836,0.0492081,0.768671,0.253949,0.229036,0.545284,0.607812,0.458287,0.192832,0.557115,0.371822,0.0219285,0.179767,0.511889,0.2046,0.6029,0.295918,0.419557,1,0.102275,0.137769,0.0434426,0.814,0.00468567,0.237112,0.465997,0.477882,0.420642,0.118605,0.0798637,0.536371,0.218177,0.165646,0.275448,0.349549,0.0381046,0.45669,0.221644,0.541759,0.448634,0.114574,0.797064,0.0668443,0.735915,0.410883,0.710992,0.222155,0.0592247,0.377536,0.332551,0.670387,0.75732,0.0990924,0.417941,0.962763,0.51122,1,0.110726,0.765031,0.752001,0.178491,0.41835,0.465331,0.210159,0.12172,0.045833,0.192725,0.0538387,0.363325,0.0395189,0.206302,0.495362,0.410311,0.210187,0.279117,0.16941,0.0254214,0.401251,0.0430815,0.0337221,0.190477,0.0380408,0.294118,0.423948,0.626519,0.513201,0.511505,0.170487,0.480976,0.292333,0.551538,0.50247,0.00595434,0.354104,0.0539004,0.420455,0.0540724,0.311723,0.150976,0.307523,0,0.594745,0.725107,0.629133,0.0823737,0.0334051,0.148903,0.594227,0.585673,0.108631,0.133554,0.0246285,0.206669,0.325598,0.608949,0.0691825,0.0260233,0.729689,0.624268,0,0.217469,0.0826614,0.229179,0.385211,0.375131,0.813553,0.160584,0.177349,0.21241,0.331516,0.12114,0.401127,0.0442498,0.624268,0,0.439804,0.400607,0.870868,0.409986,0.506546,0.602637,0.267499,0.390928,0.133117,0.662426,0.0154016,0.356113,0.0217204,0.250198,0.305533,0.144948,0.182871,0.54258,0.636783,0.56536,0.493159,0.0236004,0.119859,0.781716,0.478402,0.0877909,0.0483326,0.334862,0,0.193984,0.215507,0.0806577,0.750561,0.693403,0.313992,0.0633379,0.0221656,0.923928,0.555311,0.861167,0.0637395,0.111333,0.0313928,0.285327,0.698728,0.305533,0.144948,0.693889,0.229975,0.291663,0.774936,0.152344,0.115899,0.600126,0.708014,0.259072,0.206729,0,0.68958,0.140174,0.672804,0.441169,0.187132,0.0457183,0.731936,0.342046,0.080549,0.66833,0.217774,0.816067,0.198778,0.135254,0.715498,0.479106,0.052078,0.193239,0.627714,0.273751,0.30781,0.119392,0,0.168145,0.529556,0.0508976,0.0823737,0.0334051,0.0322353,0.0693166,0.166366,0.337109,0.055728,0.530044,0.0903911,0.290034,0.291263,0.49595,0.304756,0.143894,0.245699,0.218866,0.0846836,0.582448,0.0447751,0.848739,0.558618,0.137419,0.391032,0.152827,0.244769,0.245534,0.763138,0.299659,0,0.548674,0.583713,0.37845,0.491397,0.915474,0.0780242,0.0752876,0.475721,0.894562,0.261807,0.546132,0.801419,0.391056,0.174294,0.292333,0.551538,0.344197,0.491698,0.244667,0.313874,1,0.291753,0.757783,0.307013,0.0622322,0.247812,0.61828,0.2625,0.222754,0.51553,0.00633487,0.268211,0.162188,1,0.581964,0.731936,0.342046,0.219921,0.144077,0.424915,0.480143,0.544191,0.180026,0.666889,0,0.914683,0.451604,0.642268,0.168559,0.641644,0.163101,0.00834759,1,0.00220292,0.461922,0.575529,0.246169,0.886337,0.0723545,0.694843,0.188183,0.288956,0.178191,0.0648042,0.190092,0.0893046,0.250381,0.504119,1,0.854228,0.76882,0.51808,0.70452,0.321813,0,0,0.633957,0.170847,0.935338,0.208869,0.107784,0.635979,0.159876,0.617697,1
0.552231,0.405895,0.46634,0.27715,0.486385,0.539897,0.517844,0.0736991,0.502278,0.364743,0.416447,0.242711,0.367722,0.378064,0.38721,0.357567,0.245176,0.673299,0.515934,0.467518,0.473633,0.568908,0.162593,0.356353,0.27039,0.28982,0.468853,0.435044,0.474023,0.426452,0.494888,0.260194,0.172215,0.399201,0.438309,0.315734,0.297101,0.536944,0.436288,0.460616,0.613366,0.545151,0.493202,0.648076,0.624636,0.395739,0.72751,0.472424,0.548687,0.560022,0.383375,0.587156,0.541563,0.581723,0.221785,0.627769,0.396241,0.718377,0.390728,0.522759,0.522789,0.321094,0.428428,0.446569,0.252339,0.296208,0.5744,0.449207,0.318653,0.479797,0.626039,0.407032,0.0742295,0.432493,0.335727,0.480741,0.507089,0.102818,0.350369,0.310713,0.3518,0.244126,0.271699,0.35807,0.234773,0.272113,0.58858,0.174548,0.438335,0.280227,0.841478,0.14926,0.242756,0.230261,0.320576,0.424727,0.739343,0.253811,0.399201,0.438309,0.598305,0.32925,0.311844,0.112741,0.437677,0.743088,0.430715,0.15444,0.58171,0.467365,0.483565,0.451656,0.669268,0.307597,0.340339,0.382616,0.358932,0.194207,0.171341,0.451734,0.325803,0.0564819,0.345138,0.370825,0.385622,0.757831,0.166968,0.0877118,0.535123,0.181995,0.263508,0.290281,0.0119505,0.15367,0.540576,0.129994,0.426524,0.358388,0.320319,0.300416,0.195392,0.728183,0.568278,0.395661,0.410884,0.378085,0.53323,0.407897,0.409851,0.169235,0.376097,0.41447,0.0671302,0.680858,0.554179,0.0686558,0.47521,0.750617,0.444945,0.153047,0.175206,0.692541,0.3168,0.0761807,0.249651,0.0587708,0.415536,0.30617,0.366806,0.269554,0.154297,0.231119,0.120707,0.193304,0.320125,0.369318,0.306861,0.110962,0.382035,0.103925,0.39124,0.17865,0.176755,0.181549,0.210959,0.266015,0.167687,0.550155,0.442332,0.52853,0.290222,0.524751,0.251737,0.572756,0.148617,0.161313,0.404325,0.415164,0.174535,0.116014,0.108465,0.137171,0.200954,0.170212,0.531388,0.498415,0.174072,0.204832,0.254762,0.369079,0.605063,0.659044,0.178952,0.492055,0.133587,0.186142,0.329741,0.226198,0.129323,0.37164,0.410578,0.56005,0.152533,0.263839,0.365031,0.250961,0.288389,0.176811,0.393344,0.247064,0.231131,0.150444,0.336519,0.34952,0.352227,0.332849,0.56005,0.152533,0.283478,0.301589,0.903037,0.522327,0.156403,0.435826,0.616306,0.223412,0.224475,0.782164,0.19712,0.451633,0.14738,0.0898018,0.305056,0.232688,0.162963,0.549598,0.157659,0.54432,0.178707,0.276584,0.205023,0.459894,0.191191,0.087145,0.262487,0.258334,0.223764,0.131417,0.20522,0.158071,0.77781,0.21742,0.15836,0.32938,0.140519,0.924823,0.413324,0.905858,0.193249,0.145683,0.0560129,0.224758,0.236368,0.305056,0.232688,0.728442,0.304258,0.286645,0.22467,0.419256,0,0.650526,0.722636,0.190404,0.162704,0.197854,0.429534,0.387839,0.302468,0.166287,0.219565,0.190566,0.571972,0.423716,0.0621064,0.520912,0.196632,0.25397,0.171818,0.218478,0.167881,0.597657,0.167983,0.123725,0.2618,0.172339,0.15489,0.114316,0.310793,0.339054,0.579895,0.160014,0.204832,0.254762,0.14936,0.474923,0.0699219,0.44635,0.0993773,0.257999,0.219139,0.313239,0.139727,0.131691,0.309602,0.0714245,0.180531,0.275586,0.134628,0.731088,0.319926,0.648633,0.495671,0.306266,0.388334,0.290388,0.16669,0.179786,0.116752,0.137938,0.329566,0.165605,0.415726,0.288411,0.252498,0.176574,0.181628,0.28763,0.129454,0.251983,0.448365,0.158093,0.0814388,0.160901,0.105241,0.251737,0.572756,0.239628,0.17974,0.180552,0.146008,0.1124,0.471872,0.277837,0.136606,0.0743577,0.219201,0.212944,0.212272,0.123674,0.800101,0.0268027,0.505201,0.167153,0.234139,0.154522,0.571972,0.423716,0.189026,0.190702,0.320802,0.366314,0.203,0.145744,0.145616,0.155424,0.851662,0.676078,0.199232,0.224148,0.294684,0.148851,0.170331,0.166902,0.0474241,0.68389,0.106683,0.179621,0.129378,0.196302,0.0991306,0.15629,0.106468,0.113964,0.467284,0.211044,0.152279,0.430449,0.138201,0.125361,0.165528,0.147657,0.315447,0.217507,0.229789,0.205648,0.227307,0.684598,0.278295,0.108918,0.161174,0.0446944,0.875686,0.118106,0.17401,0.200669
0.501268,0.538634,0.191153,0.397851,0.328668,0.592557,0.816808,0.032664,0.629026,0.668034,0.79644,0.591987,0.382237,0.854814,0.468958,0.783175,0.135452,0.557876,0.67994,0.630618,0.551213,0.536498,0.197658,0.409916,0.243946,0.0318665,0.510842,0.227362,0.254747,0.451942,0.431636,0.28631,0.218301,0.318379,0.350012,0.111531,0.024567,0.683561,0.209958,0.245179,0.403488,0.354799,0.108304,0.894884,0.423069,0.765123,0.650637,0.64531,0.677336,0.756568,0.486578,0.403906,0.534737,0.67697,0.239626,0.533477,0.633212,0.866606,0.498165,0.455215,0.488554,0.340611,0.851158,0.726405,0.319396,0.582842,0.624474,0.322274,0.398632,0.623684,0.637192,0.355291,0.149951,0.160754,0.548205,0.477342,0.776286,0.263507,0.544106,0.181986,0.315035,0.440299,0.694501,0.11938,0.260395,0.418186,0.460844,0.281974,0.470291,0.379765,0.390838,0.163524,0.317347,0.090881,0.535607,0.706044,0.678259,0.0533908,0.318379,0.350012,0.354806,0.43556,0.340502,0.0868163,0.250914,0.673693,0.377437,0.25616,0.742058,0.41241,0.697945,0.755539,0.661098,0.345411,0.230488,0.368263,0.431881,0.484387,0.309204,0.290277,0.254811,0.276855,0.77502,0.314453,0.421265,0.833266,0.325743,0.0175353,0.449184,0.0764548,0.230486,0.305753,0.14316,0.180816,0.2096,0.200797,0.738381,0.387872,0.475243,0.10338,0.310674,0.708029,0.546427,0.285226,0.492342,0.293868,0.470951,0.452378,0.520184,0.0943397,0.650498,0.658388,0.103907,0.553449,0.184921,0.182832,0.480367,0.73768,0.442777,0.0739326,0.21615,0.548612,0.23713,0.144299,0.250824,0.112747,0.488398,0.419743,0.605881,0.067552,0.112948,0.250604,0.253679,0.0955066,0.632116,0.480582,0.46238,0.108451,0.457675,0.245331,0.690615,0.298306,0.25289,0.248678,0.28888,0.430002,0.178378,0.362036,0.210984,0.564984,0.256399,0.475092,0.292841,0.527259,0.247512,0.268355,0.440565,0.473984,0.10535,0.238214,0.12403,0.109309,0.577382,0.180223,0.481158,0.726367,0.101728,0.140937,0.437494,0.468994,0.54846,0.342669,0.242565,0.587361,0.202417,0.221792,0.383398,0.140043,0.191717,0.525883,0.11896,0.456158,0.216791,0.370531,0.503534,0.225296,0.362418,0.139755,0.366911,0.298928,0.190327,0.0928264,0.353089,0.43035,0.835068,0.333221,0.456158,0.216791,0.184777,0.311261,0.845385,0.640615,0.444005,0.419393,0.605979,0.295675,0.223613,0.825321,0.273735,0.441947,0.477811,0.0552515,0.220379,0.289791,0.283936,0.499435,0.179039,0.526953,0.188306,0.364452,0.145497,0.419532,0.2256,0.0921011,0.33794,0.0571249,0.290644,0.0802016,0.110137,0.072008,0.580905,0,0.208845,0.648117,0.108438,0.831221,0.41903,0.833649,0.171936,0.112712,0.123417,0.144177,0.12648,0.220379,0.289791,0.878304,0.364292,0.180549,0.134968,0.416244,0.107511,0.711215,0.865138,0.354429,0.188824,0.180654,0.425587,0.506734,0.109655,0.107378,0.167101,0.213783,0.365686,0.387809,0.0405975,0.517274,0.1693,8.04026e-05,0.104388,0.25404,0.105942,0.643487,0.177923,0.169633,0.145373,0.120626,0.156373,0.0464523,0.349814,0.391176,0.605847,0.108353,0.140937,0.437494,0.143391,0.650842,0.030993,0.450546,0.0973393,0.280302,0.267343,0.219049,0.160795,0.135681,0.135429,0.0446287,0.252347,0.228934,0.0319582,0.249247,0.382652,0.659677,0.450366,0.168377,0.325818,0.328486,0.248214,0.135081,0.0395193,0.121319,0.431405,0.122006,0.40092,0.288825,0.0506896,0.149231,0.14909,0.150697,0.106247,0.231838,0.441695,0.0496454,0.0231699,0.0735131,0.106103,0.292841,0.527259,0.18082,0.0732625,0.0701885,0.0953335,0.0806072,0.0348492,0.357336,0.465574,0.0331843,0.159039,0.0384491,0.104738,0.127298,0.0395049,0.0355312,0.40378,0.218543,0.070195,0.139309,0.365686,0.387809,0.106299,0.101013,0.275423,0.26501,0.149967,0.103738,0.130594,0.250121,0.844354,0.247621,0.232547,0.179793,0.096238,0.109992,0.194224,0.173721,0.0375463,0.279684,0.00139661,0.214332,0.106314,0.235123,0.0850333,0.114258,0.0645367,0.10887,0.417996,0.168061,0.266043,0.334322,0.0270408,0.0769864,0.107094,0.138565,0.269803,0.356006,0.228884,0.163824,0.249361,0.386996,0.1271,0.0509346,0.194286,0.0707054,0.107001,0.171797,0.056515,0.104955
0.546427,0.396355,0.430855,0.235865,0.402071,0.564647,0.384182,0.0663131,0.719639,0.388229,0.428603,0.12135,0.371063,0.274715,0.466868,0.376734,0.309532,0.658738,0.575408,0.544626,0.569398,0.45486,0.257668,0.561218,0.258529,0.330592,0.269155,0.419241,0.612453,0.508538,0.517501,0.323577,0.246708,0.592813,0.5174,0.374295,0.339194,0.548784,0.395516,0.396185,0.542552,0.494354,0.414868,0.766896,0.460757,0.246632,0.73513,0.690394,0.593983,0.676576,0.577811,0.632349,0.663808,0.795725,0.25957,0.736537,0.481249,0.810616,0.522789,0.591622,0.507212,0.481937,0.417605,0.432464,0.469812,0.607858,0.654269,0.594796,0.43496,0.476521,0.706526,0.641843,0.472978,0.522765,0.182266,0.573859,0.577688,0.0845077,0.430675,0.376351,0.303221,0.56697,0.296658,0.332276,0.266919,0.337583,0.492764,0.169709,0.37975,0.470643,0.50996,0.638831,0.254677,0.312886,0.53909,0.145952,0.621723,0.279259,0.592813,0.5174,0.479857,0.316385,0.548509,0.132593,0.373605,0.683392,0.553323,0.229571,0.579516,0.419097,0.481326,0.445368,0.595659,0.266932,0.130089,0.479561,0.284134,0.197787,0.232981,0.413402,0.323455,0.0852854,0.162735,0.269562,0.355954,0.751212,0.198616,0.0524004,0.524997,0.123922,0.359598,0.258495,0.0543469,0.295156,0.274894,0.122747,0.46484,0.357286,0.648119,0.257763,0.391338,0.856624,0.533379,0.319698,0.300942,0.380129,0.500934,0.288212,0.480532,0.115916,0.494043,0.447529,0.30528,0.703517,0.551575,0.0503365,0.311877,0.70069,0.302483,0.336394,0.0854089,0.541527,0.368596,0.0337821,0.174603,0.267459,0.346204,0.46606,0.450311,0.229696,0.382749,0.152115,0.13903,0.329981,0.40952,0.163147,0.394185,0.188011,0.282468,0.130025,0.523199,0.14673,0.263735,0.155492,0.164366,0.158619,0.129932,0.657418,0.451973,0.542115,0.457943,0.432111,0.443456,0.515672,0.320745,0.153242,0.371171,0.439862,0.176873,0.153261,0.0576515,0.151946,0.216378,0.30185,0.591008,0.66523,0.093981,0.205626,0.317005,0.280834,0.374263,0.420771,0.23132,0.478659,0.536352,0.234861,0.21146,0.194228,0.205401,0.441677,0.387238,0.473298,0.209559,0.155327,0.41528,0.302981,0.353136,0.189839,0.370683,0.241687,0.252189,0.0517664,0.472424,0.456201,0.438547,0.33559,0.473298,0.209559,0.244737,0.174472,0.867344,0.230402,0.375003,0.531013,0.688637,0.203024,0.135345,0.82358,0.178102,0.356007,0.0719874,0.0807776,0.360171,0.141618,0.198874,0.541573,0.136221,0.524042,0.201134,0.304902,0.172044,0.523634,0.150555,0.0930856,0.173783,0.193469,0.249974,0.200437,0.20929,0.187668,0.597176,0.182323,0.257225,0.43781,0.224756,0.885613,0.308845,0.928957,0.202358,0.204179,0.298207,0.135111,0.243705,0.360171,0.141618,0.671509,0.33964,0.48825,0.213013,0.373742,0.0979597,0.599568,0.700783,0.349129,0.193997,0.290546,0.428692,0.87234,0.16991,0.214391,0.153708,0.188315,0.349426,0.416731,0.0622575,0.519658,0.154763,0.173928,0.140627,0.313504,0.117033,0.389953,0.0995254,0.0734584,0.172612,0.228854,0.166294,0.141117,0.345589,0.267324,0.455261,0.344589,0.205626,0.317005,0.194734,0.57306,0.0763457,0.365449,0.0404587,0.299315,0.157423,0.227046,0.117096,0.117997,0.182859,0.0837652,0.224511,0.402636,0.144109,0.651835,0.172483,0.683344,0.511016,0.317311,0.298452,0.314743,0.328794,0.149378,0.216001,0.18562,0.344052,0.191935,0.489373,0.201575,0.0953451,0.166921,0.176263,0.374155,0.221815,0.436412,0.171709,0.124385,0.0438638,0.196821,0.153536,0.443456,0.515672,0.205393,0.16985,0.153524,0.131699,0.143737,0.367748,0.195981,0.1781,0.133919,0.239535,0.284704,0.255439,0.0518044,0.312055,0.042707,0.599471,0.191397,0.260395,0.00888586,0.349426,0.416731,0.271143,0.473806,0.449252,0.271467,0.0747428,0.0405691,0.18161,0.205314,0.867606,0.502257,0.0916982,0.23027,0.144241,0.195452,0.0865229,0.26466,0.074513,0.551646,0.0566372,0.270132,0.105132,0.222772,0.165494,0.16508,0.158079,0.0951407,0.376117,0.246748,0.154118,0.367182,0.177172,0.0592359,0.153279,0.230767,0.493174,0.390505,0.407279,0.0622491,0.150261,0.785276,0.176912,0.0949111,0.181247,0.13598,0.449448,0.113721,0.153558,0.150673
0.608461,0.562878,0.321725,0.490882,0.519228,0.315845,0.668225,0.0470933,0.568621,0.450494,0.517551,0.456885,0.471183,0.408071,0.357983,0.593924,0.193623,0.699213,0.502055,0.227462,0.248091,0.473504,0.412167,0.431322,0.292121,0.189291,0.45089,0.438083,0.567417,0.533441,0.59938,0.482723,0.296824,0.141448,0.269571,0.442663,0.266912,0.252448,0.388319,0.413606,0.288875,0.445285,0.386051,0.774481,0.319121,0.367049,0.552171,0.647789,0.435234,0.606363,0.612638,0.520477,0.557746,0.690443,0.218769,0.615065,0.416279,0.843417,0.471891,0.506298,0.506419,0.194022,0.356916,0.275126,0.690706,0.410073,0.566627,0.427705,0.210559,0.445907,0.402949,0.362499,0.0654231,0.503387,0.574129,0.414575,0.566634,0.150691,0.192001,0.508917,0.319316,0.350222,0.296787,0.0833529,0.185618,0.307819,0.393266,0.105316,0.338209,0.289963,0.473616,0.108062,0.175489,0.113357,0.308713,0.437348,0.682987,0.23178,0.141448,0.269571,0.48069,0.258567,0.257312,0.308512,0.273406,0.406752,0.330579,0.205684,0.567063,0.401717,0.467633,0.467326,0.603707,0.515787,0.130783,0.33347,0.605923,0.43019,0.168904,0.505828,0.391037,0.193685,0.247175,0.360794,0.381935,0.748675,0.42855,0.0721613,0.366231,0.0914999,0.187591,0.302089,0.282609,0.0730021,0.141848,0.215707,0.623421,0.453517,0.369897,0.170527,0.438688,0.709285,0.558651,0.302758,0.555581,0.324901,0.532263,0.482685,0.265425,0.117935,0.445328,0.384464,0.364454,0.373501,0.412055,0.183547,0.475184,0.289487,0.603827,0.0586191,0.312784,0.34973,0.179873,0.172014,0.342549,0.285691,0.499941,0.278388,0.592636,0.0823654,0.097255,0.426799,0.0591078,0.107854,0.424722,0.673932,0.173049,0.117038,0.531662,0.178875,0.588014,0.418377,0.121814,0.344965,0.494089,0.525814,0.241857,0.540855,0.345762,0.523564,0.40885,0.537856,0.290715,0.727681,0.178603,0.417669,0.750103,0.4105,0.162017,0.167595,0.14303,0.0859323,0.168035,0.192644,0.416265,0.592033,0.318,0.127691,0.210556,0.537502,0.442234,0.44062,0.341758,0.335367,0.250172,0.340025,0.494814,0.0638939,0.19061,0.431468,0.172936,0.522046,0.186447,0.343612,0.561688,0.278848,0.26231,0.147518,0.383862,0.180804,0.178381,0.179353,0.295345,0.689055,0.587984,0.285248,0.522046,0.186447,0.255506,0.585845,0.841071,0.191169,0.313399,0.315211,0.610176,0.361707,0.392646,0.791915,0.469587,0.709058,0.522306,0.083064,0.027498,0.380213,0.2718,0.489475,0.299481,0.530222,0.253996,0.316292,0.152762,0.301852,0.343473,0.15349,0.432427,0.141394,0.352468,0.093685,0.136233,0.0832165,0.685534,0.157347,0.126353,0.420799,0.115422,0.725251,0.60021,0.768843,0.204221,0.147646,0.14849,0.0560742,0.113138,0.027498,0.380213,0.710152,0.306053,0.211137,0.104219,0.360581,0.18287,0.591827,0.629239,0.201714,0.213649,0.258989,0.441134,0.484162,0.11276,0.0950984,0.136189,0.182724,0.264844,0.154468,0.0148164,0.749817,0.150377,0.0479971,0.103313,0.477874,0.0744324,0.627702,0.191464,0.301713,0.115218,0.0921603,0.117705,0.0603534,0.25076,0.538803,0.620962,0.197349,0.127691,0.210556,0.314226,0.787232,0.0456356,0.434277,0.0788582,0.292994,0.0952879,0.134977,0.29419,0.133873,0.198061,0.0632174,0.171496,0.32044,0.0639098,0.306352,0.400839,0.599435,0.559118,0.112525,0.495369,0.545923,0.314705,0.094837,0.119204,0.203694,0.674126,0.0716923,0.402287,0.471195,0.0585497,0.096325,0.181331,0.284534,0.154522,0.238055,0.106011,0.0609696,0.0493262,0.108183,0.136245,0.290715,0.727681,0.1952,0.00818616,0.0427885,0.0381608,0.0690334,0.892153,0.342402,0.603351,0.0330998,0.128211,0.0299087,0.130856,0.159556,0.715076,0.0472887,0.412459,0.390152,0.17746,0.0505276,0.264844,0.154468,0.142651,0.108878,0.359658,0.295607,0.130496,0.131508,0.0864391,0.315537,0.825627,0.354316,0.131042,0.417255,0.468811,0.124209,0.274424,0.0980806,0.108537,0.449987,0.0136619,0.478769,0.111896,0.36773,0.0793077,0.173915,0.149084,0.169376,0.23091,0.248768,0.248855,0.511214,0.0857839,0,0.234765,0.0748338,0.318271,0.225711,0.332397,0.528981,0.258873,0.713455,0.264372,0.0993827,0.108417,0.197438,0.916707,0.22239,0.107438,0.140846
0.523514,0.735282,0.55374,0.123626,0.423501,0.668273,0.463597,0.0707775,0.809959,0.695444,0.717162,0.55702,0.229265,0.495448,0.381136,0.800263,0.337745,0.281687,0.411942,0.149312,0.521694,0.743741,0,0.187669,0.25052,0.516652,0.453099,0.519441,0.491922,0.966747,0.739424,0.451329,0.304176,0.642272,0.657165,0.376831,0.308546,0.122893,0.426044,0.466271,0.7014,0.609076,0.539582,0.520131,0.222621,0.428264,0.445873,0.364366,0.391157,0.378264,0.343236,0.502677,0.53298,0.564434,0.222786,0.575715,0.431177,0.809488,0.602432,0.505055,0.611116,0.664484,0.56493,0.544795,0.491697,0.382577,0.429201,0.255627,0.668898,0.559509,0.412012,0.285384,0.110354,0.591007,0.164975,0.762213,0.67303,0.487691,0.47565,0.326434,0.396825,0.12117,0.404239,0.217497,0.47769,0.348648,0.799411,0.806117,0.341952,0.772972,0.519818,0.281818,0.240433,0.438344,0.715486,0.508632,0.797743,0.365251,0.642272,0.657165,0.519342,0.506837,0.425702,0.283539,0.343869,0.923477,0.487867,0.373675,0.595384,0.610757,0.587737,0.548066,0.834896,0.139638,0.100743,0.362125,0.275997,0.0797841,0.224323,0.405964,0.481617,0.0294824,0.441608,0.253891,0.310214,0.700948,0.203249,0.176049,0.365149,0.126516,0.369511,0.194194,0.00923387,0.346848,0.152869,0.127206,0.593225,0.357251,0.516073,0.251455,0.234487,0.538394,0.433288,0.320623,0.555,0.365831,0.654126,0.34711,0.668945,0.168298,0.405353,0.912711,0.102968,0.798544,0.571952,0.00456598,0.326255,0.453358,0.171896,0.282033,0.0880533,0.534978,0.4181,0.0252812,0.122373,0.118976,0.366692,0.43232,0.424272,0.0733972,0.164256,0.130706,0.0384705,0.211309,0.350252,0.195051,0.416732,0.232348,0.277446,0.0727914,0.502946,0.202195,0.201444,0.112501,0.108554,0.149446,0.186413,0.760549,0.538525,0.4892,0.137954,0.401003,0.378594,0.301633,0.38334,0.0916709,0.129842,0.4248,0.136583,0.182706,0.0416501,0.154041,0.156354,0.174611,0.43509,0.539006,0.231655,0.251343,0.283303,0.274807,0.483807,0.324514,0.210486,0.462853,0.235882,0.11751,0.16204,0.218381,0.217221,0.388966,0.273573,0.238972,0.357227,0.0712623,0.345449,0.323939,0.533708,0.0817219,0.386677,0.267178,0.253005,0.116264,0.416099,0.479262,0.60952,0.345633,0.238972,0.357227,0.184041,0.0580966,0.89872,0.241808,0.678479,0.324767,0.61888,0.104438,0.118727,0.809457,0.173979,0.351817,0.169402,0.0906202,0.350338,0.194186,0.110797,0.547988,0.214514,0.531577,0.142004,0.480147,0.182629,0.760479,0.129123,0.463587,0.32344,0.267573,0.274576,0.155309,0.167277,0.125463,0.553472,0.141302,0.131091,0.449796,0.326107,0.912386,0.40926,0.956653,0.19454,0.131956,0.088086,0.212424,0.301083,0.350338,0.194186,0.708705,0.615757,0.453483,0.191068,0.486199,0.0274377,0.744803,0.797165,0.478738,0.0699912,0.393926,0.440166,0.516192,0.241489,0.237586,0.196387,0.164092,0.440737,0.355534,0.0682857,0.584662,0.219798,0.22991,0.126899,0.301332,0.128336,0.434775,0.166811,0.0988727,0.12612,0.170205,0.18101,0.0728549,0.320962,0.313406,0.546289,0.294103,0.251343,0.283303,0.203024,0.515115,0.10205,0.483939,0.0980697,0.275787,0.285178,0.118587,0.243567,0.132723,0.279156,0.0832909,0.216232,0.485674,0.36767,0.618166,0.224059,0.55097,0.550443,0.435562,0.135351,0.373223,0.371317,0.239857,0.125948,0.177329,0.175725,0.25222,0.35647,0.216851,0.153845,0.150389,0.1802,0.245385,0.150684,0.238546,0.343392,0.159912,0.0795362,0.0963889,0.156737,0.378594,0.301633,0.242743,0.13248,0.0939709,0.168601,0.107003,0.386327,0.237362,0.134936,0.0894564,0.197164,0.133459,0.329838,0.0623469,0.310661,0.035485,0.567501,0.227252,0.176233,0.136358,0.440737,0.355534,0.386818,0.312385,0.554825,0.237779,0.196472,0.129998,0.205365,0.075704,0.747074,0.456594,0.115656,0.251409,0.113521,0.196594,0.126241,0.288076,0.0789102,0.547716,0.124083,0.313535,0.185332,0.0597586,0.119974,0.281928,0.19949,0.0359041,0.362073,0.201299,0.243676,0.341279,0.142058,0.110161,0.214125,0.147522,0.46988,0.326322,0.422452,0.292731,0.139592,0.659654,0.147263,0.104687,0.184346,0.103829,0.4137,0.102067,0.165363,0.197602
0.501605,0.411549,0.359343,0.240778,0.372242,0.796284,0.5428,0.0711984,0.362642,0.430452,0.47374,0.365771,0.383211,0.611526,0.41074,0.49965,0.349857,0.266859,0.518108,0.445906,0.569057,0.516824,0.266844,0.446646,0.293156,0.257486,0.402581,0.294257,0.336394,0.672861,0.503632,0.185333,0.151921,0.388548,0.507427,0.224117,0.144767,0.356699,0.232471,0.295727,0.12774,0.444386,0.280617,0.643731,0.201855,0.509569,0.445328,0.544717,0.48517,0.550474,0.479012,0.53189,0.805172,0.868718,0.28126,0.59385,0.556019,0.717048,0.442268,0.517698,0.578818,0.376308,0.498501,0.498792,0.603395,0.350326,0.426233,0.541369,0.415959,0.287509,0.806504,0.570911,0.0987862,0.221257,0.376074,0.524818,0.710205,0.113457,0.46873,0.200858,0.392973,0.252444,0.340376,0.228073,0.32007,0.247441,0.586434,0.136844,0.612215,0.200958,0,0.201748,0.253832,0.27121,0.500292,0.476614,0.685832,0.297791,0.388548,0.507427,0.376067,0.368596,0.425915,0.0497262,0.299198,0.648731,0.170557,0.212168,0.5597,0.664452,0.850781,0.5887,0.695266,0.309991,0.13759,0.502873,0.424656,0.184708,0.164697,0.283748,0.659006,0.0623218,0.528546,0.331345,0.410203,0.660091,0.179672,0.16788,0.700383,0.180365,0.349295,0.464538,0.0583243,0.223205,0.0910328,0.126279,0.432346,0.45882,0.448986,0.260332,0.357829,0.729001,0.602285,0.843568,0.739664,0.2919,0.791567,0.409566,0.692858,0.0564525,0.498561,0.269549,0.0691255,0.666029,0.173487,0.12355,0.535894,0.664931,0.427015,0.22708,0.150327,0.566752,0.379538,0.0944877,0.26622,0.0608951,0.438886,0.355793,0.452221,0.177734,0.230242,0.297042,0.0137913,0.272001,0.594916,0.385024,0.35485,0.117476,0.343929,0.118164,0.645928,0.287756,0.291057,0.20122,0.237493,0.290536,0.20684,0.423644,0.407538,0.566682,0.23945,0.920259,0.343293,0.540375,0.296914,0.215237,0.412599,0.385005,0.240729,0.129905,0.121667,0.180203,0.247981,0.279047,0.639337,0.623436,0.220826,0.212395,0.279163,0.33978,0.533399,0.945556,0.221979,0.490026,0.250725,0.193897,0.350501,0.16559,0.278039,0.370252,0.470497,0.510052,0.334233,0.311881,0.427842,0.29606,0.47055,0.143526,0.421893,0.260336,0.220214,0.194514,0.39677,0.522946,0.66761,0.29806,0.510052,0.334233,0.250925,0.294616,0.905932,0.246802,0.529068,0.777742,0.664624,0.288426,0.278267,0.715728,0.233058,0.557741,0.18162,0.158927,0.286406,0.260474,0.294761,0.541967,0.147074,0.565076,0.16067,0.365761,0.20485,0.422326,0.199587,0.0740193,0.290071,0.269926,0.307289,0.232168,0.249189,0.157662,0.686456,0.263908,0.246743,0.481409,0.288082,0.837675,0.453292,0.914686,0.176536,0.15654,0.134304,0.222817,0.153877,0.286406,0.260474,0.79401,0.328989,0.53775,0.195094,0.357278,0.0886345,0.70546,0.760854,0.419725,0.251601,0.331079,0.468023,0.380659,0.218417,0.175857,0.191055,0.203476,0.08003,0.427045,0.0745925,0.504034,0.224224,0.211016,0.173167,0.286268,0.169514,0.542566,0.142728,0.280773,0.363301,0.126413,0.173621,0.132709,0.284236,0.458565,0.60289,0.278224,0.212395,0.279163,0.24236,0.473043,0.0862413,0.6538,0.0793792,0.329147,0.297851,0.0628177,0.295621,0.167462,0.319351,0.0704117,0.213473,0.447882,0.187578,0.273039,0.290235,0.750278,0.591484,0.160289,0.377063,0.514663,0.137851,0.242839,0.166156,0.279411,0.375188,0.181182,0.475747,0.282613,0.17126,0.196825,0.16703,0.280318,0.151371,0.492964,0.264032,0.211763,0.0931404,0.148499,0.15309,0.343293,0.540375,0.29866,0.156531,0.176493,0.238362,0.121124,0.349813,0.312934,0.375417,0.0886192,0.136531,0.204331,0.286504,0.135457,0.311184,0.0411989,0.315512,0.178007,0.17624,0.118255,0.08003,0.427045,0.6201,0.125051,0.740971,0.291022,0.134165,0.147986,0.184688,0.251475,0.864145,0.173575,0.145349,0.350937,0.119127,0.156985,0.182303,0.421299,0.168151,0.144142,0.0968834,0.340896,0.208457,0.2618,0.116684,0.156103,0.241935,0.174823,0.279983,0.262914,0.236129,0.442431,0.143563,0.131919,0.268293,0.168403,0.445215,0.467608,0.669849,0.335319,0.302757,0.415632,0.188158,0.127544,0.1875,0.12369,0.429318,0.234045,0.140798,0.313599
0.62015,0.357692,0.389454,0.470074,0.386001,0.446499,0.336069,0.180926,0.594535,0.371533,0.361217,0.0939619,0.34616,0.473101,0.447874,0.1864,0.299045,0.701347,0.49974,0.639589,0.560573,0.416915,0.119541,0.633053,0.970557,0.351419,0.125277,0.513166,0.619557,0.578968,0.522392,0.190827,0.110147,0.473356,0.453406,0.342554,0.279672,0.517766,0.322262,0.335417,0.586125,0.4912,0.388038,1,0.475155,0.446186,0.493051,0.632071,0.802493,0.801175,0.980186,0.636343,0.538111,0.799722,0.156411,0.794358,0.394045,0.890938,0.273632,0.577918,0.236471,0.45238,0.372479,0.376916,0.289124,0.288379,0.421323,0.405508,0.312763,0.274132,0.884232,0.49534,0.168926,0.381473,0.401183,0.506685,0.460163,0.0968443,0.431475,0.497828,0.239561,0.137982,0.217791,0.324441,0.0855266,0.316913,0.51633,0.0967961,0.374138,0.433452,0.78596,0.221742,0.358987,0.520377,0.429427,0.278145,0.649269,0.22099,0.473356,0.453406,0.4749,0.245153,0.501954,0.0909438,0.240312,0.595606,0.493514,0.411349,0.366094,0.287104,0.720758,0.416825,0.498047,0.19745,0.284116,0.550073,0.281848,0.217693,0.472861,0.451826,0.264993,0.104957,0.181987,0.136169,0.837942,0.78138,0.255644,0.221677,0.56476,0.363441,0.576492,0.270769,0.176024,0.271361,0.295669,0.0561396,0.437773,0.745819,0.517642,0.364946,0.229357,0.757963,0.462915,0.322763,0.295292,0.34608,0.268323,0,0.621381,0.213151,0.396037,0.522414,0.159208,0.755774,0.373704,0.0951053,0.223009,0.619944,0.421111,0.383535,0.0258652,0.697977,0.767149,0.133393,0.191321,0.0969424,0.243864,0.170554,0.370592,0.35757,0.244021,0.34177,0.322518,0.315046,0.380885,0.205747,0.382033,0.182353,0.198936,0.0236822,0.312709,0.00990553,0.282801,0.128083,0.0694056,0.0170731,0.749633,0.601658,0.53323,1,0.226697,0.502746,0.470716,0.399228,0.569324,0,0.273944,0.397571,0.271145,0,0.176572,0.208908,0.349185,0.185996,0.495194,0.659569,0.142554,0.279945,0.282172,0.153787,0.343181,0.359692,0.0610032,0.15391,0.243607,0.0732463,0.0884674,0.349272,0.332617,0.337151,0.549731,0.524331,0.0329776,0.197703,0.455417,0.525057,0.4996,0.193262,0.23135,0.345391,0.293259,0.184825,0.438003,0.509204,0.79745,0.317805,0.524331,0.0329776,0.298057,0.178406,0.810966,0.306111,0.337748,0.546705,0.667753,0.366677,0.105456,0.754075,0.121791,0.0832752,0,0.180017,0.274497,0.176685,0.195488,0.651018,0.0536298,0.565499,0.259299,0.0134065,0.373426,0.503674,0.291605,0.109638,0.00716122,0.333236,0.314241,0.309994,0.384366,0.153771,0.737466,0.56039,0.619144,0.332503,0.314269,0.906459,0.802857,0.898882,0.26948,0.374421,0.0916392,0.389858,0.375823,0.274497,0.176685,0.733247,0.373001,0.696883,0.0477875,0.069695,0.0992163,0.499264,0.774601,0.380758,0.212978,0.327741,0.488141,0.637032,0.407452,0.436934,0.329887,0.214774,0.254202,0.792741,0.328832,0.418703,0.311844,0.537739,0.215786,0.41065,0.196715,0.326819,0.14459,0.0799289,0.270505,0.221164,0.377294,0.302524,0.220601,0.139231,0.0220562,0.17654,0.279945,0.282172,0.343666,0.423093,0.306171,0.291701,0.140584,0.140547,0.675577,0.121344,0.088429,0.0512889,0.564793,0.14189,0.331967,0.304535,0.296782,0.55239,0.176696,0.525617,0.526879,0.363528,0.387279,0.163796,0.262934,0.319358,0.343086,0.2422,0.112828,0.156871,0.788394,0.105897,0.172644,0.25818,0.277059,0.40819,0.224789,0.820111,0.168052,0.376405,0.191382,0.207614,0.373456,0.470716,0.399228,0.145137,0.175745,0.217016,0.259022,0.129928,0.573148,0.267759,0.235305,0.0590827,0.430252,0.342504,0.281357,0.177569,0.427296,0.00480863,0.523834,0.367096,0.259581,0.445704,0.254202,0.792741,0.325783,0.611359,0.431813,0.201904,0.364548,0.156648,0.779386,0.110244,0.778929,0.615374,0.295408,0.17834,0.23451,0.393524,0.106421,0.426261,0.0684049,0.664447,0.114599,0.445022,0,0.14044,0,0.195665,0.594008,0.131249,0.392095,0.356141,0.226652,0.53388,0.170101,0.120167,0,0.341165,0.318958,0.655072,0.328162,0.348428,0.290201,0.513189,0.146431,0.287455,0.468925,0.197642,0.45296,0.0708614,0.137034,0.365702
0.629503,0.28398,0.477273,0.584817,0.621756,0.543322,0.281885,0.0788741,0.440934,0.243958,0.302876,0.0914251,0.343061,0.233135,0.498061,0.175738,0.289153,0.507772,0.507065,0.449536,0.188485,0.398617,0.100641,0.264763,0.391701,0.567595,0.290498,0.530357,0.431202,0.573442,0.45263,0.254357,0.173174,0.604425,0.429916,0.394117,0.231137,0.772394,0.383846,0.46213,0.377917,0.515006,0.30889,0.80072,0.402898,0.0987812,0.547622,0.602777,0.368654,0.57281,0.542406,0.491573,0.877241,0.816613,0.19261,0.758393,0.690015,0.777438,0.767404,0.714796,0.562992,0.206551,0.359851,0.310853,0.361956,0.112818,0.412809,0.561051,0.259339,0.443685,0.34112,0.371961,0.224303,0.356691,0.751779,0.329933,0.581564,0.159016,0.0538109,0.490089,0.428452,0.630519,0.173531,0.125844,0.109998,0.39542,0.260185,0.0580749,0.543403,0.547916,0.680185,0.152149,0.0770021,0.0869045,0.0680541,0.309342,0.645968,0.401583,0.604425,0.429916,0.534622,0.101596,0.545629,0.128671,0.205004,0.387691,0.334349,0.227715,0.38677,0.363323,0.554706,0.39354,0.306001,0.477143,0.2467,0.283481,0.818778,0.414311,0.168342,0.339438,0.449419,0.239575,0.0652518,0.399929,0.13415,0.640648,0.250729,0.0449799,0.293137,0.151372,0.237767,0.458337,0.295213,0.103584,0.276661,0.177038,0.629682,0.285844,0.0987449,0.245493,0.33474,0.52345,0.615974,0.37087,0.364089,0.438221,0.766906,0.425202,0.106199,0.169536,0.608152,0.354958,0.0345432,0.444952,0.349066,0.127792,0.594597,0.35635,0.57956,0.16623,0.255534,0.487219,0.317993,0.197661,0.420372,0.0939451,0.511473,0.292165,0.676656,0.18276,0.0427772,0.571244,0.0631872,0.0599337,0.694594,0.807599,0.362749,0.14752,0.390848,0.195698,0.580914,0.276565,0.0250469,0.376451,0.300113,0.496622,0.35685,0.331274,0.382461,0.430095,0.291833,0.646858,0.42165,0.835449,0.247947,0.335773,0.526681,0.540087,0.191502,0.109017,0.234906,0.146044,0.206061,0.256249,0.805303,0.708556,0.218529,0.122178,0.172574,0.344306,0.66574,0.371981,0.210163,0.282249,0.125561,0.18722,0.447005,0.193206,0.164983,0.427221,0.408253,0.497242,0.139783,0.649337,0.514963,0.331648,0.253773,0.0603339,0.290916,0.234491,0.13941,0.183058,0.378182,0.52446,0.248928,0.38711,0.497242,0.139783,0.29123,0.517581,0.732103,0.262794,0.442604,0.399673,0.529559,0.555134,0.279785,0.678014,0.267819,0.552254,0.284998,0.0862139,0.171165,0.559845,0.259175,0.537058,0.212763,0.543675,0.208296,0.126863,0.27051,0.438613,0.295287,0.0993131,0.215948,0.0988149,0.283262,0.246198,0.25972,0.114603,0.401273,0.212467,0.265169,0.364169,0.171168,0.771686,0.0637805,0.812671,0.314147,0.151828,0.141301,0.274201,0.192181,0.171165,0.559845,0.71992,0.225569,0.249935,0.0635393,0.369073,0.0670992,0.592086,0.593354,0.129075,0.224709,0.116521,0.467389,0.366701,0.338182,0.141258,0.284543,0.18519,0.330164,0.331083,0.0993822,0.69531,0.242829,0.253922,0.143618,0.41814,0.197755,0.5333,0.11927,0.247825,0.166493,0.208502,0.3083,0.150697,0.251633,0.326202,0.560577,0.113889,0.122178,0.172574,0.305455,0.341365,0.0752497,0.448899,0.0757472,0.382665,0.12144,0.0969684,0.113004,0.140335,0.222276,0.0937604,0.183205,0.290244,0.132688,0.414698,0.208012,0.577704,0.444865,0.186008,0.523501,0.291573,0.380463,0.227476,0.134777,0.199565,0.33192,0.178538,0.561208,0.410667,0.337695,0.213456,0.153559,0.23104,0.164865,0.548352,0.206087,0.0578278,0.0742914,0.0724752,0.208351,0.42165,0.835449,0.144078,0.118884,0.175661,0.223344,0.13123,0.294187,0.358005,0.8129,0.04084,0.284701,0.160486,0.351114,0.22818,0.301016,0.0898025,0.405233,0.235431,0.225705,0.203192,0.330164,0.331083,0.145817,0.208996,0.287924,0.353128,0.256252,0.232322,0.335388,0.248372,0.897438,0.661124,0.194633,0.275221,0.235234,0.156858,0.198835,0.164905,0.0958321,0.721636,0.0518027,0.280266,0.132094,0.276244,0.204022,0.145867,0.306679,0.103051,0.271892,0.174746,0.229506,0.498361,0.128215,0.109899,0.492779,0.181748,0.241365,0.329273,0.280064,0.30439,0.293073,0.794704,0.21286,0.125828,0.259176,0.207304,0.499222,0.144198,0.154836,0.100066
0.497622,0.350482,0.412974,0.62505,0.546905,0.314445,0.167326,0.0392941,0.228946,0.134499,0.0858853,0.223957,0.308421,0.286115,0.309154,0.244354,0.1849,0.980468,0.708113,0.62701,0.564257,0.451354,0.318813,0.99151,0.0878519,0.304932,0.528164,0.0361409,0.0775082,0,0,0.240364,0.173253,0.570162,0,0.339516,0.228275,1,0.431014,0.413251,0.153856,0.524025,0.337937,0.859383,0.903874,0.345328,0.435115,0.598207,0.601365,0.784973,0.60963,0.467943,0.157216,0.78681,0.105952,0.557748,0.676594,0.812302,0.34123,0,0.159488,0.253218,0.375933,0.275883,0.347636,0.353388,0.335156,0.501132,0.329033,0.513864,0.904067,0.515306,0.15021,0.389178,0.774872,0.520862,0.474204,0.0907543,0.2562,0.711468,0.261306,0.369965,0.265901,0.282093,0.206468,0.479078,0.0524506,0.0917668,0.85693,0.258922,0.516476,0.160008,0.310724,0.245493,0.354025,0.324975,0.391108,0.13663,0.570162,0,0.433538,0.122111,0.291864,0.0839795,0.251012,0.581737,0.077747,0.215432,0.50608,0.292762,0.473261,0.372693,0.364315,0.514088,0.142601,0.424542,0.74222,0.541536,0.146608,0.56388,0.108977,0.452027,0.160731,0.355577,0.220376,0.664783,0.095181,0.121555,0.600805,0.11297,0.0821766,0.897826,0.367051,0,0.616217,0.598516,0.364288,0.361472,0.472254,0.152279,0.498808,0.815254,0.580846,0.391017,0.0174803,0.27758,0.288268,0.639766,0.22114,0.258543,0.136394,0.599723,0.0835208,0.582672,0.432261,0.452517,0.762689,0.526645,0.688676,0,0.411366,0.342082,0.0291729,0.515594,0.474765,0.0897264,0.569242,0.224466,0.287406,0.314075,0.213982,0.6293,0.254456,0.189148,0.0213134,0.610841,0.245986,0.281979,0.539207,0.571097,0.0989322,0.479435,0.0859996,0.504373,0.644921,0.401459,0.169186,0.473898,0.162101,0.500243,0.479633,0.671812,0.290339,0.605553,0.088236,0.482742,0.434934,0.256275,0.177957,0.290281,0.469653,0.118192,0.188321,0.310792,0.244768,0.344951,0.303141,0.112585,0.192548,0.762007,1,0.371111,0.620387,0.65422,0.160715,0.438723,0.618308,0.138944,0.516017,0.250127,0.216,0.697271,0.15201,0.411939,0.498049,0.134697,0.256236,0.174069,0.409155,0.304623,0.220638,0.301175,0.379662,0.776422,0.536433,0.211187,0.697271,0.15201,0.157333,0.509071,0.824087,0.467134,0.553068,0.379722,0.602791,0.61743,0.41523,0.611342,0.401543,0.487754,0.452657,0.0837412,0.147169,0.391083,0.46858,0.662845,0.646004,0.56674,0.347988,0.449882,0.202231,0.466695,0.23082,0.399789,0.620567,0.172864,0.28965,0.0860804,0.217801,0.0928852,0.759206,0.293893,0.368817,0.26363,0.398799,0.82593,0.458428,0.788676,0.381943,0.219794,0.173283,0.141225,0.157264,0.147169,0.391083,0.721272,0.218421,0.0165733,0.169035,0.432692,0.137171,0.644693,0.751918,0.300117,0.210532,0.394681,0.508153,0.620775,0.150324,0.127452,0.217893,0.566708,0.212768,0.450422,0.039767,0.581015,0.238379,0.13157,0.09008,0.162978,0.256404,0.718613,0.356941,0.3834,0.410505,0.208031,0.0671079,0.0758643,0.231174,0.505676,0.567503,0.414386,0.112585,0.192548,0.216641,0.408831,0.0190544,0.930847,0.096457,0.353942,0.0434119,0.118573,0.85906,0.148477,0.20491,0.0408534,0.0800822,0.438229,0.264363,0.650957,0.83594,0.630109,0.45908,0.232211,0.426814,0.443161,0.272213,0.136699,0.26891,0.150476,0.595185,0.0862046,0.240967,0.427044,0.102261,0.200949,0.163329,0.331222,0.203559,0.185072,0.173317,0.145209,0.0422424,0.0926566,0.1406,0.290339,0.605553,0.164382,0.0892359,0.10943,0.0942627,0.0557379,0.312541,0.378641,0.424964,0.0489398,0.291988,0.250127,0.335553,0.121809,0.367063,0.0464654,0.614492,0.17419,0.160257,0.0465619,0.212768,0.450422,0.301104,0.362866,0.441093,0.271831,0.13669,0.460499,0.038298,0.327622,0.819818,0.73835,0.213386,0.347751,0.226347,0.157395,0.391017,0.266123,0.116648,0.78515,0.0613705,0.331799,0.285785,0.451813,0.197107,0.159734,0.0666942,0.129514,0.656187,0.149516,0.425172,0.557023,0.145786,0.12266,0.214058,0.0854148,0.599753,0.883841,0.512036,0.313481,0.147756,0.649747,0.428349,0.125767,0.261838,0.207796,0.541947,0.22551,0.141432,0.0824722
0.636594,0.361871,0.45073,0.427498,0.572209,0.779526,0.516491,0.0862409,0.781242,0.364707,0.402195,0.227198,0.511156,0.647915,0.279843,0.307781,0.164757,0.486311,0.412772,0.246398,0.252177,0.560562,0.327081,0.412633,0.243822,0.292728,0.490951,0.588106,0.764702,0.747429,0.799901,0.479083,0.346218,0.385277,0.492236,0.288836,0.180114,0.0847308,0.351695,0.406351,0.460427,0.551239,0.451075,0.621969,0.240369,0.260664,0.480669,0.422829,0.545985,0.579923,0.315637,0.586367,0.459945,0.619906,0.225657,0.656469,0.38218,0.757854,0.527666,0.606172,0.581755,0.375255,0.46941,0.359948,0.402614,0.268159,0.50278,0.419017,0.340301,0.669034,0.657298,0.434857,0.0883464,0.585075,0.621967,0.567769,0.567134,0.0490001,0.333866,0.368696,0.214741,0.306152,0.287799,0.40293,0.244016,0.278515,0.399482,0.11124,0.475838,0.281459,0.586929,0.113134,0.213027,0.314256,0.566485,0.504377,0.852857,0.364521,0.385277,0.492236,0.610801,0.396258,0.0975784,0.210935,0.293225,0.707349,0.511147,0.157748,0.510686,0.52586,0.183014,0.458229,0.638718,0.360442,0.138822,0.417195,0.621324,0.369324,0.156428,0.546407,0.393686,0.181739,0.296345,0.555745,0.147921,0.689622,0.147318,0.108465,0.626935,0.131711,0.336369,0.268738,0.119373,0.124652,0.136385,0.174222,0.420303,0.161561,0.189203,0.154084,0.402922,0.525294,0.569467,0.586636,0.719715,0.380177,0.486077,0.462983,0.489338,0.0469647,0.435689,0.262135,0.0941768,0.645184,0.527775,0.142204,0.594483,0.405062,0.403368,0.213696,0.344135,0.76872,0.304486,0.159125,0.328309,0.120025,0.461462,0.311426,0.420975,0.0877099,0.087324,0.299833,0.120852,0.117769,0.340969,0.569098,0.304099,0.106013,0.38948,0.205368,0.492186,0.302412,0.149031,0.238917,0.325749,0.340988,0.145604,0.559442,0.466375,0.34741,0.248641,0.415915,0.306596,0.587529,0.312735,0.22592,0.388942,0.422393,0.17269,0.180971,0.0745755,0.138984,0.0800275,0.0777649,0.329671,0.588548,0.163612,0.18225,0.200968,0.392166,0.517732,0.530185,0.22092,0.457515,0.211329,0.225928,0.371621,0.0957103,0.229145,0.395714,0.170473,0.605257,0.235715,0.333893,0.352104,0.328968,0.305162,0.0770835,0.405679,0.190866,0.171735,0,0.365669,0.37396,0.436817,0.328184,0.605257,0.235715,0.109451,0.334049,0.871548,0.297423,0.365358,0.210718,0.601739,0.547225,0.257156,0.854646,0.154685,0.429887,0.159064,0.0449297,0.194256,0.310591,0.385995,0.518451,0.241271,0.539496,0.0696351,0.312367,0.123474,0.378183,0.246479,0.133529,0.263677,0.192095,0.3014,0.0777694,0.196798,0.0380324,0.78124,0.212824,0.302448,0.383174,0.0368145,0.870151,0.609208,0.875792,0.204919,0.138038,0.0635497,0.149307,0.0895241,0.194256,0.310591,0.68352,0.101131,0.260028,0.21048,0.495089,0.180825,0.648545,0.599708,0.168132,0.124855,0.0961099,0.418226,0.584456,0.261506,0.14051,0.133098,0.506108,0.412068,0.325073,0.0685364,0.518936,0.146125,0.197561,0.133606,0.363562,0.196302,0.647614,0.189546,0.23353,0.273691,0.0798368,0.211977,0.0383616,0.249695,0.343103,0.680983,0,0.18225,0.200968,0.111156,0.510115,0.123532,0.444847,0.0599903,0.147621,0.0705134,0.670692,0.105076,0.141849,0.108994,0.0503949,0.258391,0.120375,0.155171,0.437341,0.285478,0.693372,0.296415,0.223269,0.332607,0.277248,0.269278,0.078788,0.156999,0.154531,0.448773,0.191947,0.387446,0.340569,0.0156079,0.101151,0.155652,0.273864,0.131497,0.188581,0.0405236,0.00912583,0.0501108,0.0867068,0.128845,0.306596,0.587529,0.133064,0.106069,0.0990921,0.169444,0.07138,0.265338,0.305864,0.369467,0.0412433,0.091124,0.137625,0.121379,0.180643,0.170437,0.0302518,0.391403,0.150114,0.079408,0.127903,0.412068,0.325073,0.126584,0.123588,0.338993,0.202244,0.091954,0.0712652,0.258803,0.161774,0.839762,0.495179,0.147331,0.202804,0.700952,0.0798398,0.137552,0.175162,0.0440843,0.649613,0.181539,0.200303,0.128419,0.308129,0.0909528,0.187452,0.209385,0.077032,0.252522,0.219782,0.193712,0.402679,0.0420797,0.0174534,0.159667,0.152168,0.074273,0.601078,0.261113,0.494035,0.247452,0.696342,0.146452,0.0546112,0.194013,0.211566,0.464211,0.155722,0.120267,0.233902
0.761425,0.539788,0.587507,0.365935,0.616114,0.615045,0.43149,0.131354,0.861166,0.176082,0.214012,0.218375,0.440749,0.175645,0.216294,0.343108,0.17527,0.277442,0.517432,0.101649,0.565909,0.338362,0.0382461,0.43933,0.770176,0.663022,0.35888,0.432962,0.837644,0.877701,0.6801,0.806826,0.697265,0.461917,0.807308,0.562633,0.325572,0.290173,0.482336,0.373903,0.768153,0.57266,0.400669,0.349136,0.431203,0.26466,0.432905,0.456002,0.528852,0.721071,0.539801,0.423681,0.449047,0.833063,0.204854,0.65073,0.450021,0.789377,0.60302,0.616698,0.473724,0.132153,0.238547,0.267389,0.448388,0.193275,0.376838,0.66064,0.30828,0.336334,0.559254,0.467188,0.0955016,0.491904,0.312921,0.596667,0.528876,0.0248212,0.150219,0.511403,0.75916,0.185962,0.266126,0.710018,0.284735,0.141913,0.492669,0.273592,0.405443,0.53803,0.47577,0.127613,0.284912,0.318072,0.361929,0.208836,0.523,0.692637,0.461917,0.807308,0.504563,0.162486,0.353946,0.543936,0.015323,0.555866,0.594544,0.0489747,0.427975,0.271009,0.686371,0.43433,0.785637,0.336419,0.236208,0.462311,0.379816,0.131443,0.166854,0.464059,0.558638,0.286711,0.195105,0.719675,0.106313,0.553868,0.0853453,0.130021,0.43798,0.301742,0.367099,0.382148,0.0708277,0.368288,0.246941,0.1663,0.562215,0.410346,0.440176,0.283449,0.156184,0.774796,0.663158,0.827957,0.150964,0.261565,0.623448,0.37194,0.416374,0.217798,0.357024,0.486123,0.142367,0.432709,0.202942,0.0763361,0.359255,0.098679,0.213211,0.394177,0.297053,0.558989,0.639991,0.18494,0.42156,0.19447,0.432852,0.246948,0.319948,0.217617,0.0656321,0.287311,0.0302245,0.107803,0.536337,0.250066,0.30336,0.134192,0.21388,0.0477993,0.647259,0.145807,0.237811,0.161505,0.0383294,0.190497,0.196007,0.647682,0.649197,0.471101,0.144104,0.393285,0.449491,0.612564,0.685395,0.0790346,0.267647,0.296071,0.25684,0.114672,0.27372,0.155887,0.194715,0.02192,0.307522,0.700704,0.197491,0.184348,0.0755241,0.190287,0.544845,0.624461,0.203261,0.341002,0.0720064,0.19501,0.230817,0.39154,0.107759,0.297811,0.474139,0.462479,0.211856,0.320325,0.390679,0.308722,0.348569,0.139534,0.487508,0.216358,0.421649,0.135909,0.306672,0.346873,0.629852,0.233118,0.462479,0.211856,0.266384,0.251708,0.868756,0.256867,0.359153,0.460928,0.901817,0.554148,0.16978,0.899741,0,0.240596,0.0434036,0.158548,0.18157,0.289765,0.216781,0.612042,0.313418,0.54935,0.146351,0.113395,0.180974,0.467018,0.284815,0.0621333,0.177034,0.288504,0.119902,0.113509,0.296109,0.070813,0.681161,0.520833,0.324604,0.36169,0.187358,0.676474,0.403824,0.867283,0.103819,0.0623773,0.0362217,0.254545,0.310676,0.18157,0.289765,0.894408,0.646881,0.202232,0.423521,0.38413,0.0621339,0.771892,0.76439,0.240475,0.170482,0.17887,0.470298,0.570195,0.336567,0.200046,0.252473,0.156521,0.199923,0.323809,0.127661,0.461026,0.206964,0.454931,0.195051,0.13895,0.371252,0.501165,0.0610755,0.113143,0.348687,0.239469,0.521865,0.109054,0.060122,0.226186,0.477721,0.257979,0.184348,0.0755241,0.0789893,0.194699,0.124835,0.327235,0.0789948,0.429154,0.0643172,0.35854,0.146233,0.145588,0.247935,0.124162,0.305922,0.279792,0.10544,0.294604,0.0759151,0.63768,0.675223,0.247971,0.391391,0.188255,0.695586,0.177077,0.422233,0.118783,0.067209,0.290613,0.864726,0.58519,0.320458,0.364033,0.110445,0.205413,0.25349,0.611367,0.0442135,0.259747,0.238359,0.131236,0.122309,0.449491,0.612564,0.203489,0.243379,0.192101,0.193315,0.316354,0.804818,0.372502,0.282253,0.0310745,0.229695,0.529372,0.273361,0.296165,0.443608,0.0456044,0.411189,0.14241,0.312924,0.309083,0.199923,0.323809,0.274627,0.220436,0.477784,0.330698,0.403718,0.167312,0.494631,0.096215,0.800406,0.522494,0.164151,0.0752651,0.569399,0.152101,0.0716697,0.529416,0.0169026,0.650732,0.297776,0.106192,0.211831,0.185943,0.244798,0.150322,0.262165,0.104095,0.134656,0.0729167,0.138546,0.421252,0.260675,0.38622,0.308669,0.372919,0.549952,0.274394,0.25829,0.0358208,0.0851699,0.658623,0.114101,0.261666,0.219206,0.100275,0.388528,0.0421414,0.312031,0.278197
0.822595,0.353016,0.347601,0.380568,0.4618,0.516809,0.371877,0.105467,0.818421,0.416186,0.423079,0.162914,0.381277,0.297734,0.260201,0.390229,0.0606336,0.347989,0.57905,0.0348546,0.396451,0.756135,0.183881,0.29919,0.396516,0.343627,0.456599,0.616392,0.84747,0.832279,0.770917,0.64322,0.523725,0.406023,0.695958,0.312251,0.262141,0.237796,0.286628,0.335203,0.573473,0.425365,0.361313,0.235499,0.215469,0.209705,0.40368,0.426899,0.777349,0.824627,0.37593,0.60813,0.252306,0.70387,0.314079,0.70658,0.488619,0.793316,0.557374,0.823968,0.820672,0.472123,0.522234,0.387024,0.616274,0.213169,0.170847,0.42945,0.242704,0.389203,0.717972,0.705805,0.0993306,0.53474,0.472705,0.528941,0.549028,0.0781114,0.317969,0.375385,0.483239,0.360078,0.323859,0.385033,0.353425,0.145996,0.474908,0.0925837,0.52097,0.264735,0.673744,0.0997816,0.0709031,0.527168,0.407116,0.31348,0.697927,0.4809,0.406023,0.695958,0.467694,0.239756,0.145219,0.408355,0.26974,0.676103,0.499369,0.187733,0.560606,0.575519,0.185839,0.406356,0.652615,0.367852,0.113566,0.3611,0.50978,0.222858,0.17807,0.356205,0.485207,0.213587,0.00664959,0.270802,0.107822,0.6704,0.204367,0.100242,0.352139,0.131667,0.223829,0.329918,0.0998887,0.276242,0.0877335,0.160457,0.453171,0.244196,0.371005,0.197186,0.201673,0.610964,0.500062,0.194835,0.438081,0.405911,0.305296,0.450759,0.433708,0.087387,0.525136,0.332273,0.0146784,0.617379,0.496561,0.00944998,0.503765,0.444003,0.375413,0.265475,0.200146,0.724702,0.506733,0.0801687,0.135366,0.0256982,0.395127,0.383857,0.465164,0.146328,0.0143111,0.285732,0.0313199,0.149895,0.429121,0.38753,0.377714,0.185863,0.354384,0.190017,0.50208,0.241113,0.269586,0.218546,0.16914,0.196883,0.119137,0.562588,0.624522,0.350986,0.182209,0.532137,0.309627,0.598557,0.347418,0.161641,0.37943,0.429638,0.126118,0.210886,0.0581489,0.201786,0.0691196,0.0663754,0.272941,0.620751,0.264069,0.18097,0.20475,0.33165,0.648744,0.396915,0.235481,0.511971,0.124545,0.159467,0.243441,0.168938,0.230542,0.397926,0.250962,0.502396,0.436323,0.236288,0.348654,0.364615,0.284992,0.0870306,0.427233,0.246652,0.315984,0.200306,0.428712,0.493535,0.274353,0.371279,0.502396,0.436323,0.177625,0.313602,1,0.325263,0.418119,0.64814,0.707607,0.355212,0.177185,0.913274,0.238113,0.275375,0.167968,0.130732,0.257103,0.30839,0.17956,0.614119,0.267974,0.54604,0.190852,0.392609,0.185911,0.375229,0.235467,0.135642,0.365567,0.178839,0.290762,0.0848769,0.091671,0.131263,0.717631,0.146738,0.0910291,0.483996,0.129797,0.867496,0.610267,0.909963,0.264542,0.104417,0.0896133,0.192223,0.145858,0.257103,0.30839,0.804507,0.419353,0.211181,0.240302,0.440306,0.0667466,0.753201,0.680964,0.222246,0.136655,0.180475,0.446481,0.575058,0.301955,0.156505,0.15237,0.487381,0.487221,0.293061,0.29886,0.395504,0.179147,0.263525,0.0869472,0.247545,0.159979,0.540386,0.130844,0.172014,0.215024,0.198009,0.388086,0.0993033,0.236925,0.174513,0.569829,0.180406,0.18097,0.20475,0.185212,0.40905,0.227505,0.578017,0.080385,0.227661,0.160991,0.632683,0.157373,0.14149,0.12908,0.0610711,0.318691,0.328261,0.246279,0.479925,0.288168,0.711444,0.611124,0.129856,0.154986,0.163272,0.28538,0.130606,0.141955,0.23649,0.342716,0.203604,0.576913,0.247341,0.114792,0.190108,0.117396,0.293536,0.0673438,0.349239,0.111222,0.148564,0.0569172,0.122077,0.098468,0.309627,0.598557,0.063795,0.124837,0.11983,0.114502,0.0977442,0.609161,0.268136,0.254515,0.0582003,0.195978,0.154281,0.144757,0.178848,0.390886,0.010638,0.287401,0.152814,0.161783,0.128232,0.487221,0.293061,0.256389,0.201995,0.374568,0.27681,0.199193,0.0811947,0.487729,0.149541,0.951622,0.415386,0.0662522,0.219688,0.196482,0.186536,0.117001,0.277177,0.0381414,0.463809,0.0904676,0.275072,0.23913,0.255736,0.101956,0.0904558,0.084343,0.129755,0.255014,0.224065,0.199774,0.217131,0.102798,0.119797,0.208895,0.175216,0.394759,0.339783,0.318096,0.377031,0.150833,0.554203,0.159778,0.121597,0.0643018,0.134386,0.532826,0.154415,0.138865,0.112859
0.693993,0.552049,0.383188,0.304968,0.440313,0.620106,0.625523,0.0891487,0.548883,0.447939,0.508175,0.539508,0.341819,0.590971,0.435539,0.690281,0.232085,0.4526,0.376661,0.0535899,0.3352,0.460271,0.270722,0.213892,0.332067,0.28044,0.394446,0.327119,0.457806,0.719636,0.447995,0.294094,0.179198,0.116383,0.391638,0.422712,0.330958,0.317938,0.368992,0.401133,0.455272,0.490017,0.464288,0.645461,0.316221,0.450835,0.455578,0.634676,0.394258,0.535927,0.451537,0.627066,0.771362,0.699506,0.255274,0.652886,0.367892,0.809259,0.555305,0.592257,0.663427,0.319648,0.540619,0.420186,0.641087,0.416678,0.539948,0.310678,0.242407,0.441006,0.487605,0.408895,0.116902,0.651383,0.438989,0.467088,0.616929,0.165454,0.183962,0.440926,0.317251,0.379223,0.430831,0.19679,0.367522,0.307501,0.453987,0.0695796,0.388748,0.328715,0.401983,0.101823,0.157069,0.128513,0.518775,0.551235,0.755102,0.205872,0.116383,0.391638,0.476842,0.351579,0.520826,0.128111,0.282085,0.580348,0.450353,0.196344,0.630755,0.372407,0.42008,0.61347,0.609601,0.524725,0.180459,0.291074,0.47878,0.267113,0.211268,0.420027,0.492202,0.177315,0.621753,0.893021,0.320739,0.674781,0.255595,0.0822157,0.353317,0.228912,0.266898,0.292135,0.131435,0.16624,0.220037,0.390739,0.4398,0.299433,0.538463,0.094654,0.354231,0.690195,0.579309,0.351474,0.60886,0.191324,0.649589,0.392965,0.367399,0.0919446,0.343657,0.415358,0.0270786,0.395335,0.4936,0.147365,0.469041,0.375343,0.614868,0.191241,0.552918,0.35859,0.312068,0.148252,0.708338,0.0527468,0.499052,0.263795,0.601076,0.119448,0.0874952,0.349386,0.022936,0.115796,0.462009,0.381421,0.216604,0.0944968,0.401484,0.0667072,0.668632,0.369904,0.197874,0.271043,0.382829,0.369748,0.168061,0.536845,0.571212,0.41375,0.274183,1,0.370051,0.567306,0.194214,0.201991,0.451433,0.305254,0.0656638,0.373003,0.160864,0.135351,0.332262,0.153464,0.584358,0.595689,0.4132,0.144543,0.237135,0.400631,0.516737,0.462655,0.250718,0.331563,0.167599,0.334101,0.281214,0.0996629,0.174961,0.359881,0.100474,0.557873,0.113272,0.548293,0.372517,0.265378,0.320724,0.119295,0.425761,0.304996,0.0903481,0.223931,0.311649,0.59493,0.641152,0.189498,0.557873,0.113272,0.163751,0.315904,0.88748,0.394962,0.435686,0.298266,0.550178,0.295537,0.684606,0.800436,0.443252,0.391258,0.350157,0.0689399,0.199847,0.290654,0.500756,0.528797,0.201192,0.535052,0.210384,0.367631,0.16782,0.308907,0.219007,0.134411,0.292282,0.0991773,0.243656,0.198714,0.0678685,0.0867593,0.604943,0.246239,0.040456,0.309762,0.108693,0.746572,0.7818,0.774342,0.256446,0.0995538,0.186165,0.167021,0.0833234,0.199847,0.290654,0.796616,0.408111,0.252504,0.020782,0.377718,0.164594,0.652261,0.779952,0.258353,0.161722,0.177499,0.623048,0.284065,0.0589093,0.109371,0.11946,0.163107,0.425169,0.301935,0.0208075,0.434871,0.162788,0.103895,0.0280738,0.265629,0.0564813,0.575681,0.113606,0.309357,0.113543,0.122912,0.274346,0.0618843,0.194171,0.530276,0.581236,0.122782,0.144543,0.237135,0.1894,0.298169,0.0545034,0.454298,0.0561115,0.284048,0.150382,0.101953,0.15692,0.152238,0.133854,0.0725622,0.176714,0.34415,0.0800574,0.466916,0.441966,0.611942,0.445135,0.276524,0.545948,0.318997,0.202952,0.0180263,0.0402905,0.35494,0.40972,0.0782839,0.454342,0.809395,0.267804,0.107289,0.263405,0.275444,0.126636,0.321392,0.168261,0.0143375,0.0588146,0.0764804,0.0867811,0.370051,0.567306,0.233411,0.0215107,0.0969518,0.0871236,0.111531,0.72901,0.267605,0.36276,0.0302776,0.0953005,0.0383006,0.165135,0.298395,0.399444,0.0788484,0.386686,0.157352,0.0917415,0.0729079,0.425169,0.301935,0.222959,0.243058,0.419622,1,0.0885333,0.116537,0.180052,0.420299,0.830315,0.585383,0.235182,0.26528,0.299315,0.113724,0.191988,0.28325,0.132013,0.587491,0.104657,0.238773,0.0888939,0.281367,0.103345,0.0995283,0.302714,0.322593,0.233633,0.140019,0.273639,0.557015,0.0851118,0.0357229,0.307425,0.079119,0.281291,0.140964,0.433001,0.480029,0.317872,1,0.169092,0.0164165,0.1113,0.101287,0.684802,0.286148,0.118443,0.0193252
0.557263,0.483776,0.427375,0.220124,0.5744,0.820896,0.492491,0.0322749,0.525637,0.379316,0.457188,0.24638,0.485597,0.65945,0.60698,0.551011,0.331553,0.461535,0.432821,0.348392,0.282398,0.547316,0.112538,0.280135,0.419939,0.362362,0.451665,0.562904,0.660154,0.633171,0.571776,0.188232,0.137628,0.330532,0.445758,0.457265,0.481252,0.510107,0.373332,0.429965,0.144282,0.496242,0.569783,0.701766,0.383976,0.326076,0.65764,0.55848,0.335107,0.461154,0.225204,0.49992,0.607415,0.634882,0.175738,0.603721,0.452584,0.730682,0.703682,0.627091,0.63091,0.394008,0.367317,0.291802,0.597051,0.510444,0.693116,0.463742,0.453281,0.596739,0.493059,0.47402,0.168041,0.733089,0.360568,0.511383,0.595544,0.524617,0.254055,0.573562,0.372971,0.236653,0.350245,0.133761,0.377682,0.279302,0.482988,0.165905,0.349692,0.540928,0.489471,0.199714,0.234349,0.321747,0.529598,0.524277,0.781792,0.218608,0.330532,0.445758,0.580527,0.58951,0.475626,0.119996,0.294538,0.649067,0.377367,0.224188,0.506779,0.419121,0.591313,0.501378,0.582935,0.265268,0.150618,0.66661,0.377638,0.187766,0.221873,0.400539,0.561513,0.0441947,0.158776,0.378813,0.180356,0.652703,0.20745,0.113882,0.725516,0.211697,0.278428,0.25846,0.0891715,0.330649,0.265414,0.150914,0.613323,0.286333,0.351979,0.212855,0.284751,0.642921,0.561939,0.795801,0.542953,0.330963,0.853864,0.358159,0.317484,0.104083,0.420477,0.475644,0.0821085,0.384247,0.527318,0.0954472,0.393412,0.433036,0.351125,0.288204,0.298728,0.586648,0.357102,0.104729,0.238429,0.0957934,0.391575,0.318893,0.65123,0.131332,0.194785,0.213585,0.0488531,0.136199,0.670362,0.409687,0.212813,0.12598,0.353774,0.0911303,0.699281,0.218538,0.176683,0.175464,0.222612,0.106529,0.227371,0.766433,0.382575,0.418697,0.286712,0.410026,0.546667,0.529083,0.341474,0.180236,0.320543,0.406208,0.0958412,0.137451,0.119948,0.0692908,0.163243,0.229262,0.509023,0.759784,0.210119,0.224734,0.214649,0.317556,0.496942,0.793827,0.180091,0.44099,0.265305,0.158869,0.296711,0.0835305,0.155889,0.414408,0.323852,0.513867,0.337939,0.201603,0.418596,0.302367,0.402407,0.103116,0.512875,0.333105,0.281883,0.184212,0.294773,0.544708,0.386141,0.274169,0.513867,0.337939,0.208818,0.203511,0.855505,0.247854,0.445802,0.427953,0.647467,0.29128,0.218709,0.774677,0.200803,0.418684,0.441127,0.0951195,0.172121,0.23958,0.334934,0.52279,0.268031,0.539547,0.160264,0.321577,0.151581,0.418517,0.213291,0.139998,0.265922,0.144339,0.332318,0.210662,0.22747,0.105581,0.476747,0.0906702,0.169669,0.375592,0.164796,0.787187,0.689764,0.801558,0.183611,0.118885,0.104301,0.200474,0.144641,0.172121,0.23958,0.725307,0.476115,0.184961,0.169788,0.482863,0.0695346,0.725085,0.69544,0.206612,0.15505,0.284462,0.448314,0.565396,0.250336,0.17808,0.164743,0.219772,0.368321,0.388879,0.0455436,0.496216,0.190269,0.154044,0.0651635,0.553744,0.0373084,0.511605,0.162768,0.177987,0.183098,0.138656,0.279598,0.151365,0.203324,0.245276,0.592325,0.197573,0.224734,0.214649,0.213293,0.440602,0.0741174,0.445349,0.0924762,0.311418,0.172433,0.0873309,0.217682,0.157362,0.245833,0.0719481,0.185499,0.373445,0.0985757,0.777059,0.274529,0.636643,0.572685,0.426912,0.330243,0.356905,0.369023,0.230161,0.0224781,0.276505,0.317515,0.195803,0.535286,0.416348,0.109522,0.0765394,0.161715,0.201666,0.140468,0.238156,0.48612,0.118187,0.0612021,0.0602574,0.157031,0.546667,0.529083,0.168434,0.0262898,0.085032,0.0827041,0.104366,0.184096,0.193226,0.178192,0.0344602,0.168607,0.0207081,0.157785,0.23933,0.158652,0.041971,0.572307,0.147067,0.168905,0.0647047,0.368321,0.388879,0.259221,0.269822,0.565411,0.266883,0.134877,0.0987993,0.20776,0.228231,0.823338,0.630731,0.112972,0.279753,0.547096,0.156224,0.116668,0.225883,0.0638695,0.698777,0.0594435,0.0948422,0.147275,0.143966,0.0687915,0.118284,0.468372,0.14065,0.284863,0.204372,0.327467,0.355465,0.112631,0.0599413,0.179606,0.185506,0.335603,0.243666,0.49026,0.461862,0.197159,0.903155,0.176669,0.0523967,0.195686,0.0932382,0.313787,0.163861,0.00522982,0.12794
0.698332,0.464286,0.408184,0.250462,0.249296,0.334452,0.548355,0.0847105,0.746345,0.559016,0.596869,0.423457,0.362877,0.586528,0.509249,0.386486,0.163627,0.498741,0.441369,0.552835,0.654145,0.378225,0.147408,0.512462,0.186124,0.0553102,0.610358,0.432416,0.502821,0.415909,0.53941,0.469717,0.368041,0.498933,0.487593,0.297755,0.249301,0.336906,0.314526,0.312859,0.546813,0.522009,0.454042,0.695658,0.308851,0.568512,0.33676,0.57017,0.646994,0.591749,0.474041,0.573071,0.818875,0.596838,0.22868,0.600735,0.28659,0.761472,0.555379,0.774081,0.764201,0.736957,0.620198,0.531585,0.462695,0.281449,0.419392,0.232243,0.410588,0.453049,0.833034,0.557221,0.126979,0.575634,0.276842,0.662157,0.496291,0.156586,0.289971,0.420938,0.261991,0.088914,0.289456,0.357266,0.500324,0.305307,0.584224,0.14697,0.430985,0.466572,0.606202,0.0991566,0.263071,0.697512,0.669414,0.662274,0.902697,0.05307,0.498933,0.487593,0.505466,0.475248,0.540096,0.264207,0.568858,0.97837,0.682403,0.275052,0.481952,0.681956,0.132223,0.487314,0.661166,0.267643,0.0781635,0.367993,0.340475,0.233194,0.125866,0.336363,0.495476,0.0524445,0.701941,0.298047,0.457558,0.790449,0.209556,0.0614964,0.484692,0.0701283,0.158469,0.286004,0.0666756,0.217381,0.223114,0.191217,0.265178,0.388461,0.544353,0.270142,0.300434,0.675005,0.456751,0.20492,0.740182,0.155055,0.523235,0.570016,0.48159,0.110863,0.353007,0.489794,0.135868,0.808194,0.685841,0.0513279,0.49678,0.70452,0.339938,0.190523,0.182199,0.63021,0.295039,0.036043,0.119695,0.143479,0.392471,0.218475,0.317029,0.184114,0.103392,0.153024,0.0780782,0.207622,0.531964,0.347171,0.277941,0.111376,0.384432,0.0813587,0.548258,0.24416,0.538435,0.174147,0.288409,0.240952,0.131755,0.555169,0.139754,0.509158,0.174835,0.438474,0.370707,0.413633,0.190781,0.167267,0.271002,0.259756,0.0921773,0.268062,0.000308629,0.113006,0.199251,0.0952056,0.678016,0.571968,0.247133,0.181951,0.299986,0.378124,0.502716,0.33843,0.190822,0.423239,0.283055,0.193309,0.311127,0.142787,0.313316,0.24109,0.145512,0.488013,0.180757,0.0943742,0.164459,0.308435,0.444412,0.0131378,0.44966,0.359918,0.166613,0.339865,0.363061,0.416475,0.697063,0.172882,0.488013,0.180757,0.2186,0.159948,0.90705,0.1906,0.496571,0.31623,0.682064,0.0758546,0.179701,0.819642,0.213473,0.513655,0.293765,0.094911,0.453935,0.10842,0.0645825,0.504353,0.215725,0.545373,0.171818,0.423971,0.158626,0.485486,0.180561,0.34229,0.318593,0.154543,0.2739,0.0969889,0.123539,0.122976,0.616009,0.137055,0.111925,0.303792,0.246694,0.943292,0.411906,0.916977,0.131059,0.120769,0.0871963,0.204887,0.0782135,0.453935,0.10842,0.804861,0.386793,0.188749,0.185086,0.650673,0.0807678,0.763312,0.884372,0.297824,0.160666,0.304862,0.42914,0.390696,0.190334,0.150844,0.106176,0.221936,0.722243,0.285542,0.0467868,0.605269,0.174734,0.187758,0.11294,0.303185,0.143331,0.754512,0.182181,0.176031,0.119635,0.13898,0.185607,0.129289,0.247923,0.320208,0.80816,0.217684,0.181951,0.299986,0.244635,0.442822,0.0476839,0.594549,0.0762527,0.22917,0.262864,0.212795,0.0975553,0.165696,0.407595,0.10235,0.194402,0.392146,0.13732,0.6767,0.333188,0.818344,0.30443,0.360353,0.132755,0.270871,0.20398,0.179087,0.00670621,0.229606,0.318517,0.221821,0.366826,0.256251,0.133215,0.0960064,0.154008,0.33997,0.0849355,0.301044,0.197634,0.104318,0.0325302,0.150086,0.155581,0.370707,0.413633,0.12797,0.029616,0.129389,0.0892479,0.0777651,0.342113,0.232268,0.254737,0.100154,0.140817,0.00501611,0.167766,0.115391,0.376114,0.075454,0.484244,0.204799,0.103328,0.122825,0.722243,0.285542,0.241289,0.375838,0.392556,0.113855,0.048319,0.121896,0.182349,0.121887,0.872546,0.632542,0.0757301,0.430007,0.397201,0.135009,0.160673,0.0134522,0.0667625,0.687676,0.0330852,0.226125,0.202002,0.294121,0.114085,0.118823,0.228948,0.188269,0.279267,0.143717,0.220223,0.238519,0.068847,0.0263702,0.238152,0,0.393643,0.226881,0.401782,0.293366,0.297946,0.858752,0.148351,0.0330432,0.146876,0.1457,0.617193,0.0883786,0.12283,0.0322571
0.907555,0.620296,0.44393,0,0.503634,0.758886,0.301677,0.137472,0.815751,0.140442,0.200783,0.419103,0.392606,0.185474,0.229258,0.529303,0.225712,0.62866,0.608789,1,0.67098,0.348036,0.0743547,0.468094,0.206025,0.317182,0.593223,0.383716,0.587885,0.519279,0.379465,0.466338,0.356011,0.431318,0.634115,0.359403,0.256753,0.933747,0.311971,0.2379,0.476175,0.457251,0.381058,0.60222,0.327581,0.235655,0.301487,0.749699,0.397926,0.604077,0.5156,0.362442,0.374499,0.736655,0.296799,0.559141,0.582696,0.694587,0.914884,0.552503,0.575842,0.343344,0.396164,0.259934,0.458703,0.547562,0.264868,0.379146,0.504943,0.446487,0.753578,0.592083,0.34061,0.554197,0.190729,0.599084,0.610055,0.0604736,0.326351,0.262468,0.464436,0.521609,0.32063,0.129031,0.409016,0.703214,0.495108,0.104191,0.51033,0.400783,0.456019,0.182582,0.151699,0.624452,0.458292,0.589876,0.581834,0.257108,0.431318,0.634115,0.434588,0.234968,0.440505,0.198538,0.219727,0.575441,0.607486,0.78818,0.617732,0.186303,0.637406,0.641779,0.753606,0.172032,0.146973,0.585597,0.166653,0.474783,0.24838,0.317895,0.394514,0.0252204,0.425963,0.352073,0.315647,0.576024,0.17861,0.127153,0.532548,0.145873,0.457676,0.424695,0.00297619,0.299655,0.189256,0.144168,0.542883,0.411662,0.540422,0.193409,0.255013,0.746196,0.557056,0.637511,0.549137,0.293458,0.878629,0.617815,0.607428,0.0901619,0.503836,0.653363,0.108045,0.468311,0.433439,0.0657737,0.474544,0.463446,0.179889,0.357167,0.117601,0.502597,0.342239,0.0407732,0.131887,0.125489,0.435634,0.516721,0.42109,0.114727,0.2166,0.175026,0.632535,0.262702,0.637444,0.0509507,0.381533,0.0634392,0.303828,0.0958945,0.81371,0.292984,0.30491,0.092292,0.292256,0.106733,0.215809,0.438714,0.266296,0.502284,0.0706235,0.346766,0.348485,0.369119,0.330532,0.0978503,0.0706962,0.352472,0.148062,0.500045,0.0702137,0.152178,0.144781,0.245329,0.203493,0.673172,0.0600687,0.203062,0.185301,0.335769,0.591862,0.464482,0.212708,0.585856,0.378421,0.198786,0.222927,0.190761,0.17527,0.388202,0.304928,0.537855,0.410016,0.101598,0.371231,0.396482,0.389394,0.0808721,0.443205,0.400534,1,0.30466,0.357288,0.731202,0.668298,0.25608,0.537855,0.410016,0.211013,0.0503483,0.74371,0.236042,0.625096,0.733141,0.651143,0.195038,0.155912,0.8318,0.168683,0.264803,0.117986,0.108063,0.412381,0.165357,0.236957,0.565307,0.282564,0.563132,0.270524,0.781827,0.264359,0.511,0.112145,0.127291,0.884513,0.205858,0.316143,0.197944,0.200318,0.245922,0.594211,0.141143,0.249935,0.480272,0.473957,0.67024,0.473511,0.780221,0.194053,0.170651,0.0879833,0.185294,0.0942259,0.412381,0.165357,0.814784,0.838936,0.375969,0.600475,0.595697,0.0107147,0.88788,0.887962,0.472195,0.185543,0.439447,0.456986,0.436535,0.269581,0.104739,0.221987,0.274154,0.506639,0.374476,0.0474188,0.413807,0.242177,0.213067,0.134718,0.521908,0.140775,0.670741,0.185669,0.193699,0.189079,0.329612,0.156618,0.209053,0.206502,0.281632,0.682788,0.385989,0.203062,0.185301,0.287313,0.40728,0.0877621,0.609638,0.118488,0.357401,0.125294,0.352604,0.325001,0.200421,0.379255,0.063785,0.210028,0.625577,0.260147,0.711047,0.297131,0.738178,0.492895,0.30717,0.0812068,0.379372,0.378019,0.303087,0.0831053,0.0876838,0.0970297,0.223702,0.479541,0.213111,0.138384,0.148187,0.170432,0.249129,0.209952,0.271963,0.226345,0.107615,0.0736775,0.117678,0.171515,0.348485,0.369119,0.158858,0.134585,0.138011,0.173993,0.0900144,0.351916,0.205768,0.213622,0.181457,0.273883,0.177066,0.244519,0.072309,0.209317,0.0501536,0.379359,0.260222,0.119958,0.115055,0.506639,0.374476,0.638088,0.232094,1,0.211032,0.175353,0.164043,0.119978,0.125745,0.929951,0.41386,0.0932141,0.26449,0.386631,0.203722,0.161035,0.276427,0.103588,0.456999,0.0887881,0.27837,0.307889,0.233804,0.118336,0.140275,0.242343,0.133314,0.154882,0.156794,0.231947,0.290173,0.176675,0.10868,0.2737,0.274131,0.709787,0.324343,0.806693,0.277714,0.0628394,0.647217,0.4501,0.210552,0.204253,0.0682896,0.285079,0.130092,0.170216,0.323767
0.797261,0.504425,0.757112,0.300104,0.845994,0.620174,0.688423,0.123278,0.589049,0.470199,0.563604,0.283366,0.60145,0.316439,0.345014,0.494945,0.384456,0.392096,0.426325,0.217958,0.245733,0.511704,0.136439,0.181496,0.6306,0.8371,0.198479,0.574804,0.802822,0.728275,0.72511,0.70993,0.537643,0.766941,0.434151,0.675163,0.456888,0.180252,0.694474,0.645923,0.346781,0.746373,0.676406,0.618821,0.263518,0.27736,0.389249,0.308612,0.160284,0.224288,0.372328,0.372328,0.440561,0.346476,0.195327,0.425002,0.268685,0.476296,0.932893,0.528307,0.62031,0.667098,0.362743,0.280006,0.536329,0.124908,0.383938,0.428016,0.559353,0.51233,0.199273,0.245475,0.0787562,0.629651,0.301193,0.698764,0.368056,0.176985,0.128307,0.289671,0.473436,0.144901,0.298183,0.178195,0.246637,0.166365,0.495381,0.137342,0.256731,0.41406,0.448842,0.205228,0.417024,0.303913,0.625188,0.618852,0.799556,0.586505,0.766941,0.434151,0.731688,0.364501,0.245973,0.499686,0.315184,0.75536,0.334892,0.225133,0.330624,0.670993,0.41845,0.438215,0.594387,0.333269,0.141072,0.316135,0.407564,0.18061,0.197715,0.896483,0.573884,0.0656252,0.233375,0.504948,0.263485,0.461843,0.136496,0.103607,0.730497,0.322954,0.212617,0.307753,0.0934003,0.258365,0.096661,0.10975,0.467225,0.352776,0.340813,0.270064,0.159841,0.664588,0.703297,0.419618,0.586308,0.238483,0.529557,0.295798,0.360815,0.208691,0.191815,0.310369,0.460872,0.571991,0.296019,0.0404469,0.272189,0.504904,0.344887,0.576347,0.281366,0.174152,0.621696,0.0586167,0.33231,0.29412,0.410651,0.14828,0.274503,0.274726,0.143292,0.281999,0.0349805,0.133726,0.430395,0.28313,0.244698,0.294979,0.223589,0.0978961,0.765409,0.195035,0.337844,0.161371,0.0746386,0.378256,0.251915,0.830747,0.689194,0.584409,0.194572,0.425972,0.856598,0.696333,0.632808,0.118161,0.434432,0.184706,0.269918,0.0467872,0.0703774,0.198573,0.167846,0.185667,0.373797,0.824639,0,0.271752,0.185265,0.177192,0.280372,0.453426,0.115165,0.124693,0.244426,0.122538,0.296684,0.282457,0.20016,0.218306,0.363805,0.615863,0.172397,0.327792,0.242193,0.54978,0.593158,0.108376,0.55578,0.601953,0.38499,0.150264,0.405362,0.453515,0.535791,0.174748,0.615863,0.172397,0.229134,0.276226,0.951945,0.192187,0.429145,0.458919,0.496564,0.529439,0.216022,0.749218,0.114814,0.373174,0.170826,0.149193,0.217527,0.263389,0.215514,0.642849,0.222089,0.745599,0.0801158,0.157757,0.27736,0.748015,0.343726,0.129445,0.263594,0.285405,0.367912,0.477101,0.301538,0.0698276,0.742721,0.197905,0.342162,0.24341,0.454815,0.876255,0.711199,0.833252,0.213888,0.175688,0.0969293,0.34261,0.222882,0.217527,0.263389,0.788778,0.443491,0.509731,0.0287919,0.294373,0.104868,0.589287,0.82089,0.255344,0.135746,0.552594,0.713911,0.411882,0.308683,0.162566,0.35071,0.158944,0.411806,0.695854,0.338972,0.518208,0.276896,0.457842,0.240601,0.212353,0.256905,0.33506,0.103951,0.174168,0.383435,0.313824,0.410793,0.180651,0.169087,0.305435,0.323692,0.333383,0.271752,0.185265,0.279211,0.289191,0.38643,0.281351,0.0661016,0.375795,0.296863,0.10431,0.151008,0.0910936,0.136886,0.188359,0.379653,0.425979,0.229438,0.386164,0,0.645785,0.653844,0.248563,0.387719,0.257529,0.2735,0.202948,0.126388,0.0497304,0.241636,0.277305,0.879483,0.518258,0.262492,0.194047,0.203989,0.395839,0,0.510429,0.207656,0.151031,0.138268,0.0634628,0.174943,0.856598,0.696333,0.20283,0.129895,0.111108,0.227088,0.0766702,0.283425,0.306142,0.386435,0.062441,0.278065,0.301313,0.460744,0.237661,0.314842,0.0315215,0.519707,0.195955,0.156414,0.27889,0.411806,0.695854,0.262252,0.168845,0.511992,0.189938,0.284253,0.0956515,0.48881,0.181848,0.895023,0.27885,0.167647,0.177257,0.295209,0.246236,0.176928,0.416536,0.166506,0.308844,0.0511547,0.310872,0.0717393,0.105529,0.0450767,0.135409,0.276509,0.0914314,0.354439,0.2652,0.277383,0.459651,0.108495,0.18758,0.246901,0.339469,0.440617,0.323905,0.302211,0.219709,0.261869,0.56247,0.172685,0.12364,0.229218,0.214992,0.40451,0.124832,0.119307,0.19282
0.720794,0.533051,0.60557,0.464755,0.538612,0.539845,0.236753,0.0625384,0.635592,0.30745,0.324605,0.195681,0.358419,0.205455,0.253225,0.208271,0.158236,0.481954,0.614455,0.188076,0.378589,0.456935,0.309225,0.305229,0.244018,0.460829,0.45988,0.350155,0.549758,0.614332,0.583969,0.416879,0.235181,0.398866,0.483303,0.437038,0.367558,0.287811,0.548172,0.547051,0.87194,0.630711,0.607542,0.480686,0.326858,0.19837,0.37417,0.229281,0.680332,0.66984,0.481706,0.484543,0.204635,0.408689,0.196247,0.56158,0.416767,0.734355,0.413212,0.651028,0.544019,0.392526,0.412905,0.329898,0.374932,0.250566,0.392523,0.530491,0.216769,0.287613,0.8253,0.539823,0.119554,0.605395,0.625843,0.650847,0.469597,0.0740552,0.322869,0.495992,0.324478,0.384055,0.255412,0.518721,0.268979,0.327671,0.661495,0.0328925,0.444073,0.310029,0.643553,0.0698548,0.171134,0.287851,0.411379,0.118048,0.775461,0.47513,0.398866,0.483303,0.651689,0.336192,0.207117,0.143488,0.254686,0.676981,0.451476,0.121631,0.381727,0.616019,0.358382,0.385822,0.745131,0.405127,0.33738,0.386223,0.584928,0.524119,0.16197,0.474447,0.333936,0.343956,0.115562,0.596174,0.160742,0.521477,0.220496,0.0497835,0.325208,0.251961,0.166087,0.281007,0.316747,0.132602,0.226612,0.305957,0.392464,0.355682,0.463929,0.173549,0.398713,0.559741,0.551925,0.226774,0.506961,0.410661,0.405842,0.402656,0.50663,0.0547213,0.405761,0.18147,0.0665136,0.766619,0.47948,0.267478,0.477513,0.43137,0.544466,0.119421,0.460651,0.523419,0.246867,0.251133,0.3611,0.103787,0.430898,0.259315,0.363324,0.141452,0.149734,0.465183,0.399696,0.196619,0.226665,0.477494,0.319773,0.193781,0.411385,0.272634,0.245979,0.380102,0.206902,0.361075,0.382957,0.489682,0.280066,0.540381,0.191027,0.54702,0.310173,0.551618,0.181967,0.777173,0.0565026,0.40565,0.566122,0.446219,0.0782452,0.315404,0.209747,0.110419,0.0572847,0.178708,0.245709,0.440814,0.271385,0.122488,0.158397,0.431442,0.567618,0.338793,0.374672,0.433352,0.219626,0.244031,0.348748,0.094479,0.160845,0.403596,0,0.659286,0.202998,0.469701,0.445024,0.277505,0.221492,0.071621,0.327777,0.148772,0.238325,0.169127,0.358221,0.567299,0.329349,0.361507,0.659286,0.202998,0.141214,0.489216,0.842421,0.149008,0.437586,0.0269021,0.701629,0.436791,0.269788,0.749659,0.407457,0.430306,0.376686,0.0344004,0.279392,0.343038,0.341913,0.655311,0.414813,0.514074,0.30771,0.42118,0.123422,0.423209,0.270645,0.132026,0.383195,0.0502294,0.241206,0.0461231,0.146553,0.100209,0.816702,0.23134,0.061773,0.354657,0.164027,0.885657,0.671186,0.901156,0.225619,0.105727,0.128032,0.115985,0.0616382,0.279392,0.343038,0.634383,0.327041,0.236275,0.152835,0.485387,0.275239,0.604765,0.660269,0.194716,0.213005,0.178461,0.418781,0.348787,0.130261,0.147143,0.0755225,0.149883,0.30793,0.243534,0.0674414,0.518583,0.100602,0.0240732,0.063011,0.162868,0.0939305,0.727291,0.148681,0.299644,0.18758,0.0984354,0.230341,0.0251534,0.239558,0.422057,0.659478,0.187847,0.122488,0.158397,0.208942,0.454787,0.0941588,0.44124,0.0277193,0.175859,0.114761,0.232708,0.244828,0.126129,0.105965,0.0579196,0.187801,0.345401,0.19061,0.708711,0.364913,0.692939,0.357222,0.404094,0.349204,0.2986,0.170065,0.115655,0.111977,0.22556,0.526225,0.111942,0.381563,0.364734,0.0701954,0.0555148,0.125411,0.286895,0.0826181,0.228341,0.0948729,0,0.0597895,0.0377294,0.0540068,0.181967,0.777173,0.0550008,0.0573791,0.0488642,0.126824,0.0333691,0.424228,0.303661,0.513861,0.0503017,0.0704565,0.109279,0.131529,0.118983,0.526097,0.0274042,0.416658,0.11189,0.0908804,0.147206,0.30793,0.243534,0.208599,0.403004,0.351106,0.223065,0.0661817,0.0901061,0.229633,0.495351,0.827171,0.710703,0.139351,0.212408,0.115156,0.0688328,0.214751,0.0310189,0.0696245,0.751797,0.1367,0.280184,0.130463,0.529644,0.0795868,0.11965,0.0683015,0.156452,0.248654,0.151099,0.20936,0.495865,0.151834,0.068816,0.179144,0.112582,0.272083,0.234626,0.343258,0.459627,0.249996,0.821964,0.172193,0.0355671,0,0.127835,0.709984,0.304647,0.0685226,0.124834
0.759217,0.555688,0.512074,0.181917,0.773345,0.649941,0.50872,0.215831,0.6377,0.243807,0.272581,0.177652,0.360815,0.323627,0.321248,0.291666,0.228432,0.364828,0.463151,0.600885,0.436469,0.447954,0.254259,0.698188,0.51623,0.248201,0.2366,0.419568,0.606268,0.60932,0.691766,0.680176,0.490632,0.287492,0.588753,0.33655,0.239324,0.386933,0.376552,0.437327,0.404752,0.562505,0.44768,0.648992,0.311546,0.285747,0.381126,0.510825,0.508342,0.542007,0.328436,0.616687,0.621603,0.841259,0.216367,0.849398,0.448762,0.666353,0.606255,0.536404,0.494209,0.36436,0.440239,0.385488,0.71915,0.149488,0.363364,0.39637,0.31429,0.21865,0.81018,0.478745,0.139058,0.54076,0.296211,0.595791,0.753669,0.0696175,0.486193,0.41699,0.345164,0.270623,0.34937,0.358306,0.231926,0.163828,0.509242,0.125956,0.340229,0.384563,0.651046,0.139877,0.18647,0.557356,0.548669,0.466439,0.74773,0.221157,0.287492,0.588753,0.593422,0.212709,0.319062,0.220271,0.2347,0.764563,0.439402,0.135664,0.339886,0.430264,0.544391,0.590719,0.718681,0.138405,0.169735,0.415332,0.265939,0.132362,0.237524,0.558337,0.387686,0.121581,0.137407,0.632824,0.248518,0.49313,0.208737,0.131495,0.789827,0.142353,0.553611,0.0430167,0.0858327,0.187475,0.13785,0.0802857,0.698935,0.362513,0.34642,0.294696,0.149534,0.568987,0.644629,0.556929,0.507862,0.480095,0.624544,0.225895,0.496045,0.257732,0.756098,0.435276,0.118287,0.71944,0.232748,0.114297,0.385972,0.559834,0.370585,0.343786,0.27544,0.685354,0.453301,0.120457,0.158196,0.209469,0.339808,0.258553,0.61739,0.141065,0.0715959,0.0964109,0.125491,0.144079,0.828952,0.31258,0.362752,0.0893235,0.194228,0,0.310867,0.138975,0.115145,0.0986716,0.11756,0.232995,0.399674,0.569305,0.456687,0.569871,0.200999,0.349576,0.365823,0.480095,0.404105,0.0695294,0.30933,0.690179,0.293786,0.105561,0.0761771,0.193137,0.130477,0.130285,0.695012,0.59024,0.315001,0.193392,0.186066,0.126233,0.491361,0.461539,0.0985934,0.380381,0.295164,0.215433,0.297281,0.205763,0.196307,0.581581,0.355806,0.724023,0.35658,0.209439,0.457622,0.274778,0.527483,0.128964,0.422311,0.424992,0.241491,0.0549377,0.409866,0.390882,0.644393,0.507272,0.724023,0.35658,0.283346,0.20738,0.887903,0.179785,0.453584,0.44594,0.770886,0.360156,0.188256,0.851995,0.150877,0.239658,0.155152,0.106683,0.240738,0.197293,0.335715,0.611235,0.165545,0.656708,0.357122,0.0862075,0.280244,0.489576,0.316463,0,0.110428,0.240343,0.294092,0.178304,0.237874,0.106912,0.723735,0.111769,0.190554,0.51911,0.232874,0.892892,0.568524,0.898959,0.397806,0.195252,0.088925,0.248228,0.229645,0.240738,0.197293,0.755112,0.172614,0.543725,0.170182,0.364167,0.139823,0.715454,0.668692,0.258914,0.136339,0.224719,0.440092,0.369945,0.443207,0.13984,0.203984,0.121854,0.238032,0.684413,0.339016,0.526467,0.168303,0.239493,0.245051,0.38573,0.192139,0.510673,0.0763275,0.231927,0.126083,0.376136,0.329185,0.125961,0.309385,0.281357,0.417572,0.0978966,0.193392,0.186066,0.265548,0.531984,0.293239,0.30191,0.139884,0.228274,0.201349,0.119103,0.267783,0.0400475,0.282056,0.187546,0.441166,0.333911,0.152271,0.332004,0.179225,0.564126,0.576191,0.296475,0.312559,0.339259,0.226108,0.396465,0.219006,0.415901,0.144686,0.272493,0.710961,0.304031,0.245167,0.0989729,0.185388,0.485167,0.145559,0.50293,0.273233,0.0969177,0.0861624,0.149459,0.235455,0.365823,0.480095,0.248074,0.327653,0.314623,0.354697,0.179748,0.409689,0.242808,0.253736,0.0534429,0.263309,0.163101,0.297442,0.179221,0.383042,0.0506327,0.432732,0.118396,0.147608,0.450386,0.238032,0.684413,0.183786,0.20258,0.440134,0.27628,0.214839,0.105264,0.41389,0.287458,0.879923,0.544538,0.284294,0.291548,0.223489,0.187721,0.0478814,0.226811,0.106254,0.477443,0.0528077,0.592484,0.137302,0.19918,0.0467765,0.0901855,0.315661,0.185763,0.264945,0.442203,0.238599,0.472978,0.173924,0.120108,0.144072,0.325653,0.330658,0,0.242047,0.133623,0.51407,0.752149,0.319637,0.144275,0.592306,0.14689,0.583281,0.316531,0.159944,0.149399
0.826986,0.892839,0.502985,0.336184,0.661531,0.12999,0.438921,0.0642692,0.573554,0.815349,0.848146,0.211964,0.548122,0.654219,0.713668,0.278163,0.392121,0.325667,0.3272,0.297858,0.109041,0.569698,0.176016,0.159942,0.121195,0.444082,0.484607,0.629874,0.480961,0.703522,0.537234,0.411802,0.245055,0.618592,0.5101,0.297056,0.241811,0.461095,0.563394,0.645132,0.36261,0.597532,0.466521,0.457823,0.16345,0.945221,0.504989,0.376309,0.133771,0.190353,0.369959,0.269565,0.639602,0.496415,0.350424,0.229355,0.9779,0.790632,0.487806,0.585841,0.627939,0.454435,0.610188,0.802262,0.657739,0.321327,0.397596,0,0.205491,0.365422,0.174091,0.235519,0.0645691,0.338482,0.4963,0.802139,0.856654,0.762351,1,0.0658595,0.322146,0.290155,0.442821,0.232418,0.354789,0.254468,0.7258,0.450117,0.327325,0.486268,0.790848,0.312547,0.214419,0.243796,0.666474,0.149049,0.842094,0.420507,0.618592,0.5101,0.730581,0.65356,0.293594,0.174543,0.287818,0.646278,0.442661,0.0745213,0.518532,0.833292,0.484765,0.498093,0.724925,0.324499,0.165486,0.420064,0.468536,0.266948,0.191391,0.453517,0.499938,0.10099,0.170925,0.118819,0.207644,0.669247,0.371194,0.0872247,0.502492,0.099121,0.250508,0.276365,0.166593,0.158462,0.0600854,0.202347,0.661323,0.215359,0.423984,0.155627,0.269909,0.490228,0.336809,0.411994,0.681294,0.60991,0.739578,0.485754,0.790194,0.0553964,0.698272,0.534096,0.0930886,0.82791,0.533071,0.168158,0.43451,0.428583,0.442414,0.077124,0.111699,0.681201,0.304771,0.135066,0.118472,0.0955118,0.321441,0.464969,0.651319,0.068955,0.0768964,0.327296,0.0804969,0.157738,0.520277,0.420569,0.540768,0.215318,0.369635,0.198284,0.28133,0.299315,0.29062,0.219959,0.293973,0.322852,0.237665,0.689389,0.466678,0.332539,0.151503,0.59606,0.485452,0.543173,0.329444,0.313247,0.475761,0.69774,0.238917,0.171141,0.101372,0.141033,0.100027,0.121987,0.497263,0.911472,0.213158,0.122679,0.220709,0.438487,0.511962,0.472756,0.245253,0.415608,0.364057,0.216259,0.345318,0.135304,0.173393,0.599902,0.167006,0.473325,0.261141,0.236462,0.545394,0.28451,0.248556,0.0598861,0.22173,0.149912,0.206395,0.0716757,0.377896,0.494561,0.49033,0.559431,0.473325,0.261141,0.156432,0.380837,0.893266,0.136017,0.539577,0.510077,0.62864,0.261302,0.174193,0.763151,0.319524,0.556406,0.34547,0.0422207,0.345472,0.283687,0.321027,0.500832,0.287245,0.381758,0.172777,0.448152,0.129849,0.367259,0.220787,0.0944932,0.297,0.166089,0.302961,0.153298,0.101653,0.0842493,0.659435,0.188236,0.131949,0.485018,0.228611,0.909068,0.242333,0.84899,0.16034,0.100379,0.120516,0.086512,0.153119,0.345472,0.283687,0.44091,0.334555,0.262538,0.169822,0.33957,0.184066,0.715452,0.558782,0.316863,0.158782,0.259746,0.323956,0.319439,0.152694,0.108029,0.165762,0.124084,0.882196,0.306789,0.0692882,0.645195,0.128926,0.177066,0.101713,0.284482,0.0776631,0.580442,0.206719,0.190437,0.046006,0.0930537,0.207331,0.0399256,0.407124,0.30798,0.704618,0.187989,0.122679,0.220709,0.223618,0.902095,0.102151,0.388194,0.0188368,0.175773,0.188798,0.106927,0.0812586,0.113197,0.242968,0.070053,0.267652,0.366393,0.140779,0.696531,0.325801,0.633185,0.642016,0.340997,0.310808,0.281079,0.138253,0.107909,0.0962229,0.253062,0.528687,0.148619,0.408185,0.154792,0.0666637,0.0657728,0.153597,0.229668,0.128036,0.289561,0.0869975,0.114073,0.0235196,0.122773,0.107592,0.485452,0.543173,0.128227,0.116745,0.0886178,0.023791,0.0765469,0.0891206,0.37423,0.363078,0.0382822,0.0960823,0.110414,0.064007,0.0438616,0.295635,0.0250883,0.365009,0.158761,0.141248,0.147798,0.882196,0.306789,0.20975,0.0838396,0.200127,0.305385,0.123427,0.0927584,0.221952,0.351121,0.85532,0.288486,0.167675,0.298518,0.115349,0.0585802,0.188116,0.144956,0.0753682,0.314802,0.0318146,0.325877,0.0782765,0.266444,0.0651238,0.12297,0.177689,0.192644,0.346035,0.195895,0.267908,0.376242,0.116581,0.0598829,0.146499,0.0349866,0.285805,0.217109,0.345143,0.297576,0.231819,0.675749,0.282207,0.0730274,0.236582,0.16321,0.500217,0.138829,0.103751,0.159436
0.640617,0.565546,0.460358,0.201412,0.344213,0.703401,0.205679,0.0847057,0.845253,0.456184,0.482782,0.192083,0.246143,0.241152,0.535583,0.206153,0.393899,0.480796,0.208971,0.623469,0.300288,0.86316,0.246039,0.431688,0.268932,0.502955,0.501079,0.613014,0.75411,0.702354,0.70088,0.166767,0.140152,0.857656,0.548525,0.261064,0.262499,0.208235,0.453842,0.477365,0.636633,0.554546,0.533455,0.78018,0.196001,0.252843,0.440598,0.446415,0.759515,0.636895,0.369947,0.725628,0.734813,0.648081,0.377258,0.657361,0.284218,0.834654,0.386352,0.665796,0.781097,0.880324,0.0881027,0.0490307,0.460811,0.192731,0.472374,0.676961,0.501214,0.303435,0.749892,0.529008,0.0612351,0.428239,0.270205,0.666234,0.232429,0.286285,0.0329095,0.468566,0.358302,0.108106,0.151381,0.66795,0.470041,0.499607,0.378652,0.116503,0.470413,0.754404,0.795679,0.15032,0.537726,0.470402,0.54949,0.266369,0.839587,0.263397,0.857656,0.548525,0.444869,0.601814,0.573144,0.0193969,0.955057,0.878357,0.676195,0.535582,0.610591,1,0.278337,0.204086,0.396355,0.235291,0.104413,0.403149,0.319838,0.18373,0.188808,0.458866,0.609766,0.0821818,0.189157,0.330388,0.128281,0.715054,0.000246614,0.0904335,0.616758,0.207726,0.40087,0.415194,0.06296,0.333256,0.0901888,0.224171,0.187551,0.231757,0.577602,0.257489,0.28099,0.759677,0.574142,0.441559,0.609299,0.0947707,0.623326,0.552434,0.734827,0.123358,0,0.473096,0.0820536,0.837078,0.445381,0.0940688,0.445693,0.617296,0.300384,0.3733,0.281767,0.62129,0.343455,0.0982859,0.252398,0.0595845,0.436974,0.0948265,0,0.100389,0.350598,0.212806,0.0279169,0.312892,0.34769,0.388816,0.0603644,0.207608,0.388722,0.132812,0.678022,0.277008,0.42585,0.223679,0.298028,0.457013,0.213341,0.987322,0.614156,0.398148,0.255468,0.403402,0.596315,0.441575,0.268589,0.196769,0.258525,0.0304984,0.164226,0.345137,0.138113,0.152813,0.123254,0.460972,0.592103,0.477112,0.322572,0.157633,0.0179853,0.441928,0.370819,0.869787,0.218648,0.455493,0.219985,0.17458,0.240136,0.185139,0.17695,0,0.371268,0.503976,0.215268,0.23978,0.177702,0.248355,0.517446,0.07346,0.547333,0.291495,0.321473,0.137253,0.363313,0.597273,0.268327,0.0699852,0.503976,0.215268,0.19116,0.201912,0.950595,0.383454,0.47941,0.162634,0.378412,0.299634,0.27635,0.845748,0.158256,0.492506,0.107247,0.170048,0.655497,0.256465,0.307982,0.484248,0.24398,0.543826,0.205246,0.572592,0.262462,0.465074,0.206974,0.607346,0.295055,0.186428,0.286112,0.151951,0.21817,0.241315,0.673843,0.364807,0.150938,0.225349,0.496646,0.941199,0.563476,0.868209,0.393021,0.105867,0.09549,0.219903,0.215338,0.655497,0.256465,0.698702,0.401685,0.316867,0.376581,0.561639,0.197826,0.565181,0.547078,0.357181,0.162498,0.524846,0.445395,0.715671,0.252622,0.399882,0.148208,0.292444,0.683529,0.276936,0.124248,0.508481,0.153458,0.261628,0.135494,0.203265,0.14348,0.584937,0.271913,0.296267,0.278659,0.213633,0.214701,0.0980064,0.0789818,0.439319,0.729868,0.57194,0.157633,0.0179853,0.166873,0.232278,0.101348,0.503522,0.0650385,0.461518,0.0336175,0.152401,0.154354,0.185583,0.216956,0.0652308,0.147168,0.733613,0.111172,0.614604,0.350969,0.844676,0,0.351415,0.286783,0.364315,0.492441,0.205102,0.162528,0.228525,0.294497,0.285231,0.40177,0.319623,0.154275,0.163571,0.132625,0.229637,0.193702,0.508576,0.0635442,0.18711,0.0849549,0.144539,0.0730984,0.596315,0.441575,0.176625,0.225822,0.172593,0.178348,0.108758,0.197649,0.319185,0.31094,0.0868576,0.171632,0.174581,0.152354,0.175934,0.295613,0.0528218,0.785236,0.129058,0.0394972,0.217196,0.683529,0.276936,0.548415,0.44986,0.704366,0.15909,0.218121,0.134828,0.230749,0.0924748,0.880291,0.131461,0.280075,0.188852,0.474904,0.0877289,0.130904,0.291267,0.102571,0.177274,0.371367,0.252351,0.185598,0.226382,0.148313,0.118536,0.168365,0.162931,0.0653465,0.114363,0.246801,0.437239,0.165588,0.133345,0.369291,0.206163,0.60953,0.292051,0.845921,0.235121,0.275164,0.502614,0.0790861,0.138844,0.0873128,0.110829,0.400033,0.178377,0.147764,0.166982
0.591776,0.626957,0.443172,0.209158,0.346455,0.491153,0.613465,0.114883,0.900631,0.414503,0.508869,0.333288,0.235783,0.407266,0.364409,0.470006,0.286755,0.534836,0.563676,0.511383,0.635745,0.42115,0.0874526,0.409609,0.330346,0.354561,0.619071,0.373917,0.447688,0.876521,0.581418,0.231814,0.157605,0.263965,0.66527,0.290996,0.114028,0.416759,0.351027,0.355968,0.491772,0.475324,0.386957,0.237483,0.217582,0.366374,0.409641,0.593877,0.318091,0.500838,0.483781,0.513352,0.795694,0.846922,0.255743,0.699558,0.481058,0.749638,0.596798,0.837898,0.672904,0.630705,0.524466,0.307486,0.637337,0.272971,0.291724,0.626113,0.321295,0.566886,0.691001,0.457633,0.267961,0.555015,0.356429,0.578253,0.727166,0.0703437,0.442004,0.191997,0.375978,0.169949,0.44517,0.0971864,0.798984,0.502977,0.409177,0.241552,0.392307,0.30704,0.577967,0.129874,0.065256,0.432265,0.539752,0.354434,0.607455,0.342418,0.263965,0.66527,0.364038,0.291443,0.50115,0.0239155,0.152242,0.581734,0.675611,0.252581,0.563473,0.342521,0.383279,0.542628,0.68063,0.324262,0.0624186,0.338325,0.3301,0.189456,0.24978,0.274913,0.617202,0.186483,0.321041,0.342089,0.168964,0.588397,0.140978,0.121424,0.249063,0.239686,0.343322,0.323759,0.0566585,0.31995,0.0381373,0.25439,0.647248,0.343476,0.662566,0.30224,0.30926,0.737849,0.543291,0.235442,0.596496,0.246651,0.507724,0.563907,0.672484,0.224852,0.626713,0.764837,0.0465241,0.545629,0.545535,0.0898219,0.439303,0.263819,0.314613,0.185341,0.130986,0.608079,0.463561,0.148161,0.246975,0.0261341,0.499939,0.325006,0.565487,0.0589072,0.220295,0.260498,0.0148334,0.221809,0.65652,0.369298,0.488317,0.0484484,0.401874,0.137316,0.851481,0.265136,0.217991,0.156924,0.201998,0.392682,0.106866,0.525031,0.615695,0.473917,0.156627,0.472369,0.406604,0.605359,0.443534,0.191275,0.38299,0.426961,0.175824,0.308235,0.159964,0.134756,0.18302,0.235781,0.647593,0.77058,0.174475,0.168727,0.0921983,0.411601,0.549933,0.0957808,0.202976,0.654448,0.150252,0.187785,0.357302,0.281244,0.0930373,0.447176,0.40226,0.352799,0.238655,0.304435,0.548298,0.241546,0.609135,0.0853174,0.471025,0.242992,0.214602,0.146993,0.337891,0.484393,0.657406,0.267217,0.352799,0.238655,0.211853,0.343236,0.850082,0.0983264,0.657566,0.447913,0.804611,0.190198,0.180833,0.913908,0.114828,0.518553,0.188189,0.127543,0.34861,0.239139,0.106042,0.549906,0.241669,0.535129,0.185362,0.539954,0.167687,0.283654,0.207254,0.0926939,0.829857,0.23349,0.217188,0.155467,0.290114,0.183048,0.524785,0.307959,0.236555,0.607179,0.302044,0.73467,0.483371,0.885112,0.188269,0.0987073,0.0355513,0.244693,0.252619,0.34861,0.239139,0.65215,0.790584,0.306077,0.420794,0.657081,0.0900171,0.890942,0.794675,0.324628,0.141432,0.30123,0.449984,0.487477,0.303981,0.17355,0.280085,0.448978,0.366738,0.36417,0.0934628,0.607136,0.202815,0.331384,0.154295,0.310688,0.251641,0.673198,0.257036,0.201201,0.301265,0.242251,0.26772,0.0925078,0.244617,0.307815,0.694209,0.29378,0.168727,0.0921983,0.0947974,0.610281,0.111125,0.375865,0.101212,0.477168,0.141157,0.0561749,0.232706,0.189927,0.317939,0.118739,0.282548,0.484929,0.334592,0.536191,0.291085,0.604633,0.648516,0.183007,0.329133,0.457033,0.473865,0.185443,0.323492,0.120023,0.172133,0.32646,0.531111,0.39775,0.294336,0.303514,0.13952,0.250155,0.216457,0.678968,0.0264588,0.192223,0.132628,0.0943484,0.0961953,0.406604,0.605359,0.221484,0.149269,0.206226,0.172279,0.193621,0.410514,0.3537,0.356373,0.0700032,0.236161,0.371637,0.268315,0.124842,0.134486,0.0433524,0.54396,0.16976,0.158828,0.199412,0.366738,0.36417,0.277339,0.0870581,0.568559,0.173595,0.356905,0.156126,0.272521,0.0428839,0.838751,0.338768,0.111212,0.107041,0.131861,0.21389,0.120411,0.416656,0.0750404,0.454718,0.103861,0.225456,0.276975,0.135053,0.242571,0.128382,0.226144,0.127734,0.128715,0.110303,0.153172,0.34784,0.177137,0.220054,0.477497,0.30582,0.433033,0.281199,0.343761,0.0629113,0.128874,0.504151,0.0980517,0.193932,0.202075,0.114999,0.206285,0.0658119,0.244835,0.246885
0.451645,0.291879,0.330108,0.588848,0.360507,0.211454,0.435133,0.0874287,0.917122,0,0.076438,0.319104,0.361343,0.176284,0.295502,0.186806,0.147147,0.604528,0.496535,0.487828,0.611821,0.224063,0.52427,0.456533,0.260094,0.00610908,0.785767,0.180921,0.325431,0.24427,0.33126,0.20123,0.154339,0.0579964,0.419449,0.203095,0.0595483,0.285856,0.126875,0.13996,0.0909817,0.350965,0.307011,0.773182,0.401889,0.139869,0.383835,0.903847,0.417026,0.681143,0.590456,0.35192,0.471484,0.712585,0.0435761,0.494567,0.466121,0.764082,0.241798,0.737531,0.518379,0.258092,0.14766,0,0.0270818,0.498628,0.244723,0.395725,0.206505,0.596376,0.795668,0.462227,0.0821287,0.497192,0.890861,0.332843,0.351476,0.131847,0.0631999,0.698208,0.383929,0.690407,0.254608,0.130855,0.173836,0.391542,0.193949,0.124908,0.727871,0.0760746,0.315702,0.186211,0,0.367089,0.520779,0.118889,0.502617,0.0808526,0.0579964,0.419449,0.29583,0.022499,0.264339,0,0.00397258,0.421045,0.639189,0.313946,0.43323,0,0.780795,0.297379,0.602762,0.833757,0.179152,0.437087,0.792803,0.901968,0.180935,0.327445,0.310008,0.613023,0.329814,0.34191,0.184456,0.684148,0.215695,0.0903061,0.431021,0.0930205,0.267601,0.724734,0.849041,0.231673,0.0166227,0.399244,0.189588,0.260545,0.424807,0.128259,1,0.894114,0.713708,0.371456,0.360379,0.113139,0.396983,0.821943,0.404148,0.102517,0.194677,0.408368,0.119117,0.308836,0.133584,0.55989,0.739311,0.13724,0.583534,0.0498532,0.999035,0.363559,0.246026,0.563187,0.58945,0.140187,0.776446,0.121475,0.118909,0.0151915,0.216091,0.805478,0,0.157402,0.392765,0.742213,0.073496,0.585699,0.684158,0.400539,0.672514,1,0.244745,0.675507,1,0.583359,0.61469,0.15431,0.555011,0.412209,0.671714,0.88994,0.209497,0.773813,0.301208,0.832779,0.927777,0.118151,0.08517,0.423268,0.297787,0.174629,0.226794,0.334638,0.28451,0.539699,0.670544,0.163139,0.0284426,0.791789,0.820818,0.171848,0.827586,0.327368,0.30323,0.73659,0.727196,0.0968471,0.493771,0.108459,0.0346692,0.469415,0.189253,0.713214,0.652583,0.263282,0.328671,0.344832,0.419544,0.247647,0.120166,0.354099,0.368312,0.816069,0.449339,0.0681963,0.469415,0.189253,0.37835,0.86146,0.695487,0,0.425165,0.468347,0.624807,1,0.68559,1,1,1,1,0.0407242,0.112527,0.640695,0.469715,0.55319,0.828285,0.523875,0.592287,0.602441,0.185009,0.080883,0.4918,0.198027,0.84861,0,0.431021,0.0812204,0.219081,0.0465446,0.50648,0.953956,0.309927,0.405232,0.192333,0.648933,0.178201,0.77263,0.393194,0.178611,0.223906,0.248064,0.00580169,0.112527,0.640695,0.659995,0.510828,0.205758,0.163268,0.547503,1,0.71904,0.785034,0.238933,0.47626,0.27876,0.478501,0.890752,0.157045,0,0.0584438,0.117073,0.197423,0,0,1,0.106174,0.0942148,0.0748026,0.43604,0.806924,0.909169,1,0.858127,0.48701,0.161218,0.189735,0.0532082,0.154406,0.577,0.889517,0.267907,0.163139,0.0284426,0.577989,0.50611,0.0443923,0.575694,0.109882,0.393044,0.0936513,0.0648392,0.915196,0.217642,0.193172,0.139098,0.110652,0.26584,0.139665,0.318428,0.607619,0.460018,0.758317,0.16545,0.636467,0.721048,0.319486,0.14553,1,0.387458,0.707927,0.0275843,0.367919,0.437612,0.152901,0.161843,0.324567,0.557032,0.18817,0.68255,0.0723667,0.0857241,0.0900614,0.172806,0.189821,0.209497,0.773813,0.141389,0.0893367,0.0897308,0.204263,0.0945633,0.663947,0.429815,0.800101,0.0377292,0.187342,0.184136,0.174436,0.437131,0.254201,0.0617715,0.20065,0.295687,0,0.118706,0.197423,0,0.0851693,0.209173,0.407195,0.181388,0.142823,0.213625,0.125989,0.559791,0.827779,0.174018,0.223797,0.683963,0.365129,0.147041,0.364595,0.213862,0.139981,0.360135,0.0115108,0.837413,0.165739,0.584201,0.164549,0.135735,0.433029,0.311303,0.0524401,0.290037,0.33654,0.648362,0.128364,0.0471378,0.3871,0.072667,0.306181,0.512837,0.446992,0.713345,0.235518,0.70186,0.276071,0.106332,0.625496,0.705657,0.462014,0.614395,0.196707,0.221761
0.825446,0.787001,0.731257,0.120843,0.810537,0.78328,0.598511,0.142818,0.804512,0.399958,0.423329,0.184773,0.47038,0.407314,0.366443,0.286776,0.376843,0.407701,0.684421,0.607751,0.521578,0.483147,0.209916,0.394,0.542162,0.778565,0.168065,0.522436,0.65343,0.980053,0.948652,0.545122,0.27174,0.459714,0.581696,0.557656,0.505248,0.260276,0.791431,0.780745,0.434382,0.856137,0.85309,0.487529,0.011286,0.290486,0.335238,0.372388,0.425878,0.497713,0.412651,0.514647,0.579871,0.613408,0.230864,0.742864,0.240754,0.720992,0.708079,0.675877,0.631225,0.578599,0.425292,0.37828,0.651828,0.112964,0.377111,0.679372,0.482799,0.313482,0.623796,0.424637,0.103321,0.811469,0.111141,0.799774,0.418896,0.00623716,0.312842,0.354206,0.357055,0.184481,0.291652,0.296141,0.426626,0.109847,0.764115,0.0933451,4.73853e-06,0.512721,0.465398,0.156745,0.24902,0.743319,0.736247,0.501526,0.835156,0.530265,0.459714,0.581696,0.540272,0.411602,0.437119,0.110148,0.276714,0.880317,0.467613,0.193208,0.558316,0.706301,0.415029,0.440332,0.918044,0.0054322,0.122929,0.517867,0.334165,0.0485884,0.297561,0.572155,0.363849,0.141272,0.362711,0.334072,0.216616,0.683084,0.134168,0.169642,0.801976,0.251247,0.490335,0.0816316,0.0466308,0.17097,0.158916,0.0194617,0.358086,0.334046,0.388613,0.245477,0.35893,0.440534,0.595285,0.650523,0.68041,0.298338,0.636029,0.100208,0.723129,0.15752,0.19415,0.313967,0.0819413,0.846311,0.793354,0.0937219,0.059904,0.454303,0,0.225375,0.351464,0.941689,0.436111,0.0363005,0.212147,0.160719,0.434178,0.327698,0.350717,0.155508,0.0473078,0.129827,0.0424172,0.193519,0.449674,0.244635,0.263993,0.0835244,0.0926636,0.0478578,0.532811,0.153905,0.297673,0,0.25671,0.488842,0.263867,0.675015,0.510897,0.413669,0.0939615,0.174892,0.495356,0.412591,0.395599,0.147067,0.138399,0.318414,0.145782,0.00790018,0.128739,0.105078,0.127525,0.0970289,0.668512,0.617217,0.244941,0.160497,0.280748,0.0809163,0.00430812,0.563346,0.0773055,0.0772917,0.0546285,0.237076,0,0.261395,0.239357,0.308618,0.437491,0.545649,0.203258,0.155013,0.136642,0.385718,0.449485,0.117904,0.522364,0.863013,0.350932,0.20096,0.365128,0.432333,0.532409,0.269568,0.545649,0.203258,0.334722,0.099567,0.850811,0.3387,0.729507,0.373044,0.669976,0.346111,0.0640116,0.795401,0.216947,0.177667,0.175387,0.100227,0.2528,0.305452,0.323923,0.340055,0.0348522,0.732545,0.237606,0.112153,0.336356,0.507033,0.0900861,0.262843,0,0.190404,0.392153,0.398806,0.603422,0.101827,0.784396,0.20766,0.173956,0.0487474,0.203797,0.905111,0.814202,0.895488,0.359249,0.250966,0.108813,0.217035,0.253699,0.2528,0.305452,0.801401,0.364946,0.35976,0.217347,0.246586,0.142014,0.836076,0.749324,0.244849,0.202052,0.20811,0.493991,0.408591,0.348709,0.213599,0.293952,0.162321,0.561611,0.468456,0.0909278,0.297346,0.469454,0.302011,0.199724,0.590967,0.2174,0.32995,0.0760976,0.0847332,0.462694,0.438094,0.0887784,0.241577,0.240421,0.46481,0.516656,0.163796,0.160497,0.280748,0.307038,0.171702,0.122765,0.139644,0.118302,0.538725,0.0794445,0.135592,0.0359527,0.148643,0.340991,0.220385,0.142508,0.448751,0.494424,0.843326,0.0364589,0.658903,0.389045,0.349148,0.272869,0.25947,0.238179,0.517777,0.102783,0.273849,0.145056,0.534848,0.353952,0.252944,0.202311,0.180833,0.250065,0.254941,0.143754,0.32946,0.161857,0.240746,0.192492,0.136541,0.377841,0.495356,0.412591,0.179489,0.127154,0.160868,0.409951,0.103071,0.329992,0.0968045,0.294416,0.038772,0.386751,0.0910125,0.1396,0.284736,0.512283,0.0501183,0.60258,0.360594,0.173865,0.0932603,0.561611,0.468456,0.410574,0.323747,0.479774,0.00196262,0.188791,0.275721,0.376907,0.221967,0.911632,0.668192,0,0.347216,0.888802,0.268584,0.0443956,0.293551,0.0903749,0.523663,0.0316399,0.322181,0.160134,0.223613,0.166622,0.154681,0.139482,0.272581,0.416147,0.229994,0.218005,0.377799,0.120902,0.100629,0.249808,0.284798,0.317009,0.202826,0.382192,0.135668,0.0239704,0.952071,0.233182,0.174132,0.422512,0.363654,0.740634,0.195101,0.246407,0.2026
0.617695,0.816962,0.730365,0.23667,0.982572,0.707086,0.572167,0.108785,0.62517,0.660895,0.684842,0.410554,0.813465,0.795365,0.503636,0.38411,0.4145,0.0392758,0.170682,0.0918252,0.0009869,0.885752,0.154322,0.11442,0.549424,0.739055,0.293599,0.772275,0.881907,0.744195,0.692602,0.652923,0.543968,0.976155,0.409621,0.460251,0.411593,0.210152,0.457797,0.496204,0.0253909,0.697604,0.681526,0.458668,0.206124,0.196891,0.443479,0,0.291179,0.262225,0.0604204,0.169334,0.258628,0.179935,0.999065,0.182949,0.437466,0.645323,0.97355,0.373031,0.627776,0.670465,0.25502,0.24564,0.850343,0.30924,0.325411,0.453242,0.773412,0.876577,0.209829,0.258818,0.174465,0.675509,0.185655,0.88841,0.350018,0.475802,0.183497,0.503443,1,0.0966394,0.191404,0.128313,0.489898,0.176776,0.758043,0.208032,0.446856,1,0.445071,0.845678,0.726172,0.560868,0.883457,0.32532,0.819647,0.417763,0.976155,0.409621,1,0.870763,0.272512,0.604287,0.271746,1,0.458022,0.101402,0.17094,0.739608,0.498949,0.207145,0.722792,0.220964,0.164083,0.658875,0.329786,0.136654,0.374784,0.430655,0.565527,0.0619715,0.0599468,0.374222,0.18985,0.457129,0.0503021,0.641218,0.849226,0.226895,0.349471,0.337096,0.0229357,0.221331,0.145771,0.106441,0.265045,0.277986,0.418996,0.262534,0.208383,0.510802,0.563641,0.876894,0.498878,0.257858,0.930974,0.278156,0.686401,0.176554,0.134016,0.716505,0.290202,0.769381,0.309701,0.0295945,0.391833,0.607314,0.194019,0.910569,0.18055,0.567606,0.575394,0.0546066,0.141757,0.255126,0.355488,0.208991,0.074975,0.162008,0.0821205,0.219558,0.153874,0.159522,0.383716,0.165768,0.225702,1,0.280443,0.0931424,0.437218,0.189631,0.443189,0.150866,0.410946,0.201101,0.144313,0.744138,0.629018,0.419993,0.16142,0.42908,0.459004,0.422937,0.540354,0.10649,0.161922,0.222733,0.273479,0.12777,0.133588,0.133118,0.245557,0.0487889,0.150759,0.961127,0.231591,0.192699,0.159844,0.232018,0.53253,1,0.204155,0.308322,0.405733,0.137056,0.136402,0.261713,0.237794,0.103857,0.476837,0.858299,0.793431,0.161477,0.166731,0.310513,1,0.161408,0.339025,0.514621,0.602704,0.160088,0.183252,0.583723,0.396563,0.188024,0.858299,0.793431,0.167587,0.113428,0.91965,0.274881,0.39318,0.504105,0.528358,0.383784,0.116043,0.774577,0.170032,0.192105,0.191414,0.109698,0.266834,0.251386,0.309113,0.495635,0.240826,0.541426,0.18584,0.339522,0.152558,0.89927,0.192879,0.14821,0.23419,0.261354,0.23916,0.0868183,0.152951,0.0467818,0.694185,0.170032,0.100081,0.155712,0.3215,0.924719,0.194035,0.860195,0.18957,0.126153,0.0456111,0.161727,0.231412,0.266834,0.251386,0.65115,0.494319,0.312923,0.173157,0.503763,0.0578472,0.48663,0.649295,0.611531,0.131123,0.403165,0.448245,0.995583,0.318277,0.389918,0.229084,0.100817,0.371316,0.387718,0.163806,0.399623,0.186967,0.348217,0.176057,0.265795,0.140904,0.294427,0.071619,0.0642316,0.508543,0.216921,0.29491,0.136288,0.130622,0.125408,0.464957,0.197438,0.192699,0.159844,0.200665,0.147474,0.213122,0.753496,0.064866,0.217702,0.0901439,0.0603847,0.174598,0.161982,0.152973,0.122735,0.21683,0.302266,0.104475,0.425373,0.250279,0.869041,0.427132,0.95479,0.129186,0.0138858,0.603537,0.126456,0.0876782,0.316186,0.236934,0.240534,0.578069,0.254189,0.0863522,0.219832,0.167027,0.327943,0.142252,0.348639,0.222217,0.14638,0.097666,0.108626,0.143829,0.459004,0.422937,0.207762,0.186722,0.114161,0.117962,0.161349,0.422689,0.228954,0.25935,0.0199551,0.226677,0.183182,0.237415,0.21218,0.354101,0.0309489,0.844151,0.164486,0.173222,0.163996,0.371316,0.387718,0.146088,0.465472,0.36481,0.181845,0.1713,0.0634996,0.48628,0.102473,0.915034,0.25693,0.0869358,0.160618,0.109873,0.11088,0.113666,0.33846,0.0423228,0.287048,0.0569387,0.219964,0.313623,0.220614,0.0694408,0.0843833,0.218157,0.0759498,0.275666,0.132539,0.216291,0.353641,0.133487,0.137103,0.134645,0.193272,0.40204,0.335534,0.235965,0.0682853,0.129433,0.4677,0.26365,0.113118,0.244466,0.135088,0.46618,0.0781724,0.152421,0.28643
0.627791,0.435874,0.533417,0.279536,0.512544,0.773989,0.415926,0.0674863,0.449557,0.585813,0.585039,0.22193,0.283733,0.354876,0.548417,0.464692,0.473612,0.72262,0.478247,0.187912,0.440522,0.517423,0.315151,0.212921,0.210892,0.610907,0.537362,0.599618,0.695173,0.604159,0.595878,0.0263783,0.00704542,0.751035,0.449471,0.425099,0.370496,0.281666,0.547739,0.525918,0.411572,0.658667,0.498782,0.84462,0.214463,0.400996,0.66941,0.470065,0.474266,0.471095,0.543673,0.680635,0.427619,0.620085,0.303755,0.709066,0.155828,0.717711,0.521721,0.406843,0.663555,0.661462,0.198429,0.16343,0.394247,0.325935,0.533149,0.333484,0.673451,0.496525,0.541466,0.333366,0.104218,0.48304,0.343148,0.800129,0.244381,0.0586452,0.133664,0.252411,0.521581,0,0.154653,0.186081,0.361115,0.386759,0.525662,0.511959,0.510265,0.762434,0.543353,0.37523,0.232106,0.641435,0.610475,0.360789,0.801765,0.340295,0.751035,0.449471,0.620002,0.61416,0.291209,0.0525008,0.561732,0.947783,0.474503,0.199004,0.574162,0.725803,0.184638,0.197729,0.486299,0.26885,0.300323,0.571734,0.40687,0.268024,0.30679,0.469331,0.3352,0.177566,0.259332,0.317133,0.414854,0.723468,0.0639057,0.198808,0.721115,0.152482,0.468835,0.401436,0.0681449,0.17324,0.163933,0.195563,0.104889,0.387334,0.339319,0.418515,0.24993,0.595744,0.507006,0.511457,0.73923,0.109613,0.956928,0.609097,0.449672,0.0581554,0.215626,0.355905,0.159,0.855135,0.618975,0.0671656,0.532141,0.738708,0.352006,0.377409,0.195374,0.525267,0.366412,0.0679007,0.183895,0.147454,0.433094,0.0475521,0.187312,0.176995,0.214969,0.227851,0.0873039,0.117135,0.428182,0.320387,0.160011,0.32605,0.353686,0.154246,0.61905,0.27775,0.0722688,0.201301,0.194889,0.228631,0.282526,0.794877,0.413197,0.520483,0.363498,0.473185,0.561966,0.54026,0.260181,0.213159,0.306992,0.177876,0.178209,0.21682,0.0338901,0.148059,0.137953,0.273394,0.3597,0.599414,0.362068,0.107961,0.207602,0.391876,0.418153,0.617313,0.182331,0.245849,0.146226,0.0812264,0.355266,0.227736,0.216171,0.110914,0.416676,0.574112,0.320897,0.15996,0.111703,0.289044,0.491094,0.111543,0.460149,0.413357,0.324701,0.238678,0.313555,0.588402,0.30131,0.113636,0.574112,0.320897,0.244807,0.204112,0.898305,0.295327,0.555963,0.347986,0.523766,0.133931,0.191544,0.731224,0.356996,0.583312,0.963094,0.0708282,0.512663,0.116463,0.120597,0.547142,0.238665,0.531925,0.209321,0.359618,0.14325,0.444581,0.198452,0.106328,0.371048,0.0901267,0.249574,0.2032,0.139556,0.0268223,0.711825,0.357054,0.0903393,0.105445,0.376112,0.994067,0.639729,0.945235,0.205654,0.125352,0.0885578,0.156745,0.143274,0.512663,0.116463,0.723524,0.448133,0.315331,0.197507,0.62096,0.160946,0.746939,0.766202,0.416592,0.254132,0.320679,0.421335,0.568643,0.111091,0.225722,0.0875888,0.153664,0.620611,0.496992,0.207692,0.641939,0.159407,0.249608,0.0952626,0.283537,0.102182,0.560294,0.142631,0.245987,0.260607,0.0769192,0.207116,0.121727,0.13457,0.290148,0.768931,0.383119,0.107961,0.207602,0.169251,0.263626,0.0936868,0.502701,0.0798234,0.229456,0.0848383,0.152347,0.270106,0.164349,0.361789,0.0390441,0.14554,0.487382,0.0644791,0.706318,0.244919,0.96699,0.179085,0.400213,0.155405,0.321999,0.162225,0.130492,0.0976953,0.288734,0.257115,0.172163,0.457052,0.284122,0.044849,0.197446,0.136049,0.131636,0.150348,0.366333,0.224383,0.071447,0.0786199,0.143976,0.137084,0.561966,0.54026,0.0871908,0.155203,0.049799,0.0699754,0.084443,0.241028,0.264247,0.363007,0.0241079,0.0468489,0.248647,0.104477,0.124548,0.345061,0.0390372,0.583932,0.108919,0.0572745,0.156422,0.620611,0.496992,0.469219,0.219865,0.596236,0.0878635,0.115108,0.081897,0.223529,0.234346,0.931025,0.453728,0.133329,0.326384,0.41788,0.0982716,0.100483,0.313705,0.0389531,0.473112,0.39368,0.424828,0.225578,0.113661,0.0574778,0.124857,0.251785,0.149019,0.253329,0.0986016,0.185262,0.284249,0.206702,0.0729295,0.22698,0.124557,0.534696,0.343827,0.707401,0.321831,0.230362,0.58611,0.159096,0.167195,0.0435433,0.161505,0.559056,0.0976512,0.110565,0.190456
0.451737,0,0.462236,0.572592,0.459229,0.813376,0.388138,0.0669149,0.523688,0.201505,0.173608,0.255255,0.429625,0.317915,0.40127,0.291355,0.253211,0.26139,0.425581,0.468457,0.475907,0.532375,0.553059,0.65515,0.560658,0.358417,0.191253,0.437882,0.552301,0.54169,0.580483,0.238614,0.175057,0.34572,0.56335,0.221949,0.226991,0.386246,0.0851526,0.178538,0.130407,0.506309,0.377384,0.658875,0.334071,0.268299,0.388096,0.563823,0.552464,0.695206,0.507193,0.587217,0.515594,0.812711,0.17901,0.652526,0.411646,0.700673,0.36256,0.391018,0.462772,0.285053,0.399305,0.366534,0.363098,0.311958,0.482616,0.441474,0.383075,0.301127,0.742669,0.406543,0.119088,0.52276,0.585686,0.26685,0.481649,0.0920041,0.26892,0.400466,0.317619,0.263072,0.322104,0.213458,0.223382,0.35058,0.483958,0.103008,0.467949,0.432518,0.579871,0.187907,0.169749,0.597989,0.457654,0.286913,0.645741,0.327767,0.34572,0.56335,0.618115,0.389155,0.30385,0.142155,0.295677,0.575023,0.294323,0.272187,0.31728,0.292187,0.689415,0.413137,0.60723,0.668438,0.173634,0.371288,0.572334,0.24864,0.169585,0.485733,0.485035,0.238368,0.249911,0.625915,0.260252,0.461267,0.0914701,0.227221,0.521539,0.152564,0.455917,0.22601,0.0686694,0.307584,0.13168,0.252716,0.422418,0.593716,0.423709,0.499081,0.298397,0.672863,0.899933,0.538091,0.472997,0.280935,0.535099,0.463428,0.404859,0.340996,0.236326,0.426225,0.173127,0.464131,0.243405,0.207766,0.502283,0.742043,0.696625,0.0570946,0.35712,0.585698,0.411751,0.322939,0.564722,0.2096,0.869269,0.181948,0.278674,0.136513,0.181095,0.531305,0.0326642,0.209902,0.666991,0.378408,0.281212,0.202919,0.220388,0.213222,0.441009,0.354269,0.345715,0.24366,0.398463,0.342032,0.35474,0.383614,0.536205,0.82178,0.49372,0.636948,0.441402,0.678848,0.45661,0.224354,0.476827,0.25537,0.49625,0.185805,0.392872,0.174583,0.238575,0.229107,0.413711,0.552726,0.387746,0.299599,0.245363,0.198853,0.72196,0.388479,0.40354,0.136587,0.416157,0.41601,0.549256,0.320842,0.343481,0.26237,0.617135,0.68091,0.467057,0.617885,0.457814,0.478158,0.432131,0.413148,0.656202,0.697205,0.207627,0.282346,0.498567,0.561965,0.570893,0.222249,0.68091,0.467057,0.388551,0.536631,0.87667,0.193543,0.418866,0.642579,0.743551,0.466392,0.443849,0.79533,0.455133,0.456424,0.18649,0.182774,0.288604,0.311084,0.50356,0.717568,0.135414,0.872408,0.576943,0.359477,0.238165,0.809864,0.312009,0.0481269,0.31684,0.187573,0.496397,0.236481,0.222216,0.113902,0.484139,0.370965,0.316876,0.246321,0.248309,0.841765,0.158143,0.888994,0.35771,0.178638,0.23174,0.258844,0.290991,0.288604,0.311084,0.649108,0.397958,0.267425,0.0615928,0.318333,0.2047,0.700489,0.579872,0.29176,0.112417,0.357171,0.643385,0.354922,0.617621,0.291027,0.288919,0.254665,0.247161,0.716922,0.189767,0.568182,0.256058,0.222367,0.292261,0.227918,0.272442,0.343258,0.191187,0.143394,0.569424,0.251491,0.264665,0.177874,0.188017,0.492659,0.407396,0.226565,0.299599,0.245363,0.586564,0.322549,0.125184,0.408818,0.222797,0.318344,0.225404,0.109634,0.238075,0.167675,0.488646,0.179341,0.235363,0.275799,0.37141,0.467638,0.284168,0.58474,0.715437,0.260475,0.533171,0.336309,0.209434,0.435863,0.517529,0.484996,0.337992,0.729438,0.621598,0.6058,0.29688,0.291209,0.327457,0.343035,0.345794,0.738379,0.66964,0.337604,0.273095,0.246273,0.15711,0.441402,0.678848,0.192946,0.248509,0.249886,0.224078,0.136294,0.439885,0.562851,0.338289,0.0657927,0.492898,0.309095,0.242807,0.414814,0.251421,0.06385,0.26623,0.375718,0.149344,0.352873,0.247161,0.716922,0.201427,0.101141,0.585352,0.692294,0.398888,0.437519,0.35189,0.344567,0.791611,0.15498,0.239178,0.578177,0.617833,0.139671,0.202277,0.664898,0.0771076,0.335954,0.0846609,0.822172,0.343531,0.24294,0.110908,0.225998,0.798039,0.16217,0.333701,0.410326,0.422133,0.954219,0.179906,0.124555,0.209411,0.357076,0.301051,0.5881,0.328674,0.281022,0.423617,0.402142,0.412759,0.118244,0.460791,0.220082,0.296787,0.357266,0.451776,0.394751
0.562888,0.429756,0.317314,0.312199,0.11722,0.501728,0.331258,0.088934,0.836577,0.327413,0.375188,0.246611,0.111917,0.281628,0.34696,0.251816,0.151955,0.526781,0.561017,0.430108,0.583967,0.412691,0.173742,0.41245,0.260154,0.133577,0.696947,0.424969,0.746752,0.527621,0.526459,0.216156,0.151855,0.337459,0.43935,0.283906,0.236047,0.434417,0.301989,0.315674,0.455758,0.387486,0.325616,0.555291,0.345669,0.200493,0.839007,0.525021,0.381274,0.511121,0.435834,0.494331,0.615111,0.655605,0.21179,0.557914,0.442456,0.832282,0.302264,0.762659,0.624968,0.480796,0.435972,0.348136,0.166248,0.509379,0.826741,0.584855,0.250316,0.47764,0.915751,0.641046,0.2283,0.394243,0.427432,0.622147,0.541493,0.0812953,0.350711,0.271939,0.299894,0.346404,0.269186,0.23996,0.334026,0.365229,0.449968,0.0725481,0.511241,0.356093,0.654148,0.212323,0.0844189,0.610776,0.491119,0.102066,0.69754,0.208902,0.337459,0.43935,0.431789,0.34479,0.387704,0.0769018,0.251682,0.683173,0.800173,0.280285,0.784572,0.470768,0.744406,0.433941,0.555549,0.377461,0.0743544,0.356723,0.482008,0.296318,0.194544,0.140656,0.3786,0.122274,0.292652,0.266443,0.216606,0.803119,0.161389,0.0459095,0.34616,0.122858,0.241127,0.316314,0.1097,0.207148,0.199868,0.263303,0.413519,0.30497,0.554586,0.123886,0.424084,0.780074,0.515094,0.286014,0.582899,0.339338,0.360259,0.571867,0.615662,0.085665,0.460658,0.446699,0.150361,0.70887,0.572755,0.0858512,0.593976,0.445449,0.566589,0.187503,0.0829021,0.650267,0.303663,0.0585874,0.372023,0.117681,0.480908,0.348587,0.357767,0.06714,0.178751,0.306959,0.022657,0.245854,0.347516,0.472193,0.337449,0.0925227,0.467172,0.143508,0.42117,0.28365,0.112314,0.247605,0.29139,0.376343,0.29526,0.397905,0.458625,0.466143,0.453888,0.633172,0.374693,0.63391,0.134863,0.321985,0.499339,0.42898,0.0844196,0.312142,0.0897855,0.0972506,0.164695,0.247728,0.564403,0.287467,0.330332,0.168765,0.163957,0.615001,0.721676,0.346737,0.270126,0.76127,0.293411,0.204602,0.37633,0.109847,0.206792,0.370992,0.263964,0.301551,0.211425,0.280479,0.445319,0.261801,0.454519,0.137858,0.394813,0.195196,0.19199,0.116902,0.328749,0.486056,0.432211,0.302195,0.301551,0.211425,0.161055,0.397612,0.813848,0.168729,0.530358,0.530142,0.664845,0.250142,0.282132,0.887819,0.299086,0.771516,0.228222,0.0291627,0.281264,0.260724,0.206921,0.582736,0.315539,0.488246,0.285455,0.710614,0.151766,0.339104,0.208095,0.0991834,0.40873,0.143023,0.26655,0.106849,0.096619,0.139288,0.583692,0.211154,0.0626856,0.533989,0.227737,0.872146,0.360829,0.879729,0.236109,0.134915,0.0862157,0.14942,0.0620199,0.281264,0.260724,0.728059,0.477688,0.334027,0.294896,0.64371,0.0955416,0.731018,0.770993,0.227946,0.0989651,0.206361,0.39946,0.558135,0.185872,0.171888,0.0678025,0.35267,0.319484,0.264653,0.0476242,0.966052,0.0969045,0.112323,0.101211,0.369836,0.120004,0.920081,0.212313,0.250327,0.212366,0.231952,0.205388,0.119539,0.378549,0.39017,0.841803,0.295518,0.168765,0.163957,0.327012,1,0.101691,0.506793,0.0988713,0.301317,0.154643,0.0898211,0.144765,0.175632,0.245865,0.0826905,0.18572,0.451985,0.200244,0.740216,0.50092,0.709316,0.406662,0.263206,0.477061,0.502119,0.280365,0.206084,0.0797341,0.132027,0.980532,0.215606,0.410206,0.34258,0.0436867,0.0738324,0.132137,0.280582,0.130693,0.11622,0.0903922,0.0432174,0.0499325,0.0646664,0.115944,0.374693,0.63391,0.0751852,0.128826,0.124351,0.132282,0.0388983,0.103821,0.36455,0.423326,0.0947853,0.162976,0.215782,0.106853,0.0894316,0.19413,0.0468728,0.387419,0.222268,0.121401,0.137961,0.319484,0.264653,0.179886,0.531787,0.383106,0.259337,0.137976,0.0588681,0.23744,0.17762,0.825548,0.504345,0.157703,0.268631,0.359156,0.112114,0.144061,0.106338,0.0552557,0.607414,0.0863514,0.341097,0.224142,0.287908,0.0977579,0.107691,0.348368,0.11257,0.286842,0.263619,0.345823,0.63183,0.0602514,0.0685296,0.268779,0.0603864,0.412795,0.416658,0.365306,0.336826,0.192177,0.764678,0.20452,0.0956881,0.200524,0.0846234,0.307873,0.218584,0.155598,0.146887
0.583399,0.684946,0.618561,0.258071,0.61307,0.369547,0.525868,0.0495335,0.72992,0.520373,0.617347,0.509817,0.414359,0.421623,0.375195,0.477546,0.371285,0.596467,0.454433,0.491744,0.615168,0.405756,0.14652,0.577882,0.337473,0.553693,0.574787,0.599463,0.679956,0.641635,0.707277,0.250806,0.161879,0.215847,0.720111,0.35507,0.308523,0.369678,0.223994,0.288769,0.471092,0.639902,0.578298,0.370296,0.193689,0.433796,0.518369,0.299947,0.563858,0.613873,0.268218,0.504552,0.677885,0.614267,0.149941,0.575829,0.258237,0.626519,0.632458,0.832787,0.704475,0.681755,0.482095,0.357425,0.570345,0.614857,0.739786,0.45091,0.567521,0.429477,0.645225,0.436881,0.0881729,0.660086,0.475857,0.404781,0.488517,0.175502,0.110224,0.210437,0.510079,0.208081,0.209488,0.378659,0.554394,0.213732,0.641314,0.199371,0.165666,0.346126,0.587631,0.224348,0.103611,0.551937,0.677306,0.361467,0.749218,0.304387,0.215847,0.720111,0.64994,0.456936,0.55905,0.111232,0.256676,0.66314,0.352922,0.275663,0.431109,0.465639,0.281379,0.49247,0.690914,0.231587,0.124278,0.430918,0.428326,0.154595,0.289349,0.56379,0.52806,0.170938,0.453269,0.346744,0.095843,0.487859,0.149979,0.155603,0.459208,0.244828,0.297847,0,0.185731,0.267681,0.0953569,0.18071,0.466891,0.341134,0.578709,0.348512,0.300014,0.485208,0.640847,0.44294,0.382091,0.0702221,0.719956,0.439249,0.775684,0.251129,0.363129,0.660552,0.0552202,0.483572,0.410878,0.0559686,0.217147,0.325301,0.21714,0.432776,0.183943,0.316896,0.403396,0.0810831,0.291824,0.111561,0.29897,0.0755105,0.307635,0.0812016,0.250981,0.3715,0.0252121,0.429605,0.667914,0.280383,0.232743,0.175495,0.23796,0.107452,0.71406,0.193835,0.277168,0.198298,0.369885,0.303818,0.193754,0.554725,0.34344,0.4126,0.368803,0.631213,0.483113,0.507087,0.2618,0.226851,0.256736,0.1639,0.139139,0.147226,0.199468,0.147636,0.160211,0.138478,0.619104,0.495284,0.268678,0.221011,0.172241,0.250933,0.595213,0.399599,0.175625,0.386678,0.249522,0.0638756,0.318418,0.25731,0.258379,0.214447,0.649544,0.619372,0.281639,0.310049,0.333309,0.375556,0.554493,0.0553295,0.404973,0.285936,0.324549,0.195029,0.46144,0.327304,0.698302,0.0623034,0.619372,0.281639,0.259133,0.287268,0.931548,1,0.616986,0.302532,1,0.416626,0.133267,0.966544,0.295386,0.609091,0.298357,1,0.223172,0.391046,0.225189,0.608278,0.187846,0.557258,0.230647,0.450866,0.270358,0.557771,0.182746,0.160651,0.655792,0.250855,0.339555,0.346452,0.225469,0.189469,0.317874,0.383545,0.317185,0.394322,0.42939,0.790208,0.290579,0.975409,0.434845,0.19055,0.0910107,0.266619,0.167645,0.223172,0.391046,0.724007,0.792423,0.695966,0.123551,0.521501,0.154235,0.865177,0.80184,0.401549,0.187321,0.443798,0.447642,0.691299,0.370157,0.26677,0.191898,0.230596,0.329537,0.799256,0.14824,0.666052,0.31154,0.400709,0.2471,0.298358,0.232893,0.539921,0.198493,0.188213,0.352624,0.327742,0.318671,0.200156,0.167326,0.42449,0.745273,0.263731,0.221011,0.172241,0.246394,0.385382,0.119794,0.365029,0.169519,0.391025,0.136155,0.0783771,0.256491,0.141494,0.485205,0.136911,0.219522,0.444267,0.329704,0.418269,0.199377,0.488521,0.517716,0.19775,0.284017,0.324536,0.325118,0.281514,0.12764,0.196202,0.267833,0.305494,0.470245,0.262841,0.224761,0.166253,0.182841,0.255539,0.161595,0.619966,0.262325,0.2447,0.0940749,0.0826958,0.204705,0.483113,0.507087,0.238693,0.144359,0.181151,0.184004,0.118355,0.129949,0.319325,0.453745,0.0435098,0.286798,0.239716,0.307661,0.240186,0.0335679,0.0449295,0.461327,0.292539,0.188129,0.16623,0.329537,0.799256,0.38412,0,0.663631,0.0618755,0.373762,0.061956,0.458871,0.139393,0.752479,0.172642,0.215685,0.361598,0.409585,0.137503,0.180931,0.341249,0.0874302,0.27362,0.0489899,0.487376,0.0958214,0.13466,0.060902,0.188558,0.350982,0.12234,0.263524,0.302948,0.228208,0.321123,0.132568,0.139042,0.414499,0.132096,0.514159,0.558373,0.614706,0.383575,0.166569,0.361357,0.248857,0.165729,0.287833,0.104902,0.195447,0.172583,0.151467,0.221492
0.673417,0.674243,0.364758,0.38347,0.734215,0.2975,0.432627,0.140569,0.534919,0.316319,0.386127,0.253433,0.317466,0.341745,0.263879,0.271824,0.208128,0.682937,0.600201,0.174231,0.744962,0.443603,0.186181,0.414522,0.392856,0.395086,0.480782,0.39661,0.425494,0.708262,0.576313,0.259309,0.1527,0.477297,0.580565,0.414951,0.433575,0.621154,0.362519,0.350053,0.31253,0.472498,0.465918,0.458987,0.211974,0.33224,0.410228,0.409852,0.469811,0.551199,0.613526,0.453198,0.902067,0.718821,0.309315,0.606196,0.327437,0.74257,0.835166,0.702328,0.721629,0.558097,0.308221,0.273162,0.235719,0.38268,0.309491,0.764604,0.244153,0.41802,0.499365,0.355687,0.205721,0.639601,0.330745,0.526252,0.460678,0.0687096,0.2043,0.182137,0.445262,0.118664,0.253459,0.181309,0.215347,0.260051,0.609181,0.138784,0.406159,0.429735,0.333724,0.140192,0.0714367,0.408336,0.472948,0.362327,0.733735,0.29535,0.477297,0.580565,0.620276,0.2807,0.679064,0.105313,0.38958,0.772378,0.411904,0.245608,0.663278,0.563906,0.64927,0.35704,0.735253,0.406228,0.206888,0.31545,0.432582,0.196582,0.240997,0.566823,0.501796,0.257778,0.79161,0.38714,0.085998,0.71602,0.1202,0.144108,0.386088,0.295048,0.359245,0.31112,0.0738953,0.152158,0.118415,0.181955,0.315681,0.226335,0.709661,0.183558,0.285361,0.872588,0.562355,0.0806552,0.703974,0.118562,0.706012,0.468088,0.505111,0.150741,0.305298,0.559121,0.0439362,0.715647,0.420556,0.0810993,0.41567,0.637313,0.38183,0.266151,0.150689,0.55546,0.460017,0.106492,0.251911,0.0762684,0.52677,0.128536,0.308852,0.00791116,0.510169,0.306651,0.00260009,0.420205,0.317353,0.285214,0.164511,0.106587,0.451911,0.246952,0.480016,0.258284,0.321747,0.208893,0.255622,0.422054,0.206394,0.747179,0.387595,0.348235,0.27032,0.475477,0.349926,0.73227,0.372157,0.211453,0.430723,0.221892,0.0761408,0.290926,0.0996129,0.155801,0.109962,0.335895,0.783857,0.509837,0.227981,0.179086,0.166541,0.434925,0.499458,0.21813,0.264043,0.375833,0.217556,0.156644,0.415071,0.177493,0.190331,0.273265,0.0890031,0.667365,0.188561,0.356984,0.279742,0.244555,0.456713,0.229774,0.419868,0.400168,0.348429,0.176138,0.312533,0.560515,0.351334,0.138635,0.667365,0.188561,0.219436,0.335434,0.895421,0.104195,0.5389,0.521532,0.521741,0.320905,0.226898,0.691589,0.239868,0.529875,0.258314,0.14726,0.340735,0.223778,0.119691,0.561436,0.263686,0.546293,0.314189,0.329219,0.196397,0.617809,0.250829,0.132794,0.464543,0.132846,0.285325,0.303311,0.152105,0.241492,0.825031,0.196023,0.162421,0.267037,0.39334,0.859646,0.542484,0.858347,0.26751,0.0851506,0.110457,0.22449,0.339088,0.340735,0.223778,0.796642,0.547818,0.574115,0.196944,0.527465,0.128611,0.710878,0.753967,0.307805,0.18974,0.415688,0.48836,0.818115,0.330232,0.380025,0.198911,0.16532,0.448698,0.330477,0.106421,0.621359,0.211694,0.296864,0.079317,0.345374,0.144208,0.587269,0.131311,0.112233,0.159084,0.2499,0.258679,0.0991127,0.202183,0.362639,0.629908,0.430154,0.179086,0.166541,0.217818,0.278632,0.142349,0.402651,0.069122,0.145954,0.222271,0.0631783,0.111766,0.320083,0.299482,0.111944,0.215564,0.522776,0.137634,0.579703,0.274654,0.826533,0.516349,0.45491,0.404469,0.413795,0.466901,0.197416,0.128198,0.236663,0.335287,0.261616,0.559331,0.386774,0.165292,0.118721,0.190347,0.242607,0.0998227,0.586777,0.0881052,0.105711,0.131418,0.140964,0.192034,0.349926,0.73227,0.13573,0.0756165,0.104961,0.184336,0.185487,0.913787,0.295036,0.213494,0.139986,0.295571,0.18831,0.343694,0.236347,0.776563,0.0298023,0.636168,0.258181,0.129472,0.145873,0.448698,0.330477,0.484977,0.00724976,0.665982,0.186042,0.222511,0.0980438,0.372115,0.141333,0.884777,0.204641,0.136167,0.34582,0.133723,0.128898,0.17519,0.300299,0.0627925,0.242039,0.232887,0.258675,0.188045,0.19341,0.155544,0.130263,0.184675,0.175092,0.197508,0.188894,0.653257,0.447434,0.145122,0.174786,0.26657,0.192883,0.548551,0.41815,0.632626,0.37027,0.197292,0.507004,0.174507,0.0715734,0.22193,0.279051,0.841103,0.163683,0.175136,0.211589
0.657237,0.467547,0.447916,0.510116,0.410631,0.713466,0.333743,0.0563289,0.511175,0.162407,0.205353,0.0933317,0.450913,0.0984009,0.171407,0.232036,0.382142,0.418443,0.432269,0.390003,0.594695,0.392511,0.241659,0.467795,0.22643,0.282148,0.379034,0.364802,0.343825,0.598781,0.624021,0.326856,0.219783,0.418277,0.342536,0.332845,0.169422,0.369274,0.367652,0.395445,0.309819,0.527744,0.353164,0.72502,0.691192,0.292892,0.101493,0.561881,0.528101,0.613285,0.530714,0.671771,0.655867,0.830517,0.18594,0.851429,0.512373,0.621153,0.595583,0.609341,0.5617,0.333331,0.409267,0.244154,0.503076,0.168584,0.193705,0.205042,0.21859,0.272743,0.739558,0.460449,0.196268,0.370224,0.701045,0.582337,0.547128,0.0508615,0.326115,0.614898,0.312705,0.478421,0.136578,0.180282,0.19854,0.365681,0.534081,0.0295546,0.549235,0.351805,0.374547,0.0587997,0.166621,0.437637,0.366878,0.118623,0.745805,0.139244,0.418277,0.342536,0.462731,0.33639,0.375693,0.109249,0.267692,0.701931,0.38336,0.285581,0.312183,0.588337,0.603884,0.45731,0.674066,0.48267,0.0924499,0.404874,0.77596,0.588785,0.0506293,0.342429,0.516835,0.278799,0.222639,0.340986,0.659519,0.542138,0.18239,0.0284387,0.521741,0.113974,0.162694,0.41995,0.280015,0.0231173,0.505322,0.191718,0.468848,0.412431,0.301955,0.135663,0.438763,0.623677,0.564988,0.292156,0.466398,0.363278,0.450662,0.579142,0.434875,0.0304202,0.423909,0.366891,0.0360724,0.723818,0.269252,0.242844,0.550735,0.343668,0.516255,0.095712,0.409061,0.498485,0.191066,0.192928,0.30348,0.0596988,0.521744,0.342128,0.446058,0.524468,0.0736077,0.443451,0.307462,0.113465,0.426211,0.812959,0.270943,0.142336,0.50863,0.347443,0.469991,0.453333,0.200319,0.369102,0.437706,0.464944,0.196292,0.580171,0.383428,0.6177,0.320926,0.55776,0.387343,0.554779,0.0747485,0.356643,0.624641,0.473784,0.0823046,0.226591,0.216843,0.0874618,0,0.179271,0.598046,0.804669,0.299063,0.0489077,0.240346,0.525405,0.55549,0.373375,0.377284,0.479605,0.201174,0.278677,0.392485,0.0516211,0.427367,0.426091,0.101201,0.584657,0.159619,0.393527,0.48483,0.157982,0.356607,0.0305932,0.372062,0.243494,0.144514,0.361397,0.274814,0.592348,0.241071,0.300925,0.584657,0.159619,0.0935522,0.460619,0.873749,0.318063,0.368416,0.236726,0.590928,0.465817,0.305525,0.726529,0.412653,0.434885,0.297138,0.0637653,0.221093,0.45603,0.54929,0.49738,0.323536,0.512306,0.277001,0.371612,0.118062,0.28719,0.283537,0.148211,0.415354,0.0223262,0.290637,0.0607092,0.0723866,0.064869,0.75942,0.201246,0.0936932,0.419207,0.221451,0.868917,0.60183,0.90283,0.227458,0.0752425,0.0602331,0.0744113,0.0365488,0.221093,0.45603,0.762615,0.24242,0.341193,0.123589,0.441904,0.0723848,0.550073,0.82602,0.331852,0.137574,0.292615,0.414947,0.486335,0.0558072,0.132224,0.068175,0.182192,0.291844,0.193768,0.0175865,0.506952,0.123324,0.0364634,0.050465,0.204864,0.0182767,0.442834,0.239924,0.305134,0.11023,0.119119,0.173194,0.0562181,0.262943,0.438393,0.607458,0.187474,0.0489077,0.240346,0.0618521,0.516164,0.057311,0.541886,0.0196599,0.197723,0.113015,0.0505979,0.348134,0.144631,0.0233606,0.0605051,0.14281,0.328178,0.0950376,0.268008,0.502055,0.632762,0.601915,0.385554,0.321311,0.374995,0.1692,0.143286,0.0640553,0.201587,0.660437,0.140245,0.401249,0.28079,0.145719,0.0543406,0.168901,0.452841,0.0865383,0.310049,0.130913,0.00429945,0.020624,0.0600628,0.0598473,0.387343,0.554779,0.0725446,0.0729971,0.0465731,0.0526292,0,0.52203,0.3049,0.643473,0.0328439,0.12245,0.0437095,0.158413,0.130618,0.393968,0.0472113,0.328822,0.0952187,0.0974146,0.0919872,0.291844,0.193768,0.168798,0.397811,0.310383,0.249427,0.106677,0.093117,0.152717,0.474576,0.836575,1,0.108456,0.267616,0.454897,0.160956,0.216016,0.0803946,0.0530311,0.910051,0.0261996,0.339924,0.190681,0.308627,0.092753,0.131013,0.0883919,0.139326,0.375922,0.112185,0.159297,0.416185,0,0.0562113,0.124822,0.0724838,0.280308,0.223774,0.262263,0.810175,0.313013,0.893509,0.208155,0.0474175,0.124691,0.120351,0.581548,0.237983,0.0598984,0.0256809
0.611093,0.474491,0.444801,0.338875,0.479807,0.499609,0.671778,0.0747034,0.463245,0.559437,0.601921,0.466971,0.22901,0.564276,0.534119,0.48171,0.198806,0.474103,0.545497,0.575981,0.535979,0.516576,0.231716,0.508402,0.254648,0.278299,0.581041,0.512424,0.621581,0.564357,0.570349,0.149983,0.10915,0.304565,0.472756,0.288281,0.227681,0.448298,0.302116,0.335832,0.546255,0.547221,0.382915,0.954152,0.388116,0.518723,0.396242,0.629481,0.801577,0.826184,0.521641,0.523117,0.518904,0.675054,0.222789,0.659949,0.430619,0.863807,0.333089,0.696979,0.534675,0.321797,0.527019,0.467432,0.232311,0.357936,0.361906,0.444905,0.253863,0.369919,0.644902,0.376067,0.0782862,0.484035,0.391451,0.501974,0.569309,0.154463,0.306607,0.428747,0.281117,0.2182,0.422268,0.310335,0.267729,0.250982,0.451185,0.216098,0.633876,0.28361,0.67867,0.253293,0.187089,0.247448,0.567632,0.5128,0.733993,0.293768,0.304565,0.472756,0.469385,0.435405,0.358155,0.101722,0.276523,0.573928,0.308412,0.114859,0.62698,0.507069,0.52826,0.484379,0.618418,0.293789,0.284965,0.414457,0.458472,0.167141,0.340362,0.400093,0.416874,0.13663,0.674358,0.30047,0.335921,0.775165,0.204339,0.0997697,0.612177,0.164836,0.354012,0.505489,0.0910278,0.154176,0.210833,0.141111,0.319671,0.343099,0.460984,0.223453,0.281986,0.623037,0.569883,0.36891,0.463322,0.148198,0.430586,0.37455,0.432151,0.15582,0.365319,0.51138,0.123736,0.643745,0.241618,0.117851,0.616382,0.594634,0.429815,0.123427,0.256906,0.65845,0.293045,0.0968705,0.229368,0.064197,0.36522,0.244781,0.356851,0.156461,0.101175,0.244761,0.0727486,0.175675,0.574152,0.436696,0.237897,0.100202,0.384679,0.120991,0.445712,0.189198,0.218518,0.217126,0.223047,0.00266857,0.143099,0.614916,0.370872,0.474366,0.199974,0.510254,0.331584,0.478327,0.176296,0.195861,0.30495,0.250408,0.224545,0.175456,0.160128,0.105626,0.255934,0.180561,0.447048,0.750481,0.102783,0.240728,0.235724,0.394152,0.612755,0.514688,0.207767,0.424651,0.121024,0.112796,0.295746,0.172698,0.26519,0.331646,0.326958,0.494865,0.184206,0.189034,0.242914,0.281883,0.319989,0.155023,0.350434,0.205994,0.162233,0.184739,0.315697,0.376635,0.605283,0.152421,0.494865,0.184206,0.23083,0.200293,0.871188,0.674259,0.385475,0.660975,0.481908,0.368265,0.192177,0.704934,0.199103,0.419392,0.207007,0.0986778,0.192709,0.27638,0.298486,0.548262,0.298283,0.532802,0.24329,0.331616,0.182379,0.417516,0.169002,0.305324,0.235744,0.188399,0.426259,0.267997,0.324932,0.0868224,0.765813,0.644347,0.316763,0.340959,0.108549,0.859954,0.497738,0.836578,0.394822,0.127059,0.0853579,0.170849,0.182651,0.192709,0.27638,0.76625,0.247165,0.271788,0.196389,0.444216,0.132066,0.59065,0.697365,0.297203,0.221333,0.17808,0.435966,0.395506,0.0675509,0.158343,0.222173,0.479983,0.470106,0.309997,0.078245,0.511929,0.319129,0.0832357,0.134209,0.305264,0.0731631,0.586477,0.196176,0.21467,0.398876,0.127835,0.222503,0.113901,0.2139,0.309335,0.676659,0.131979,0.240728,0.235724,0.285943,0.332001,0.0693478,0.563446,0.0628127,0.392562,0.266407,0.155253,0.213838,0.122061,0.188267,0.22692,0.186701,0.26574,0.283428,0.412044,0.339381,0.671798,0.596566,0.363991,0.212682,0.386518,0.194798,0.182907,0.158517,0.163428,0.36006,0.273783,0.406378,0.242173,0.123651,0.200236,0.177354,0.284763,0.029896,0.481859,0.313142,0.0995507,0.144548,0.14627,0.0683865,0.331584,0.478327,0.20085,0.190754,0.125777,0.245115,0.0949878,0.588677,0.429052,0.293743,0.0393979,0.20989,0.210512,0.213652,0.14531,0.447929,0.0423477,0.400888,0.183359,0.0952701,0.230079,0.470106,0.309997,0.29638,0.345699,0.465228,0.200436,0.178263,0.126864,0.205167,0.150794,0.861686,0.598116,0.194873,0.314163,0.388179,0.134904,0.0832533,0.262238,0.0926601,0.61748,0.106668,0.289788,0.244379,0.198116,0.148587,0.143849,0.108946,0.283836,0.308802,0.159244,0.131854,0.2736,0.149939,0.123125,0.170058,0.146784,0.299652,0.222126,0.39847,0.294608,0.229783,0.813248,0.127466,0.085373,0.108682,0.133979,0.647771,0.139531,0.146253,0.162665
0.568616,0.352919,0.303245,0.087089,0.475589,0.763505,0.428837,0.0880903,0.953943,0.329705,0.374266,0.202252,0.226191,0.242977,0.362456,0.265913,0.304274,0.765556,0.405871,0.877839,0.663023,0.429348,0.17596,0.380727,0.362748,0.0459548,0.697955,0.338838,0.531577,0.378927,0.355308,0.228662,0.157,0.473492,0.544499,0.237303,0.308842,0.412418,0.250501,0.284458,0.435332,0.299439,0.492806,0.746075,0.425197,0.301911,0.260458,0.759067,0.570343,0.650271,0.46974,0.665043,0.648386,0.751871,0.281741,0.600246,0.371975,0.886494,0.175311,0.773994,0.602537,0.614347,0.314249,0.299568,0.370976,0.152232,0.166176,0.753656,0.372876,0.448955,0.580576,0.377223,0.124756,0.767999,0.33548,0.748254,0.261571,0.0564762,0.101141,0.95019,0.326589,0.303674,0.167408,0.220056,0.348334,0.264764,0.321629,0.0554661,0.682007,0.337934,0.592734,0.132634,0.168898,0.4553,0.496277,0.403233,0.695257,0.120148,0.473492,0.544499,0.442562,0.280306,0.364457,0.0964216,0.253008,0.622477,0.554587,0.28011,0.652612,0.449592,0.548893,0.292715,0.519435,0.215469,0.160328,0.446903,0.420273,0.207085,0.156063,0.59622,0.20934,0.0860859,0.684469,0.4386,0.199328,0.706356,0.0636927,0.113153,0.629154,0.210325,0.28102,0.513452,0.068982,0.18477,0.181061,0.408757,0.274769,0.353368,0.345798,0.306671,0.510193,0.810327,0.653099,0.328665,0.519636,0.20986,0.694032,0.456604,0.510229,0.101004,0.158354,0.505147,0.596309,0.610615,0.710344,0.0487877,0.613672,0.503957,0.345823,0.214077,0.26256,0.372868,0.239425,0.0324341,0.0255566,0.263104,0.446089,0.169681,0.141006,0.103785,0.246047,0.291699,0.0196309,0.205099,0.204237,0.447883,0.225574,0.110291,0.576733,0.0817576,0.546395,0.312162,0.234311,0.155402,0.231148,0.483671,0.31239,0.680364,0.426953,0.539741,0.204715,0.452197,0.262936,0.463864,0.234125,0.196221,0.278563,0.103144,0.170465,0.65922,0.0910176,0.169186,0.0858965,0.18777,0.413637,0,0.443243,0.216835,0.206184,0.744471,0.599617,0.410345,0.16462,0.697591,0.403755,0.15753,0.255864,0.142803,0.223195,0.126766,0.411436,0.390999,0.30054,0.242525,0.165844,0.233489,0.55222,0.143096,0.51855,0.335293,0.403317,0.274205,0.327944,0.467174,0.460925,0.107409,0.390999,0.30054,0.272498,0.105306,0.847976,0.38633,0.615746,0.61158,0.538291,0.356704,0.199253,0.945495,0.278658,0.392882,0.178907,0.107352,0.247057,0.24585,0.444337,0.525285,0.316397,0.554675,0.259443,0.801272,0.214917,0.365706,0.200516,0.153329,0.321342,0.200918,0.245689,0.120186,0.205957,0.0996187,0.549866,0.12739,0.373329,0.241357,0.78438,0.90019,0.46003,0.855825,0.167487,0.202998,0.199523,0.0521868,0.117223,0.247057,0.24585,0.693207,0.450395,0.258505,0.521076,0.682691,0.0963824,0.804258,0.644537,0.372009,0.367894,1,0.562354,0.592754,0.248325,0.249026,0.174354,0.214753,0.903077,0.439762,0.0662856,0.509476,0.182881,0.165146,0.147771,0.411315,0.10289,0.723936,0.196153,0.296197,0.451992,0.145954,0.187804,0.141974,0.170034,0.385975,0.742308,0.854492,0.216835,0.206184,0.337817,0.372768,0.114709,0.586494,0.0686875,0.357162,0.142114,0.139176,0.509574,0.276713,0.26089,0.0923248,0.130803,0.849233,0.10719,0.801173,0.633847,0.645775,0.205283,0.376261,0.207696,0.389896,0.314619,0.238484,0.159927,0.239519,0.303372,0.233211,0.408349,0.33384,0.110965,0.151472,0.212879,0.38984,0.135722,0.451901,1,0.16625,0.0926777,0.103979,0.176307,0.262936,0.463864,0.129476,0.239578,0.139352,0.156546,0.102704,0.40447,0.175735,0.231605,0.0482553,0.140009,0.180773,0.314045,0.162304,0.379231,0.0379028,0.544233,0.189451,0.19151,0.103319,0.903077,0.439762,0.38485,1,0.661518,0.174478,0.218337,0.125086,0.237317,0.141542,0.843477,0.624185,0.0786941,0.38428,0.546369,0.246656,0.12301,0.187603,0.0895388,0.657647,0.160621,0.386968,0.279597,0.193545,0.0701265,0.0861008,0.371821,0.0923428,0.332009,0.153758,0.248966,0.275882,0.149232,0.110252,0.230355,0.189111,0.893409,0.375454,0.508655,0.148585,0.145527,0.848633,0.15242,0.110956,0.0878526,0.0957498,0.538024,0.310787,0.172169,0.326405
0.642969,0.649875,0.804713,0.389808,0.817899,0.131311,0.356088,0.189034,0.286783,0.187151,0.19808,0.262153,0.629059,0.141002,0.251146,0.182682,0.268731,0.260141,0.34181,0.271621,0.256154,0.456113,0.369708,0.331811,0.809058,0.65856,0.440642,0.498825,0.837352,0.443373,0.545083,0.878098,0.746226,0.00814119,0.348074,0.395648,0.175512,0.268399,0.608558,0.571589,0.251109,0.737228,0.4549,0.500226,0.306658,0.136964,0.551315,0.335654,0.206506,0.417004,0.402379,0.185792,0.14211,0.239973,0.100807,0.245655,0.267482,0.522783,0.621097,0.484429,0.255556,0.185954,0.306283,0.3336,0.584401,0.265074,0.77884,0.512614,0.55453,0.410478,0.335944,0.258087,0.0986254,0.376684,0.446166,0.456062,0.274553,0.08505,0.105874,0.783688,0.582685,0.276765,0.200952,0.468436,0.254361,0.467607,0.55152,0.111558,0.233761,0.329394,0.413639,0.187111,0.353773,0.507195,0.288046,0.123356,0.721436,0.573058,0.00814119,0.348074,0.623975,0.0892034,0.224609,0.67705,0.235223,0.576501,0.026721,0.483616,0.370033,0.305247,0.879884,0.263351,0.719389,0.468188,0.372295,0.298654,0.508376,0.334148,0.364905,0.674524,0.435746,0.248617,0.132593,0.916744,0.188656,0.424074,0.111954,0.188496,0.318486,0.341315,0.524727,0.229634,0.162077,0.191167,0.0628669,0.218882,0.399406,0.583544,0.294151,0.309789,0.670512,0.757728,1,0.25819,0.0152372,0.211302,0.675316,0.65019,0.383217,0.213605,0.165199,0.412607,0.0579937,0.548094,0.211235,0.26243,0.43558,0.764403,0.461638,0.256731,0.966155,0.0898721,0.545557,0.391991,0.622671,0.0563667,0.810712,0.143226,0.165702,0.148953,0.0550076,0.477079,0.00979238,0.124751,0.540362,0.418923,0.215335,0.119324,0.207461,0.166901,0.650995,0.53303,0.279574,0.26626,0.5197,0.737845,0.458311,0.578008,0.568613,0.8957,0.600178,0.564127,0.502156,1,0.347665,0.353201,0.536629,0.094875,0.256287,0.19494,0.488579,0.194269,0.211436,0.0825051,0.0649645,0.750092,0.413728,0.332607,0.259682,0.391236,0.495515,0.346023,0.247078,0.18785,0.195273,0.602455,0.463301,0.275538,0.284375,0.147586,0.714383,0.924836,0.244366,0.655758,0.492523,0.389028,0.561266,0.172241,0.837124,0.877701,0.195837,0.162882,0.536052,0.556024,0.1645,0.0995107,0.924836,0.244366,0.208343,0.480349,0.868974,0.0927061,0.253492,0.585681,0.788266,0.908884,0.451949,0.679485,0.378814,0.558491,0.243251,0.133542,0.0109328,0.393799,0.440461,0.820948,0.196937,0.954918,0.267417,0.263527,0.195765,0.764574,0.365444,0.189501,0.556606,0.224614,0.453005,0.305372,0.341812,0.0635758,0.682115,0.235595,0.412439,0.321044,0.212636,0.820081,0.379216,0.887272,0.304081,0.272475,0.111963,0.224264,0.19335,0.0109328,0.393799,0.778341,0.262845,0.454687,0.0135302,0.415269,0.137697,0.537729,0.776669,0.110722,0.247716,0.273806,0.858971,0.566404,0.383714,0.124154,0.190841,0.097559,0.0638182,0.353365,0.237137,0.589841,0.203396,0.494597,0.23729,0.69042,0.249196,0.356121,0.116233,0.194286,0.222747,0.27333,0.344426,0.137553,0.147328,0.404432,0.539677,0.204051,0.332607,0.259682,0.112511,0.328114,0.189996,0.295807,0.0836607,0.255484,0.231926,0.103715,0.167675,0.248551,0.361503,0.0681576,0.279261,0.229084,0.139837,0.238198,0.480461,0.619047,0.561539,0.220977,0.524166,0.288162,0.374932,0.189184,0.237463,0.203195,0.447141,0.188592,0.646581,0.89898,0.154171,0.189484,0.192854,0.340435,0.238058,0.63832,0.157466,0.0788363,0.158003,0.181361,0.267132,0.502156,1,0.144111,0.218272,0.184807,0.140403,0.107437,0.570407,0.473156,0.347465,0.0460471,0.417498,0.155131,0.308584,0.516728,0.370359,0.0232028,0.380546,0.208238,0.229625,0.195772,0.0638182,0.353365,0.316581,0.36486,0.869984,0.300757,0.34863,0.2228,0.413539,0.207786,0.865912,0.283772,0.272348,0.437818,0.248501,0.285013,0.184256,0.246755,0.170497,0.380424,0.117917,0.179269,0.143884,0.465586,0.136639,0.159549,0.376347,0.141337,0.282489,0.211915,0.220207,0.646243,0.234524,0.127835,0.330731,0.324183,0.20755,0.319249,0.454106,0.367992,0.238616,0.556318,0.246007,0.112858,0.679872,0.222118,0.413172,0.257964,0.297134,0.190906
0.304119,0.507663,0.442897,0.936398,0.306297,0.469975,0.611268,0.0564158,0.306779,0.584726,0.591989,0.245627,0.168149,0.364644,0.607695,0.314073,0.17069,0.820059,0.4653,0.24557,0.135675,0.517128,0.478685,0.153594,0.328078,0.0713381,0.570772,0.39728,0.376812,0.455805,0.367512,0.165269,0.143027,0.323527,0.319627,0.277517,0.275025,0.415241,0.35967,0.342529,0.328399,0.49818,0.430758,0.644638,0.239125,0.28707,1,0.476352,0.470989,0.333341,0.500223,0.612641,0.713612,0.566493,0.174938,0.620038,0.343936,0.774,0.294269,0.471089,0.509642,0.241654,0.32507,0.314092,0.316729,0.422167,0.848475,0.289275,0.230611,0.418789,0.484958,0.421945,0.201583,0.270714,1,0.396216,0.289169,0.136097,0.137888,0.460318,0.369351,0.226391,0.262669,0.0952406,0.161041,0.27458,0.355035,0.127017,0.527029,0.298444,0.293852,0.277667,0.114673,0.186876,0.422243,0.310831,0.723418,0,0.323527,0.319627,0.456434,0.25148,0.313524,0.0444473,0.593744,0.779694,0.218354,0.219419,0.791297,0.566772,0.0590909,0.305908,0.402184,0.903981,0.122628,0.396148,0.694894,0.601107,0.241675,0.185381,0.305405,0.519572,0.291364,0.362049,0.220858,0.889562,0.0899612,0.129542,0.471271,0.140613,0.197048,0.391328,0.558179,0.148013,0.0412134,0.450232,0.226663,0.258706,0.322105,0.131993,0.600795,0.653159,0.594008,0.121308,0.390432,0.185031,0.454834,0.717865,0.421056,0.0940686,0.148144,0.356571,0.10827,0.666049,0.443204,0.430997,0.632071,0.699385,0.96255,0.0828524,0.476717,0.587454,0.234738,0.364666,0.61906,0.139494,0.696059,0.115641,0.245901,0.05678,0.138764,0.701886,0.0216582,0.128711,0.290783,0.890433,0.117947,0.0887061,0.86129,0.511777,0.165967,0.554945,0.114878,0.721384,0.76078,0.708965,0.325021,0.627207,0.316035,0.431378,0.454901,0.681926,0.156536,0.892012,0.117409,0.608604,1,0.226141,0.148821,0.230719,0.306216,0.124618,0.150052,0.220572,0.62431,0.0834821,0.462723,0.0819566,0.165276,0.932649,0.637223,0.179143,0.457488,0.367465,0.298295,0.522357,0.724517,0.138016,0.265504,0.125547,0.0378199,0.30232,0.132775,0.839242,0.521404,0.312572,0.130846,0.124701,0.423034,0.2688,0.0848868,0.272015,0.328057,0.727244,0.195687,0.177705,0.30232,0.132775,0.172101,0.842865,0.824073,0.243547,0.376824,0.0890147,0,0.654587,0.404036,0.696868,0.585288,0.838794,0.561748,0.0655344,0.1074,0.424256,0.344368,0.562101,0.455155,0.532818,0.272967,0.384173,0.124155,0.487526,0.417728,0.193048,0.668747,0.126619,0.301547,0.122017,0.139632,0.0622284,0.722212,0.272893,0.214132,0.194764,0.0574942,0.837062,0.575599,0.679853,0.285119,0.109721,0.16499,0.136621,0.091867,0.1074,0.424256,0.679283,0.149665,0.514131,0.0889204,0.312195,0.342655,0.310684,0.693779,0.18531,0.254252,0.125237,0.465167,0.436761,0.124995,0.105251,0.112588,0.162686,0.563704,0.353823,0.00537617,0.771446,0.141457,0.157886,0.0629752,0.420412,0.215538,0.725656,0.254695,0.316044,0.255516,0.170312,0.133937,0.100045,0.242655,0.534779,0.666675,0.0940683,0.0819566,0.165276,0.294427,0.285808,0.0336141,0.495121,0.0445509,0.226243,0.110743,0.0561431,0.493255,0.140484,0.0705682,0.0988092,0.111328,0.132565,0.154379,0.575407,0.719814,0.71358,0.460617,0.157247,0.722256,0.357792,0.199287,0.0628057,0.244144,0.251246,0.650037,0.0764067,0.330038,0.487864,0.130978,0.124039,0.243541,0.270615,0.164251,0.447071,0.0982821,0.0767524,0.0672952,0.149366,0.110608,0.156536,0.892012,0.161635,0.12327,0.0560794,0.159089,0.0823149,0.407942,0.43027,0.25586,0.0261257,0.174118,0.136025,0.112248,0.307953,0.956065,0.0364851,0.268484,0.124565,0.0405439,0.0810353,0.563704,0.353823,0.0826014,0.139487,0.246668,0.323263,0.135006,0.183449,0.103479,0.47902,0.711042,0.284413,0.139077,0.512269,0.104485,0.139605,0.362267,0.181227,0.102679,0.151256,0.116343,0.527322,0.115008,0.737752,0.0768932,0.132119,0.186286,0.15243,0.37357,0.117966,0.179862,0.582681,0.135407,0.0697116,0.204996,0.120398,0.165174,0.403165,0.182719,0.528088,0.283928,0.333736,0.253288,0.0678247,0.266242,0.147754,0.956466,0.329866,0.125295,0.172322
0.558696,0.513863,0.585621,0.459298,0.746292,0.647815,0.458125,0.08021,0.732606,0.201717,0.278345,0.27667,0.711747,0.746233,0.219406,0.31871,1,0.376757,0,0.722394,0.556987,0.375607,0.356499,0.408161,0.412531,0.293422,0.334844,0.515134,0.648718,0.507339,0.440762,1,1,0.904737,0.199854,0.382218,0.118357,0.128012,0.438753,0.357419,0,0.586673,0.34378,0.329968,0.553507,0.733131,0.208637,0.449378,0.120136,0.244398,0.502755,0.149688,0.0581422,0.425792,0.144209,0.240319,0.502157,0.0746789,0.456317,1,0.71769,0.740799,0.497419,0.321908,0.666632,0.269938,0.0838122,0.510849,0.482,0.722796,0.120282,0,0.0645694,0.339715,0.572651,0.84395,0.661196,0.10102,0.347238,0.787716,0.352913,0.230592,0.361745,0.174817,0.229459,0.26205,0.460305,0.163514,0.31482,0.504631,0.412341,0.109905,0.950909,0.334864,0.326522,0.333545,0.739611,0.38149,0.904737,0.199854,0.596565,0.916321,0.221522,1,0.0830987,0.727475,0.416081,0.195963,0.0607271,0.267744,0.583569,0.472095,0.708896,0.463153,0.134229,0.331638,0.328514,0.378913,0.216204,0.768433,0.604228,0.303905,0.26389,0.392384,0.539978,0.0706974,0.182619,0.0868651,0.202172,0.160823,0.247271,0.460313,0.280632,0.206024,0.384558,0.254078,0.640584,0.569696,0.534452,0.152634,0.43445,0.764494,0.545865,0.165328,0.43449,0.244964,0.0369622,0.359769,0.460559,0.0618686,0.422973,0.614036,0.125828,0.402962,0.119995,0.303551,0.309182,0.219272,0.454343,0.144725,0.28729,0.0222656,0.461758,0.229331,0.380693,0.152584,0.580772,0.302997,0.317173,0.343819,0.181054,0.630753,0.0117489,0.106269,0.303333,0.213355,0.283117,0.153946,0.485199,0.237893,0.893056,0.399071,0.25034,0.311914,0.433564,0.527982,0.32315,0.453058,0.583695,0.695731,0.254808,0.454568,0.454036,0.687814,0.913314,0.325701,0.551348,0.348491,0.0618647,0.255184,0.220932,0.0942554,0.0784557,0.19155,0,0.738804,0.406669,0.260505,0.108236,0.509518,0.512155,0.0373537,0.37297,0.209118,0.217193,0.445143,0.402441,0.162872,0.22477,0.305015,0.146956,0.629054,0.176614,0.43179,0.499452,0.301551,0.904536,0.155744,0.2984,0.287574,0.417307,0.217421,0.241133,0.643801,0.682245,0.241635,0.629054,0.176614,0.184483,0.599579,0.832391,0.0874071,0.568736,0.567447,0.886376,0.361056,0.293771,0.846569,0.352944,0.460359,0.405822,0.0549788,0.304509,0.359211,0.373306,0.544315,0.311591,0.529287,0.294606,0.331803,0.161014,0.510015,0.329055,0.132335,0.354571,0.15235,0.285325,0.269479,0.137295,0.0237146,0.700652,0.250158,0.17528,0.343693,1,0.77284,0.402344,0.897375,0.275287,0.150601,0.120987,0.161553,0.124939,0.304509,0.359211,0.79926,0.166723,0.138867,0.168159,0.404417,0.360071,0.861769,0.833931,0.278712,0.289459,0.9306,0.444521,0.625897,0.169092,0.142659,0.143755,0.776528,0.0495891,0.170784,0.1078,0.509153,0.149696,0.106873,0.0874115,0.398131,0.191035,0.250394,0.164534,0.28298,0.175106,0.155016,0.304502,0.0736239,0.124562,0.45705,0.356449,1,0.260505,0.108236,0.332921,0.432037,0.11683,0.414984,0.0824975,0.181957,0.0802448,0.0266891,0.344539,0.170454,0.23949,0.110064,0.21062,1,0.0680927,0.236778,0.450456,0.471708,0.653531,0.208139,0.452029,0.347466,0.515077,0.160104,0.24134,0.265119,0.476051,0.143258,0.493224,0.417431,0.129295,0.106573,0.208342,0.34625,0.125342,0.355117,0.250677,0.0686098,0.0673209,0.11557,0.0873415,0.454036,0.687814,0.129805,0.0575473,0.091754,0.114913,0.0807351,0.883231,0.349452,0.59453,0.00455614,0.117629,0.12882,0.151533,0.193375,0.388743,0.0424547,0.567518,0.130534,0.109328,0.10825,0.0495891,0.170784,0.418187,0.588896,0.683568,0.283036,0.152506,0.176459,0.258711,0.344437,0.805903,0.388654,0.141569,0.468923,0.874381,0.119651,0.270708,0.127811,0.102027,0.517404,0.189077,0.528337,0.107488,0.473853,0.0380185,0.143904,0.278339,0.109043,0.105795,0.218913,0.267721,0.423004,0.110631,0.0912957,0.112146,0.0891964,0.99884,0.329975,0.432554,0.451619,0.187099,0.55343,0.388685,0.102023,0.346442,0.31025,0.568942,0.302788,0.10827,0.134892
0.581437,0.590753,0.336369,0.534745,0.336248,0,0.699606,0.0751796,0.646352,0.487492,0.561841,0.5782,0.176244,0.399506,0.371511,0.381841,0.210014,0.450349,0.453144,0.409714,0.449144,0.383316,0.147633,0.547718,0.595978,0.366609,0.467034,0.373702,0.413626,0.451014,0.404253,0.119146,0.101821,0.5495,0.624809,0.233864,0.0692181,0.630704,0.34093,0.370537,0.5487,0.359542,0.26699,0.738254,0.21121,0.380754,0.550244,0.538516,1,1,0.314083,0.499401,0.67077,0.74129,0.263369,0.522408,0.425752,0.804233,0.588057,0.734588,0.712497,0.427695,0.42024,0.352836,0.455302,0.430627,0.555906,0.189706,0.0936484,0.525836,0.68098,0.39967,0.151348,0.465159,0.586586,0.447212,0.610586,0.159405,0.273738,0.553812,0.357058,0.138538,0.510953,0.0682378,0.298372,0.19966,0.416788,0.12718,0.505043,0.351451,0.571532,0.112302,0.394193,0.506258,0.466352,0.524908,0.705317,0.228755,0.5495,0.624809,0.3149,0.103854,0.344,0.0921415,0.249287,0.538325,0.548665,0.206527,0.64395,0.514634,0.216313,0.613887,0.451526,0.46327,0.524875,0.288105,0.465346,0.335382,0.217627,0.18939,0.656923,0.27732,0.33609,0.337417,0.143537,0.71769,0.257017,0.0621348,0.421306,0.388016,0.45906,0.375292,0.15609,0.264486,0.0982419,0.217777,0.438677,0.404672,0.326069,0.165059,0.279698,0.648004,0.552263,0.319502,0.572556,0.351033,0.754595,0.499056,0.716556,0.0631998,0.52109,0.439536,0.0412234,0.606738,0.381513,0.146955,0.553385,0.469643,0.640068,0.242467,0.112024,0.371006,0.591685,0.1875,0.391654,0.0933703,0.566394,0.301369,0.507648,0.0300274,0.347731,0.381075,0.0253246,0.120509,0.586388,0.441424,0.362513,0.126247,0.426187,0.236638,0.577502,0.272952,0.141734,0.298867,0.308072,0.485118,0.114841,0.491069,0.480467,0.527313,0.312185,0.501382,0.523663,0.784422,0.47113,0.245543,0.639742,0.401434,0.0997045,0.197986,0.14373,0.0929542,0.0940706,0.230511,0.512271,0.714217,0.2867,0.135798,0.23729,0.412559,0.608376,0.288867,0.245701,0.393476,0.21864,0.20573,0.516113,0.168271,0.280413,0.450166,0.433749,0.344388,0.189583,0.493609,0.469526,0.25647,0.38918,0.103956,0.375991,0.344304,0.0611461,0.20831,0.385141,0.408955,0.781383,0.29341,0.344388,0.189583,0.172274,0.539791,0.762399,0.062993,0.451239,0.31076,0.52447,0.34313,0.261628,0.617705,0.226925,0.530305,0.354276,0.100069,0.249803,0.321675,0.209865,0.542953,0.346744,0.541307,0.210247,0.307179,0.139694,0.554831,0.312165,0.0822085,0.239281,0.231906,0.244114,0.108499,0.251779,0.0648952,0.509866,0.183338,0.258584,0.389156,0.13548,0.746592,0.32077,0.753495,0.34148,0.12808,0.114492,0.227465,0.141042,0.249803,0.321675,0.727825,0.213292,0.167553,0.175793,0.385874,0.141276,0.627499,0.722046,0.252812,0.144722,0.168787,0.436293,0.396846,0.214166,0.0917354,0.175199,0.164793,0.32488,0.492907,0.198533,0.664311,0.179185,0.311324,0.107168,0.328755,0.126911,0.549386,0.157122,0.163461,0.224221,0.189878,0.316226,0.146334,0.261868,0.206868,0.542,0.166718,0.135798,0.23729,0.0626682,0.626614,0.210588,0.422696,0.0829894,0.265555,0.309274,0.112831,0.189785,0.120737,0.152194,0.0921038,0.298833,0.17585,0.131463,0.443615,0.348091,0.651854,0.531877,0.114273,0.657465,0.390067,0.252782,0.262497,0.150888,0.178527,0.403193,0.258944,0.751047,0.390924,0.15657,0.152841,0.164613,0.254949,0.194083,0.625979,0.0649389,0.135529,0.102481,0.0321826,0.109133,0.523663,0.784422,0.102667,0.137752,0.161806,0.167578,0.123377,0.344468,0.355707,0.33145,0.0271369,0.140302,0.216869,0.112423,0.363398,0.253076,0.0281796,0.254983,0.193681,0.129691,0.183335,0.32488,0.492907,0.194976,0.333487,0.304359,0.31697,0.237538,0.0936631,0.576638,0.25186,0.799404,0.363138,0.094214,0.342019,0.0665364,0.163677,0.212865,0.398537,0.111643,0.410203,0.136203,0.272088,0.122423,0.207508,0.0748688,0.102593,0.346229,0.124913,0.222323,0.237899,0.180964,0.799143,0.0846434,0.171262,0.189412,0.205084,0.22982,0.346725,0.197094,0.442311,0.221542,0.591479,0.133332,0.0438812,0.187112,0.230298,0.375014,0.187808,0.0897369,0.166816
0.697002,0.359688,0.544532,0.150591,0.50039,0.73909,0.312415,0.0837459,0.670776,0.275109,0.304065,0.150626,0.324749,0.257163,0.581622,0.346191,0.393182,0.528752,0.416776,0.685011,0.318218,0.433191,0.158864,0.394569,0.247908,0.388844,0.639904,0.463116,0.663521,0.663022,0.627984,0.430128,0.251487,0.207723,0.61062,0.39565,0.322912,0.44506,0.38093,0.408443,0.293364,0.631315,0.575245,0.637843,0.287182,0.198121,0.4331,0.52582,0.426018,0.504319,0.375121,0.462424,0.935855,0.813221,0.678068,0.602644,0.695826,0.727023,0.225604,0.605893,0.557484,0.388882,0.311469,0.256415,0.491141,0.115281,0.461449,0.582729,0.334409,0.273986,0.588844,0.347697,0.0791377,0.643287,0.306302,0.532053,0.7301,0.104074,0.53153,0.351847,0.345741,0.200139,0.240885,0.221857,0.261324,0.490234,0.388173,0.128245,0.491789,0.243078,0.763661,0.153569,0.214473,0.319922,0.295932,0.28805,0.697768,0.452567,0.207723,0.61062,0.518,0.205055,0.642297,0.199754,0.238041,0.612353,0.359568,0.519285,0.465405,0.374411,0.497984,0.407467,0.660744,0.223994,0.132123,0.360661,0.349772,0.195834,0.131929,0.47549,0.28012,0.0378408,0.153261,0.287971,0.369112,0.60219,0.165006,0.141484,0.456379,0.160422,0.459738,0.304813,0.055544,0.23829,0.145105,0.157913,0.537776,0.409771,0.318265,0.189441,0.231045,0.571595,0.543686,0.357537,0.656266,0.355358,0.552429,0.493755,0.549268,0.071052,0.514366,0.453574,0.286411,0.64162,0.492113,0,0.481301,0.432137,0.26633,0.240509,0.123996,0.577344,0.31514,0.0380105,0.107374,0.242538,0.386151,0.333034,0.440332,0.124207,0.272154,0.195169,0.0303237,0.158999,0.765528,0.367232,0.369265,0.0933845,0.292857,0.0890554,0.389565,0.328825,0.191189,0.170959,0.270442,0.252767,0.183699,0.563242,0.531968,0.546178,0.18484,0.506427,0.392511,0.504426,0.250674,0.145434,0.216322,0.469117,0.193798,0.393818,0.108098,0.177584,0.145451,0.447392,0.826983,0.472291,0.152615,0.249866,0.230283,0.306915,0.445538,0.414297,0.259728,0.615534,0.158061,0.168665,0.216791,0.196991,0.218083,0.488794,0.320921,0.46126,0.311173,0.13804,0.625071,0.316045,0.436133,0.128811,0.341068,0.177572,0.417721,0.172596,0.438166,0.461256,0.33762,0.357875,0.46126,0.311173,0.255562,0.144485,0.808794,0.247332,0.566195,0.710907,0.608665,0.213806,0.224401,0.793736,0.229575,0.675992,0.12188,0.111715,0.204757,0.234898,0.166976,0.545324,0.241323,0.533627,0.183018,0.439432,0.16934,0.471775,0.183182,0.134969,0.399283,0.130538,0.283042,0.210849,0.242978,0.0867372,0.646927,0.248979,0.211627,0.513912,0.159515,0.828849,0.54893,0.852673,0.130167,0.0859439,0.0928884,0.272299,0.205466,0.204757,0.234898,0.483962,0.275824,0.444786,0.215045,0.499189,0.0322966,0.703393,0.502812,0.258721,0.110039,0.24084,0.424868,0.469312,0.220757,0.214335,0.192986,0.309265,0.482584,0.303463,0.0831573,0.827753,0.181276,0.269151,0.135224,0.469753,0.174092,0.696085,0.246151,0.2507,0.166964,0.224076,0.161854,0.0735123,0.329807,0.521072,0.669897,0.156447,0.249866,0.230283,0.171771,0.883523,0.0795661,0.634782,0.0810459,0.306451,0.114198,0.164266,0.272743,0.155497,0.3079,0.0984383,0.234786,0.295942,0.122745,0.556385,0.272,0.554419,0.61641,0.284114,0.187878,0.85619,0.276499,0.197499,0.180991,0.159829,0.254984,0.172502,0.452135,0.261228,0.131054,0.145493,0.120894,0.311016,0.16652,0.405298,0.290486,0.125897,0.0876436,0.103776,0.140262,0.392511,0.504426,0.178617,0.161787,0.0960778,0.169613,0.107328,0.142543,0.340234,0.29591,0.0460379,0.179422,0.199681,0.193064,0.119079,0.148104,0.0912061,0.564882,0.187477,0.225681,0.13164,0.482584,0.303463,0.342719,0.229242,0.620605,0.210027,0.220963,0.113993,0.198724,0.120699,0.798863,0.445223,0.187943,0.22988,0.309944,0.164077,0.192248,0.261687,0.117,0.518976,0.0674519,0.348958,0.187828,0.114363,0.147044,0.138617,0.231946,0.10789,0.311647,0.162546,0.165395,0.349152,0.178793,0.12228,0.288385,0.176376,0.36521,0.485289,0.485578,0.472172,0.221889,0.627091,0.225841,0.11726,0.180786,0.172645,0.327092,0.110771,0.114908,0.236173
0.741826,0.475228,0.504753,0.380931,0.364382,0.73224,0.343864,0.09206,0.609794,0.29836,0.329783,0.148389,0.346582,0.425826,0.601575,0.152202,0.218634,0.729605,0.752492,0.621115,0.49927,0.559391,0.176827,0.480074,0.221929,0.32209,0.556562,0.443652,0.352296,0.372075,0.446634,0.148323,0.0555407,0.341225,0.337382,0.340719,0.325128,0.309172,0.461117,0.489828,0.443751,0.654012,0.554377,0.718334,0.295787,0.273989,0.258396,0.447877,0.543627,0.570911,0.705494,0.477123,0.37528,0.372962,0.207537,0.627252,0.422871,0.801415,0.264259,0.730031,0.637646,0.625587,0.468025,0.303702,0.492942,0,0.272934,0.263579,0.3415,0.276819,0.63643,0.389035,0.0966903,0.629083,0.335372,0.582991,0.512151,0.510404,0.399433,0.496036,0.20601,0.152439,0.233088,0.362535,0.379925,0.289329,0.530891,0.0572448,0.44161,0.282242,0.584581,0.106149,0.265115,0.294632,0.510355,0.323266,1,0.263434,0.341225,0.337382,0.522803,0.748641,0.125298,0.0883023,0.431679,0.837367,0.382245,0.255764,0.51579,0.664555,0.340325,0.357951,0.608204,0.307132,0.0974079,0.414386,0.398391,0.169695,0.0543817,0.461374,0.425276,0.0889916,0.301912,0.315144,0.383229,0.778719,0.17554,0.0399797,0.68044,0.20684,0.561739,0.260936,0.084497,0.153579,0.241878,0.235838,0.37507,0.28942,0.161038,0.162028,0.317216,0.594419,0.518053,0.324983,0.7673,0.405249,0.614132,0.547875,0.480837,0.103916,0.449398,0.056329,0.0674957,0.820632,0.749138,0.0559867,0.482023,0.646359,0.385677,0.100427,0.23397,0.965552,0.275076,0.0732373,0.135174,0.092407,0.450507,0.259099,0.500082,0.137887,0.0998236,0.18044,0.0399804,0.21827,0.351882,0.294335,0.358654,0.149437,0.412424,0.1922,0.387955,0.288052,0.306825,0.189584,0.273659,0.246005,0.171143,0.572748,0.426921,0.471406,0.144622,0.502728,0.00518297,0.534122,0.0499443,0.152303,0.299621,0.459901,0.0969506,0.219171,0.0639354,0.118057,0.196366,0.140992,0.401674,0.621223,0.186351,0.115255,0.303133,0.415528,0.535388,0.567163,0.218464,0.440921,0.181094,0.205565,0.306699,0.134841,0.193478,0.439064,0.271817,0.588368,0.164575,0.214227,0.368076,0.289071,0.539886,0.0716899,0.386686,0.238369,0.086533,0.11031,0.265439,0.394885,0.615346,0.369394,0.588368,0.164575,0.083714,0.206211,0.855076,0.288211,0.286555,0.447729,0.5179,0.134904,0.195961,0.743743,0.246249,0.436988,0.121,0.0598992,0.223728,0.118984,0.263656,0.504496,0.260494,0.516171,0.326724,0.418588,0.137773,0.50155,0.199683,0.115722,0.289345,0.252088,0.23538,0.0463937,0.133407,0.154441,0.821265,0.153399,0.16685,0.25094,0.15377,0.966702,0.592912,0.880385,0.168722,0.177976,0.0267067,0.198759,0.147951,0.223728,0.118984,0.624333,0.272546,0.269007,0.15654,0.510966,0.121237,0.533842,0.597403,0.176074,0.219795,0.173543,0.417948,0.461904,0.144282,0.186923,0.16106,0.0637988,0.562421,0.356752,0.0849144,0.512984,0.120474,0.218329,0.122303,0.307277,0.143629,0.702361,0.132137,0.227462,0.74013,0.121197,0.183891,0.091226,0.308805,0.292,0.809586,0.0402985,0.115255,0.303133,0.18827,0.652336,0.0762103,0.50252,0.0706519,0.235691,0.16359,0.265792,0.0156416,0.110245,0.377028,0.0718105,0.205171,0.351092,0.0537413,0.657449,0.324725,0.802717,0.330071,0.411599,0.100157,0.335388,0.286386,0.243136,0.0987613,0.231439,0.290919,0.194358,0.347726,0.277464,0.072317,0.168299,0.291225,0.129668,0.205459,0.368541,0.123485,0.0988555,0.0330844,0.108802,0.17731,0.00518297,0.534122,0.13078,0.0783477,0.138969,0.140713,0.060953,0.463765,0.254395,0.0926204,0.0785635,0.180116,0.0704424,0.154694,0.118413,0.653276,0.0082593,0.576917,0.156377,0.174381,0.120999,0.562421,0.356752,0.351876,0.378835,0.496543,0.17727,0.121017,0.0679164,0.206813,0.399408,0.851796,0.727556,0.0589361,0.231749,0.551962,0.104682,0.0878405,0.265998,0.0837078,0.73445,0.0241455,0.290221,0.179408,0.191726,0.10875,0.189507,0.0774265,0.0936267,0.313796,0.235359,0.145681,0.179606,0.0607297,0.0767485,0.16829,0.10725,0,0.278026,0.529909,0.266177,0.151959,0.845724,0.11383,0.0563924,0.22219,0,0.843577,0.05215,0.0398433,0.145409
0.836176,0.687616,0.346676,0.492655,0.473041,0.704411,0.473003,0.0516091,0.492712,0.302922,0.336371,0.19725,0.311007,0.430105,0.446808,0.363804,0.329816,0.712487,0.465332,0.34398,0.238224,0.453349,0.283211,0.276558,0.286249,0.492866,0.342588,0.516382,0.561035,0.516402,0.433975,0.2936,0.189834,0.461075,0.487103,0.398698,0.280367,0.473467,0.437177,0.414102,0.193298,0.481786,0.409129,0.572106,0.343854,0.49588,0.531012,0.563177,0.354631,0.471603,0.537761,0.428221,0.535441,0.544902,0.920495,0.429654,0.430084,0.731467,0.587004,0.667846,0.775934,0.555243,0.309079,0.283001,0.427526,0.203546,0.363156,0.296868,0.285554,0.645501,0.391733,0.300514,0.0705785,0.581632,0.485271,0.554806,0.561326,0.219813,0.257478,0.522821,0.379944,0.113025,0.237275,0.040695,0.228945,0.246108,0.579672,0.108012,0.297085,0.485591,0.412597,0.117943,0.290715,0.235979,0.311601,0.154153,0.779038,0.288448,0.461075,0.487103,0.4319,0.164577,0.330038,0.156252,0.338251,0.465392,0.274514,0.209888,0.544213,0.534251,0.24467,0.329927,0.662338,0.450406,0.166518,0.49224,0.393689,0.303219,0.266303,0.315206,0.542694,0.257067,0.135348,0.434455,0.307195,0.623003,0.220871,0.117356,0.702796,0.15676,0.226639,0.28163,0.213502,0.156752,0.256632,0.246079,0.448462,0.391306,0.395821,0.191522,0.423712,0.588763,0.467852,0.694196,0.769231,0.338844,0.779575,0.358322,0.58568,0.0708091,0.416375,0.34289,0.109504,0.583962,0.511577,0.283454,0.339168,0.394692,0.618093,0.139703,0.224752,0.405346,0.326375,0.263223,0.502623,0.0821457,0.598874,0.275413,0.589886,0.175722,0.196873,0.360769,0.0621562,0.121001,0.447553,0.368207,0.23604,0.147817,0.467456,0.200459,0.622041,0.265368,0.191939,0.264873,0.366875,0.354272,0.26282,0.573093,0.656267,0.497983,0.281583,0.449021,0.346735,0.693584,0.441593,0.309664,0.534955,0.430744,0.105341,0.173855,0.174922,0.118416,0.0890074,0.269163,0.362816,0.71047,0.254676,0.186635,0.198695,0.448541,0.387662,0.698653,0.273148,0.256086,0.31833,0.380433,0.572373,0.165425,0.231461,0.41878,0.267314,0.361786,0.207566,0.386139,0.579094,0.331912,0.347528,0.0383618,0.362604,0.286059,0.120716,0.192706,0.370443,0.712198,0.219909,0.3181,0.361786,0.207566,0.241296,0.508438,0.827747,0.173429,0.481382,0.371037,0.573604,0.252249,0.306232,0.687452,0.266434,0.48592,0.28673,0.0801761,0.0819599,0.262049,0.317142,0.524509,0.184966,0.52708,0.178186,0.334874,0.167682,0.384691,0.266657,0.154744,0.256527,0.20471,0.292549,0.161415,0.164791,0.0949412,0.510975,0.0885885,0.149668,0.252385,0.212311,0.745573,0.722078,0.721654,0.268014,0.112569,0.143341,0.177309,0.0320827,0.0819599,0.262049,0.68811,0.45319,0.269419,0.0596163,0.266365,0.187686,0.654292,0.673788,0.486505,0.188034,0.281464,0.445069,0.392372,0.0854266,0.107429,0.118047,0.159496,0.659699,0.21945,0.0248143,0.60153,0.173996,0.0753258,0.0828225,0.394885,0.0518394,0.475665,0.219783,0.223532,0.205511,0.227351,0.215427,0.0898657,0.204075,0.392104,0.3788,0.2426,0.186635,0.198695,0.255194,0.420465,0.0678958,0.40814,0.0976316,0.142646,0.166714,0.186097,0.232599,0.104229,0.163422,0.0771689,0.156032,0.438886,0.0572908,0.543607,0.356618,0.669626,0.691657,0.10612,0.605113,0.42371,0.396596,0.17077,0.0958011,0.142494,0.379543,0.178931,0.452768,0.572879,0.0901047,0.0558593,0.203889,0.282191,0.112206,0.257779,0.362638,0.0556485,0.0454723,0.100941,0.1,0.346735,0.693584,0.20648,0.134704,0.0626487,0.187753,0.0262195,0.677915,0.37137,0.150733,0.0304415,0.17994,0.0923255,0.0775263,0.281146,0.455038,0.032793,0.471704,0.168778,0.131914,0.0526588,0.659699,0.21945,0.362096,0.240798,0.738944,0.274642,0.153378,0.0690721,0.182764,0.190923,0.812338,0.467274,0.0397817,0.453622,0.199115,0.112645,0.183425,0.130615,0.112029,0.493008,0.00427385,0.427605,0.0756718,0.199569,0.0420864,0.132257,0.33636,0.124007,0.264301,0.0959825,0.276602,0.554819,0.113282,0.0513641,0.140536,0.109589,0.342742,0.502072,0.629221,0.282217,0.220831,0.752923,0.175247,0.0693606,0.187251,0.105566,0.688594,0.163934,0.0631436,0.0686115
0.424634,0.507878,0.523461,0.452822,0.589159,0.22237,0.161542,0.183758,0.514233,0.143927,0.176832,0.193592,0.422399,0.320982,0.370716,0.19879,0.280439,0.853153,0.94933,0.523953,0.50013,0.401157,0.415418,0.67076,0.725608,0.231588,0.651963,0,0.193637,0.136841,0.0593695,0.201171,0.143003,0.503103,0.674077,0.393682,0.146361,0.851634,0.416161,0.292469,0.457752,0.558189,0.257718,0.895193,0.277898,0.189576,0.310993,0.596391,0.830619,0.932251,0.723533,0.575181,0.527914,0.908514,0.222793,0.825888,0.689778,0.961795,0.291283,0.799851,0.445283,0.429528,0.349494,0.364177,0.466499,0.151749,0.301775,0.761859,0.310175,0.363023,0.820435,0.420473,0.0880928,0.175772,0.385055,0.446437,0.563166,0.0911082,0.232412,0.480333,0.461608,0.250521,0.290932,0.232236,0.175414,0.412391,0.115823,0.0750369,0.558862,0.240227,0.582673,0.112382,0.0597885,0.760645,0.452597,0.0413857,0.465336,0.301603,0.503103,0.674077,0.418833,0.0785528,0.372291,0.0904294,0.255081,0.493207,0.30049,0.27748,0.498586,0.271204,1,0.325912,0.39482,0.481452,0.261062,0.329303,0.341456,0.243461,0.298589,0.525822,0.43702,0.198026,0.204101,0.698192,0.247308,0.799805,0.111427,0.186913,0.369549,0.471712,0.369052,0.385008,0.10403,0.12926,0.124997,0.170559,0.523307,0.624246,0.408242,0.282257,0.672252,0.770091,0.995196,0.198912,0.149652,0.265919,0.221381,0.567182,0.641776,0.143307,0.411379,0.793987,0.0962676,0.579291,0.27449,0.331765,0.566917,0.830325,0.427652,0.248822,0.239676,0.367364,0.307465,0.275675,0.386949,0.124113,0.919968,0.300343,0.257167,0.149651,0.336825,0.343129,0.0376176,0.180911,0.438864,0.329771,0.262925,0.161519,0.371424,0.163276,0.342804,0.441503,0.266796,0.234608,0.340068,0.658628,0.192341,0.538297,0.39887,0.919981,0.213951,0.511644,0.565014,0.607713,0.444191,0.177957,0.343104,0.296274,0.182595,0.151074,0.250552,0.231957,0.256249,0.32324,0.433917,0.734376,0.109389,0.21846,0.200877,0.384262,0.552104,0.329448,0.241366,0.493693,0.301286,0.274702,0.48079,0.238864,0.326371,0.306563,0.344741,0.56092,0.324901,0.490556,0.568413,0.339275,0.583403,0.114319,0.813386,0.843263,0.321449,0.177512,0.536771,0.756064,0.250405,0.211146,0.56092,0.324901,0.168001,0.331219,0.94166,0.136793,0.321248,0.649558,0.676118,0.32156,0.242687,0.897582,0.281615,0.499216,0.166086,0.134515,0.0695047,0.244214,0.355625,0.809432,0.239724,1,0.490066,0.490203,0.284734,0.68818,0.240664,0.130348,0.360362,0.281634,0.226499,0.178112,0.391618,0.0988766,0.570435,0.249755,0.486738,0.364013,0.209856,0.826158,0.332522,0.834206,0.274335,0.178164,0.0235601,0.313165,0.194635,0.0695047,0.244214,0.628368,0.409677,0.287349,0.176874,0.609886,0.0405117,0.573226,0.662692,0.579528,0.239693,0.269355,0.921689,0.449011,0.26538,0.289197,0.217615,1,0.173116,0.538855,0.121962,0.645543,0.201354,0.528321,0.206642,0.470685,0.314386,0.679603,0.220891,0.192648,0.345914,0.229265,0.193302,0.209476,0.200565,0.225494,0.620505,0.201912,0.21846,0.200877,0.377508,0.44866,0.108007,0.557292,0.112981,0.349539,0.0919532,0.111273,0.333001,0.226292,0.442536,0.0830734,0.154181,0.325228,0.201122,0.182881,0.344495,0.494446,0.437495,0.221965,0.495483,0.371416,0.377341,0.271153,0.380297,0.411609,0.317392,0.323486,0.525466,0.556581,0.236404,0.265864,0.168741,0.271951,0.230676,0.699272,0.162966,0.0840959,0.176096,0.153439,0.103227,0.565014,0.607713,0.622204,0.142276,0.242509,0.220566,0.268271,0.426502,0.362454,0.216793,0.0773327,0.238027,0.308875,0.312549,0.369023,0.136963,0.0301424,0.758705,0.131312,0.23077,0.125683,0.173116,0.538855,0.131821,0.200186,0.787413,0.307353,0.133217,0.23311,0.310505,0.148893,0.833473,0.268836,0.157519,0.19122,0.121946,0.216095,0.163659,0.0475595,0.0920751,0.248769,0.0615594,0.736262,0.123077,0.277875,0.0616673,0.124902,0.189524,0.158104,0.332783,0.235208,0.294155,0.49566,0.310477,0.147498,0.187624,0.281124,0.432283,0.306337,0.32205,0.359493,0.200097,0.592213,0.262175,0.190866,0.301176,0.19288,0.128298,0.173957,0.224812,0.184492
0.554224,0.513911,0.723762,0.237401,0.823563,0.948439,0.515976,0.0379767,0.559198,0.475111,0.515414,0.387997,0.507299,0.557509,0.521797,0.328295,0.234782,0.411453,0.211002,0.526389,0.0412521,0.636964,0.265488,0.116045,0.296964,0.140882,0.436448,0.483606,0.631565,0.484058,0.617055,0.689742,0.735339,0.557026,0.304551,0.484509,0.855113,0.0516411,0.395062,0.542118,0.277357,0.597885,0.898513,0.637538,0.177504,0.393541,0.425886,0.304791,0.411792,0.447628,0.368366,0.191101,0.27084,0.364105,0,0.210391,0.439874,0.400107,0.877796,0.29597,0.403573,0.222738,0.746556,0.625188,0.265952,0.147683,0.467457,0.601087,0.595695,0.515914,0.525201,0.204579,0.0739109,1,0.279383,0.590754,0.570694,0.140764,0.409436,0.214504,0.379092,0.419408,0.394984,0.133096,0.408236,0.344562,0.158252,0.101482,0.461629,0.423129,0.699908,0.165076,0.309941,0.37356,0.633615,0.982149,0.80476,0.349145,0.557026,0.304551,0.847433,0.867153,0.23027,0.329559,0.236887,0.876465,0.508342,0.212393,0.359881,0.559032,0.350311,0.682419,0.255268,0.281721,0.189521,1,0.286033,0.106344,0.117395,0.793173,0.560907,0.0760192,0.352576,0.54846,0.154137,0.403124,0.147478,0.0945952,0.799988,0.101647,0.451095,0.324935,0.0501161,0.216573,0.138194,0.139175,0.606167,0.252677,0.434207,0.254671,0.188765,0.662856,0.658223,0.964959,0.360292,0.341486,0.523718,0.29912,0.352937,0.0519933,0.503621,0.244651,0.384593,0.587407,0.266095,0.12752,0.46537,0.58735,0.302947,0.482938,0.322183,0.130396,0.335282,0.131718,0.285598,0.284006,0.389867,0.323549,0.384908,0.434795,0.214745,0.250758,0.0181445,0.178851,0.565006,0.256792,0.372425,0.124606,0.314387,0.15716,0.603174,0.268853,0.23774,0.163277,0.236919,0.199929,0.130984,0.731478,0.354311,0.399278,0.184439,0.377497,0.546715,0.550408,0.360965,0.147066,0.218302,0.408114,0.209906,0.172408,0.150624,0.160714,0.220481,0.380332,0.28385,0.780188,0.240544,0.126612,0.232369,0.281583,0.551047,0.771997,0.187159,0.554085,0.216261,0.13697,0.246246,0.153928,0.242437,0.325516,0.341582,0.826733,0.271679,0.312799,0.334851,0.360448,0.518182,0.0167221,0.342881,0.356438,0.551576,0.160518,0.508709,0.456734,0.689692,0.254015,0.826733,0.271679,0.146369,0.205484,0.897999,0.278279,0.446055,0.521907,0.410421,0.716746,0.168947,0.658885,0.158009,0.262606,0.1427,0.0803135,0.524742,0.262077,0.3816,0.503556,0.217818,0.526175,0.185543,0.421646,0.179456,0.54348,0.176435,0.124413,0.274665,0.291738,0.207158,0.161646,0.309482,0.0663159,0.81365,0.140539,0.284591,0.477822,0.333337,0.880207,0.0728886,0.829393,0.200675,0.135897,0.169795,0.16374,0.165808,0.524742,0.262077,0.82652,0.352906,0.284556,0.215454,0.522308,0.126034,0.579582,0.929181,0.280441,0.166573,0.414699,0.38599,0.355881,0.138422,0.181948,0.226721,0.154897,0.362225,0.501863,0.0640721,0.339868,0.199706,0.23385,0.100293,0.295544,0.110941,0.442403,0.125335,0.194976,0.153111,0.17283,0.257078,0.0832565,0.271386,0.244457,0.421517,0.201079,0.126612,0.232369,0.220077,0.538723,0.0930693,0.554257,0.0679635,0.178301,0.225705,0.117051,0.0798381,0.159672,0.261119,0.126901,0.244627,0.435628,0.0682191,0.426444,0.200495,0.709426,0.315644,0.301971,0.215476,0.214461,0.299355,0.110918,0.130719,0.106459,0.216529,0.259149,0.423208,0.38008,0.102112,0.107764,0.177684,0.289943,0.0394642,0.358665,0.497569,0.0521412,0.0472955,0.0690896,0.146577,0.546715,0.550408,0.102469,0.129752,0.194675,0.0568868,0.0423248,0.761583,0.466597,0.132067,0.0552236,0.13671,0.128919,0.201159,0.18958,0.623078,0.0379661,0.510592,0.178474,0.0854594,0.247773,0.362225,0.501863,0.291953,0.170497,0.468879,0.264331,0.13655,0.144004,0.390583,0.202087,0.811939,0.351233,0.226897,0.44821,0.625707,0.128067,0.153871,0.158892,0.143881,0.426466,0.00737433,0.183837,0.153592,0.168394,0.0167599,0.0831238,0.116784,0.127591,0.339878,0.188294,0.107912,0.287939,0.120015,0.118007,0.0168083,0.0489426,0.321205,0.0610787,0.335955,0.149194,0.230692,0.638533,0.103293,0.0634976,0.160893,0.0820544,0.787971,0.152551,0.0708662,0.110269
0.646796,0.382534,0.912807,0.0898874,0.886697,0.872644,0.64183,0.0932805,0.579972,0.841812,0.913661,0.303634,0.725234,0.609829,0.46811,0.543984,0.252306,0.249138,0.164636,0.199125,0.151437,0.589855,0.452189,0.0951616,0.214074,0.852819,0.335233,0.529995,0.873963,0.724808,0.761527,0.750309,0.697142,0.746509,0.203334,0.964888,1,0.136924,0.755097,0.712843,0.175612,0.830798,0.854329,0.155964,0.193847,0.478895,0.627197,0.0171855,0.294869,0.337325,0.266764,0.0430652,0.557241,0.206939,0.0473664,0,0.464602,0.523495,0.881734,0.289394,0.442978,0.410512,0.408466,0.392707,0.716115,0.269005,0.424537,0.340781,0.638941,0.837145,0.184591,0.238916,0.0580207,0.850421,0.243239,0.697152,0.371189,0.168171,0.163265,0.246059,0.424875,0.239583,0.455014,0.183371,0.368531,0.319332,0.435794,0.197595,0.593391,0.37262,0.564936,0.260124,0.184651,0.340967,0.780266,0.889543,0.83737,0.777915,0.746509,0.203334,0.983521,0.589556,0.394224,0.512782,0.213506,0.891787,0.544567,0.211875,0.251654,0.659863,0.275425,0.418916,0.461547,0.253884,0.130236,0.600116,0.368535,0.247388,0.268342,0.537144,0.444555,0.115584,0.214088,0.324704,0.327376,0.418453,0.132864,0.0910248,0.7016,0.226834,0.318638,0.549553,0.0606742,0.221248,0.0700858,0.0951869,0.276917,0.395653,0.391526,0.100987,0.224597,0.598084,0.494775,0.769404,0.115211,0.267984,0.537835,0.293366,0.0404387,0.0790378,0.224264,0.305597,1,0.61411,0.383099,0.0142134,0.51047,0.25832,0.366834,0.497282,0.188044,0.60453,0.309096,0.0742485,0.129479,1,0.281307,0.206227,0.21094,0.143871,0.283631,0.25132,0.0169694,0.141686,0.473754,0.239506,0.279534,0.298123,0.266025,0.0821176,0.654821,0.21571,0.313097,0.21269,0.199902,0.218732,0.132814,0.600416,0.354322,0.415108,0.263475,0.532121,0.493513,0.582894,0.218221,0.232838,0.406621,0.194726,0.246549,0.124656,0.0986987,0.113499,0.434461,0.24166,0.509745,0.707473,0.323462,0.11423,0.156895,0.232551,0.573265,0.651798,0.152895,0.386026,0.171422,0.149874,0.336251,0.185861,0.155957,0.225695,0.267191,0.776017,0.227063,0.257841,0.274295,0.166335,0.524328,0.112419,0.299504,0.210464,0.343236,0.237783,0.253208,0.414856,0.491276,0.146332,0.776017,0.227063,0.186386,0.274328,0.912831,0.28134,0.418393,0,0.686172,0.386808,0.260204,0.783476,0.131514,0.550222,0.316437,0.147965,0.414536,0.267824,0.29829,0.451382,0.258278,0.445771,0.31078,0.199531,0.15857,0.624198,0.200615,0.142517,0.232999,0.0838777,0.286197,0.127507,0,0.0699743,0.86001,0.210059,0.148451,0.378967,0.402131,0.909345,0.646415,0.888066,0.210633,0.0832488,0.0606862,0.160107,1,0.414536,0.267824,0.988817,0.410626,0.049136,0.116238,0.579548,0.164518,0.652355,0.989305,0.141071,0.228871,0.463495,0.320226,0.61046,0.247656,0.321373,0.0734048,0.121727,0.67016,0.265385,0.0741666,0.684785,0.0278264,0.250242,0.116381,0.125035,0.165394,0.4932,0.117909,0.282357,0.319002,0.135917,0.213293,0.0489887,0.246052,0.390808,0.539736,0.373781,0.11423,0.156895,0.223083,0.385774,0.0903861,0.558198,0.0416186,0.342291,0.122591,0.162211,0.175324,0.146444,0.193679,0.116887,0.207034,0.490117,0.106908,0.29764,0.430693,0.503973,0.683205,0.192413,0.213152,0.338541,0.596152,0.109232,0.264702,0.247406,0.317083,0.168408,0.298488,0.237573,0.114498,0.17027,0.145314,0.115872,0.31095,0.312179,0.700429,0.237477,0.0955036,0.126583,0.0291634,0.493513,0.582894,0.172831,0.159275,0.128863,0.201939,0.211109,0.50278,0.275201,0.476852,0.0460003,0.0983384,0.185167,0.011546,0.052542,0.541327,0.0243643,0.445994,0.0615131,0.207909,0.144315,0.67016,0.265385,0.441227,0.186178,0.423637,0.308489,0.100091,0.188578,0.245737,0.178671,0.729865,0.147745,0.120198,0.184752,1,0.00971688,0.182524,0.188701,0.0866674,0.306389,0.0944378,0.165797,0.265936,0.282501,0.147607,0.115468,0.0668748,0.140546,0.213718,0.220041,0.163473,0.408337,0.205337,0.180758,0.333182,0.24256,0.371627,0.350187,0.428843,0.288659,0.762844,0.481871,0.200408,0.225454,0.0854131,0.122066,0.749398,0.156341,0.196671,0.138303
0.671228,0.312429,0.627678,0.301334,0.781427,0.739911,0.298051,0.115097,0.65251,0.41129,0.462093,0.088778,0.54971,0.370478,0.197495,0.169072,0.297339,0.376846,0.484733,0,0.378686,0.732746,0.0812278,0.438087,0.720691,0.49202,0.282357,0.52931,0.702913,0.72293,0.780792,0.468005,0.399316,0.607056,0.513346,0.451594,0.306733,0.417662,0.473176,0.525409,0.402619,0.654383,0.439006,0.764551,0.264165,0.104677,0.358217,0.34963,0.620688,0.65806,0.253971,0.560684,0.653439,0.742012,0.259737,0.611121,0.356087,0.725154,0.759243,0.733948,0.571943,0.492374,0.412907,0.324255,0.470682,0.307558,0.37358,0.631141,0.484549,0.573639,0.795141,0.42533,0.0723697,0.455374,0.2215,0.556547,0.516156,0.0265846,0.318016,0.333869,0.507165,0.35755,0.312931,0.468702,0.347735,0.270287,0.474871,0.0694892,0.312914,0.438359,0.667032,0.130094,0.224385,0.62064,0.659491,0.228484,0.824199,0.431302,0.607056,0.513346,0.746778,0.647642,0.470006,0.196329,0.275909,0.722678,0.49251,0.165549,0.37558,0.481937,0.572572,0.484521,0.585814,0.294937,0.214617,0.570244,0.337295,0.0990842,0.199997,0.615603,0.550189,0.171087,0.283971,0.34649,0.137854,0.583596,0.136468,0.152306,0.764099,0.246891,0.431337,0.165543,0.0860053,0.40205,0.157241,0.134644,0.573173,0.271277,0.0889102,0.205219,0.270284,0.616309,0.519777,0.69275,0.48705,0.41377,0.69503,0.316973,0.425354,0.184245,0.410735,0.39319,0.0672016,0.701226,0.234018,0.0432068,0.29996,0.606698,0.2402,0.60964,0.198464,0.926739,0.605188,0.0839757,0.205665,0.0598209,0.28215,0.305445,0.392346,0.363209,0.120244,0.227852,0.0307061,0.348391,0.591348,0.245602,0.309937,0.229348,0.274785,0.106186,0.58001,0.160128,0.393299,0.14296,0.22713,0.196738,0.46724,0.649928,0.625426,0.345663,0.152763,0.369711,0.518662,0.568413,0.524423,0.174869,0.276411,0.409194,0.228546,1,0.121621,0.142872,0.165056,0.0791544,0.466836,0.712397,0.280204,0.204833,0.202697,0.224165,0.436772,0.62576,0.244767,0.539096,0.195343,0.169621,0.27619,0.271646,0.110758,0.353493,0.395256,0.674896,0.214969,0.159424,0.428123,0.405883,0.478899,0.204767,0.402709,0.2922,0.348091,0.332149,0.422563,0.339285,0.407518,0.320872,0.674896,0.214969,0.247369,0.213583,0.831402,0.499154,0.331283,0.55076,0.454083,0.438912,0.164051,0.72887,0.158416,0.296684,0.29333,0.13031,0.337592,0.13018,0.130774,0.585041,0.223818,0.536886,0.184207,0.312838,0.242551,0.587493,0.235034,0.115244,0.166533,0.287543,0.269129,0.268289,0.239465,0.139062,0.689551,0.629517,0.337227,0.372087,0.21291,0.847004,0.504019,0.800837,0.236861,0.151622,0.10244,0.251868,0.303068,0.337592,0.13018,0.833899,0.335061,0.516478,0.247208,0.470139,0.135077,0.546208,0.906357,0.16586,0.205218,0.316773,0.461892,0.72213,0.327761,0.265001,0.299143,0.17366,0.225127,0.648266,0.13367,0.512121,0.23086,0.386974,0.253802,0.372512,0.185116,0.361396,0.0561215,0.210545,0.339043,0.250506,0.316859,0.0713759,0.303704,0.190756,0.379356,0.180912,0.204833,0.202697,0.247835,0.465878,0.234132,0.428602,0.103792,0.272467,0.258148,0.129263,0.289076,0.140707,0.264359,0.158351,0.307735,0.309757,0.112406,0.340108,0.198856,0.685062,0.592567,0.131196,0.336064,0.279177,0.391809,0.281105,0.257538,0.231959,0.252896,0.203167,0.76085,0.281015,0.173157,0.162383,0.182254,0.4178,0.1206,0.283834,0.0965853,0.155417,0.11012,0.0975471,0.157981,0.518662,0.568413,0.314025,0.152211,0.166117,0.214114,0.120658,0.228446,0.308082,0.239055,0.0801273,0.369974,0.287028,0.339947,0.254214,0.186812,0.0209964,0.658254,0.193091,0.224358,0.291021,0.225127,0.648266,0.292191,0.259956,0.469286,0.287738,0.168943,0.140608,0.602471,0.0473845,0.863751,0.234154,0.171691,0.326859,0.883682,0.131693,0.176408,0.357136,0.130789,0.295163,0.0865821,0.434041,0.177329,0.243264,0.107531,0.202174,0.210078,0.133798,0.361696,0.272417,0.210821,0.396116,0.212982,0.112862,0.370347,0.1757,0.423301,0.668609,0.344287,0.307653,0.195186,0.521791,0.192783,0.163877,0.416301,0.242574,0.33357,0,0.233627,0.24297
0.60334,0.3095,0.460626,0.509103,0.544547,0.702496,0.162544,0.0772814,0.683041,0.256714,0.281795,0.195106,0.363459,0.132352,0.27655,0.204675,0.165186,0.506969,0.472333,0.572978,0.433215,0.40762,0.397803,0.382507,0.34707,0.310182,0.598014,0.275824,0.460719,0.592676,0.613417,0.329274,0.199702,0.288688,0.619658,0.366247,0.194756,0.305805,0.378245,0.386832,0.554093,0.529554,0.303913,0.814693,0.259098,0.159977,0.319873,0.591937,0.586315,0.702111,0.510145,0.570799,0.937597,0.930563,0.201435,0.847396,0.615704,0.739129,0.537531,0.774716,0.504698,0.322531,0.479031,0.321484,0.557769,0.281351,0.241482,0.677383,0.212951,0.361181,0.660774,0.373174,0.113901,0.198545,0.388501,0.489193,0.63131,0.0530421,0.471481,0.411354,0.422577,0.490461,0.220542,0.242277,0.283665,0.319298,0.438813,0.0724532,0.519232,0.265989,0.267462,0.133464,0.0890205,0.434203,0.593894,0.04019,0.722939,0.295771,0.288688,0.619658,0.501175,0.220331,0.719649,0.131234,0.23912,0.559463,0.526728,0.18817,0.317908,0.458721,0.906972,0.554159,0.607991,0.437067,0.225968,0.433463,0.393548,0.21959,0.179646,0.420995,0.564225,0.140451,0.169015,0.558319,0.201808,0.625316,0.159813,0.10695,0.584419,0.185046,0.353504,0.460864,0.0932985,0.23235,0.119313,0.23879,0.71551,0.398053,0.274606,0.179918,0.435873,0.576215,0.6184,0.485263,0.52783,0.526024,0.436482,0.589093,0.480736,0.0710479,0.628049,0.249757,0.10318,0.617172,0.240726,0.292733,0.566175,0.498163,0.451985,0.158261,0.2407,0.473089,0.323443,0.237638,0.335544,0.106463,0.644981,0.376474,0.532072,0.0803,0.115447,0.322627,0.0462307,0.156375,0.648329,0.35432,0.314949,0.0848337,0.56055,0.25197,0.572523,0.297103,0.268015,0.205762,0.32674,0.516677,0.261584,0.465808,0.525805,0.550173,0.22334,0.456489,0.633312,0.747686,0.274159,0.242337,0.338207,0.540258,0.234611,0.287812,0.242656,0.205505,0.158962,0.0971765,0.947412,0.639568,0.203644,0.208225,0.196347,0.625856,0.553985,0.40904,0.29411,0.704917,0.315294,0.396006,0.45294,0.130628,0.195623,0.483724,0.820087,0.422189,0.258354,0.391245,0.757393,0.252196,0.393602,0.111338,0.460445,0.244267,0.386983,0.202231,0.262895,0.486993,0.446693,0.372049,0.422189,0.258354,0.14559,0.423622,0.788727,0.419908,0.53224,0.686952,0.617484,0.387311,0.23492,0.799889,0.209336,0.360275,0.260436,0.0916928,0.137369,0.222037,0.375397,0.684478,0.241353,0.56675,0.184795,0.65361,0.192756,0.465736,0.222097,0.144768,0.329528,0.211347,0.240152,0.250962,0.0421139,0.0894696,0.569243,0.261875,0.207471,0.556512,0.151477,0.788954,0.456584,0.821694,0.197938,0.124325,0.182708,0.264111,0.0576347,0.137369,0.222037,0.735706,0.312504,0.176568,0.494325,0.521993,0.137129,0.724243,0.74357,0.243324,0.194979,0.177908,0.50745,0.19734,0.207252,0.147154,0.169412,0.308112,0.333496,0.340624,0.0976492,0.573884,0.139497,0.179473,0.0868195,0.345603,0.0593332,0.629017,0.245942,0.344731,0.545147,0.171389,0.191635,0.0996614,0.256157,0.316664,0.656903,0.108056,0.208225,0.196347,0.312832,0.700751,0.134685,0.551426,0.112356,0.311181,0.124438,0.0884037,0.305375,0.190693,0.424332,0.114679,0.249715,0.265015,0.122517,0.213398,0.546503,0.528205,0.512094,0.240532,0.456318,0.376723,0.320517,0.135236,0.115374,0.235776,0.443231,0.233141,0.362654,0.520143,0.0980007,0.174487,0.108748,0.242618,0.15998,0.256144,0.38965,0.203909,0.0280903,0.150308,0.0851362,0.633312,0.747686,0.184042,0.11839,0.150538,0.133906,0.171719,0.357193,0.317211,0.253424,0.0702936,0.163821,0.16537,0.167046,0.1937,0.290861,0.0562793,0.478458,0.210777,0.166409,0.0951497,0.333496,0.340624,0.150937,0.204166,0.341416,0.286679,0.175769,0.239977,0.235754,0.151189,0.755989,0.448119,0.209348,0.412609,0.700397,0.175806,0.217644,0.245067,0.0795165,0.491018,0.0304232,0.171274,0.191569,0.373122,0.0586525,0.210462,0.328619,0.207918,0.315599,0.221535,0.148294,0.45536,0.128606,0.112298,0.232997,0.193805,0.286963,0.469101,0.270576,0.634389,0.177728,0.647857,0.255078,0.0874824,0.237409,0.181404,0.451715,0.168801,0.138147,0.247624
0.473026,0.687194,0.555779,0.283253,0.556459,0.652244,0.603209,0.0973658,0.665201,0.304505,0.349626,0.250358,0.227787,0.399514,0.357036,0.282208,0.304809,0.488477,0.474128,0.471561,0.589011,0.539287,0.0652417,0.596089,0.435117,0.512393,0.496643,0.473591,0.785723,0.753133,0.668036,0.231337,0.154531,0.338971,0.521662,0.370153,0.236858,0.538974,0.360244,0.378005,0.559444,0.560826,0.398837,0.770375,0.285719,0.20757,0.247546,0.451374,0.622375,0.691772,0.39992,0.586967,0.609308,0.742997,0.245396,0.730045,0.372729,0.79818,0.728399,0.867896,0.681528,0.581871,0.484401,0.377556,0.415533,0.276448,0.390976,0.446549,0.377953,0.450152,0.96086,0.631682,0.365738,0.52206,0.195404,0.521997,0.587131,0.0694819,0.352412,0.175066,0.341424,0.232023,0.278336,0.219702,0.421022,0.364243,0.57321,0.142945,0.184959,0.404663,0.522223,0.0968011,0.16062,0.428331,0.635032,0.807699,0.730369,0.322475,0.338971,0.521662,0.43784,0.355504,0.387602,0.109462,0.237455,0.643491,0.436269,0.167964,0.604722,0.514996,0.477945,0.666577,0.725215,0.316843,0.295398,0.328216,0.28011,0.186254,0.199452,0.322617,0.60002,0.134037,0.170353,0.258652,0.248894,0.724122,0.213666,0.0963555,0.477751,0.234541,0.32176,0.101959,0.0801584,0.288533,0.167032,0.112389,0.656628,0.377511,0.363088,0.254237,0.318975,0.532373,0.64411,0.449632,0.453972,0.405247,0.662117,0.484615,0.676572,0.269506,0.52885,0.115604,0.0872985,0.667957,0.47587,0.125408,0.303867,0.43997,0.252478,0.246866,0.0638816,0.474757,0.504579,0.139032,0.262074,0.0769749,0.496513,0.374025,0.542724,0.371461,0.14882,0.24295,0.02806,0.296243,0.59248,0.237673,0.324845,0.0971546,0.277642,0.147644,0.602333,0.243788,0.415,0.144839,0.18004,0.420194,0.224391,0.585102,0.64458,0.565595,0.148233,0.407625,0.372897,0.50216,0.332786,0.170272,0.369861,0.456198,0.212433,0.16236,0.0832453,0.108394,0.132677,0.203509,0.440966,0.773939,0.260952,0.129605,0.210656,0.275247,0.360189,0.394924,0.196698,0.567429,0.140524,0.187452,0.343236,0.151222,0.0978776,0.481068,0.238531,0.462035,0.12817,0.223277,0.436521,0.328804,0.650791,0.105855,0.43438,0.420377,0.235764,0.0172505,0.307755,0.394583,0.548524,0.356905,0.462035,0.12817,0.209617,0.23073,0.8405,0.428856,0.428357,0.190922,0.507404,0.250758,0.110854,0.818957,0.210883,0.440673,0.150458,0.0753085,0.205438,0.223586,0.0679021,0.622704,0.192383,0.607661,0.101428,0.397497,0.238968,0.446985,0.217409,0.0604511,0.314667,0.248167,0.26537,0.156421,0.243903,0.143319,0.570565,0.158276,0.286665,0.542968,0.223476,0.792881,0.528405,0.828266,0.165496,0.143665,0.0053133,0.178266,0.153226,0.205438,0.223586,0.724856,0.311378,0.156705,0.20359,0.472157,0.0724012,0.648181,0.722647,0.359552,0.281625,0.247974,0.554569,0.605588,0.236149,0.21361,0.148364,0.117163,0.326681,0.306082,0.105924,0.602433,0.177126,0.243246,0.122387,0.274983,0.196224,0.476272,0.165635,0.164793,0.314413,0.142268,0.275788,0.105538,0.339087,0.197471,0.473206,0.163634,0.129605,0.210656,0.108998,0.661291,0.148716,0.339942,0.0779235,0.216522,0.228531,0.190913,0.115754,0.234034,0.413457,0.0849937,0.311635,0.400989,0.163151,0.44405,0.192743,0.611705,0.522174,0.257169,0.399861,0.347883,0.276838,0.344539,0.188704,0.276053,0.239264,0.191504,0.572285,0.294295,0.132638,0.116335,0.0962894,0.391299,0.0818412,0.334365,0.163356,0.112124,0.0807402,0.144242,0.142389,0.372897,0.50216,0.155971,0.109946,0.102805,0,0.118014,0.303014,0.332338,0.198205,0.0583985,0.28551,0.120494,0.247384,0.169657,0.278631,0.0250726,0.348929,0.218496,0.166217,0.143441,0.326681,0.306082,0.414078,0.104179,0.612143,0.224367,0.132793,0.108825,0.291001,0.118309,0.842311,0.439421,0.131676,0.20073,0.611778,0.336037,0.079618,0.273862,0.0834785,0.431964,0.116794,0.28404,0.0129617,0.125748,0.0541854,0.170681,0.135393,0.104207,0.245946,0.0787365,0.199118,0.36838,0.21185,0.112763,0.248326,0.119919,0.361822,0.370606,0.365292,0.134898,0.152608,0.663017,0.229932,0.163942,0.0786856,0.13847,0.371997,0.109433,0.062733,0.247751
0.499638,0.483139,0.262424,0.327316,0.557596,0.362124,0.225087,0.126045,0.571506,0.324278,0.350747,0.0808683,0.356594,0.261048,0.149476,0.062438,0.274042,0.743287,0.649489,0.742104,0.526848,0.282893,0.2288,0.53192,0.205125,0.0666005,0.530441,0.524332,0.533264,0.219887,0.451556,0.140146,0.0355535,0.68372,0.524399,0.266734,0.195853,0.27497,0.334003,0.287901,0.179724,0.437984,0.342756,0.83283,0.259544,0.170429,0.526293,0.451171,0.699039,0.737836,0.600515,0.652109,0.871423,0.765334,0.165759,0.64071,0.791255,0.845376,0.357769,0.710064,0.612879,0.719648,0.562766,0.450401,0.40072,0.201755,0.407326,0.691713,0.394346,0.225172,0.463968,0.337969,0.197262,0.371529,0.37139,0.720786,0.842195,0.0584008,0.648476,0.303761,0.414563,0.324419,0.215409,0.173014,0.135031,0.358965,0.296754,0.0745248,0.511696,0.329101,0.748968,0.114438,0.134951,0.246902,0.119173,0.274015,0.830841,0.0701518,0.68372,0.524399,0.577766,0.659878,0.503739,0.0669334,0.333321,0.823734,0.452049,0.139337,0.436083,0.580573,0.656815,0.342344,0.363317,0.296249,0.538197,0.167553,0.421323,0.153896,0.104646,0.685169,0.356878,0.124939,0.125863,0.459418,0.205265,0.801067,0.276201,0.0119991,0.369342,0.170641,0.3261,0.451759,0.115373,0.0754385,0.175743,0.175392,0.627523,0.23161,0.231855,0.0802092,0.268996,0.878787,0.688872,0.0213585,0.710851,0.381578,0.582629,0.468359,0.534878,0.135505,0.56335,0.685827,0.164506,0.703193,0.557418,0.140812,0.561428,0.773384,0.385627,0.138348,0.404846,0.31414,0.300851,0.134051,0.229763,0.135001,0.396776,0.553305,0.571471,0.0304428,0.501356,0.302241,0.0496936,0.213749,0.703799,0.358741,0.534885,0.146458,0.289864,0.0493477,0.421432,0.264759,0.360524,0.211463,0.206764,0.0861029,0.209516,0.562616,0.182395,0.431983,0.276563,0.505359,0.305026,0.512797,0.298971,0.167302,0.262196,0.506399,0.102031,0.181413,0.160835,0.104107,0.0407587,0.611281,0.695674,0.469593,0.259525,0.338309,0.2651,0.237021,0.509901,0.223495,0.208929,0.371613,0.19756,0.291166,0.327634,0.132859,0.169952,0.488379,0.167929,0.73314,0.210081,0.267663,0.661515,0.25319,0.361453,0.0799812,0.425237,0.236719,0.838651,0.0795274,0.245988,0.950411,0.247053,0.444015,0.73314,0.210081,0.0958741,0.202217,0.867579,0.177765,0.542488,0.637975,0.568827,0.603589,0.245297,0.789103,0.190416,0.479236,0.0918683,0.0603094,0.253485,0.265134,0.48671,0.521326,0.151629,0.525272,0.284413,0.340181,0.0366019,0.28146,0.181979,0.125327,0.266179,0.218487,0.182326,0.0215152,0.135122,0.101509,0.859758,0.245072,0.191549,0.431326,0.524174,0.961862,0.4303,0.923016,0.172134,0.116997,0.0783021,0.122044,0.117425,0.253485,0.265134,0.60848,0.150587,0.353424,0.176962,0.482662,0.0797678,0.777789,0.56746,0.320179,0.236492,0.563019,0.45688,1,0.289841,0.225523,0.165806,0.119584,0.475425,0.404725,0.0706129,0.565681,0.0953942,0.167475,0.0565634,0.216249,0.203844,0.558383,0.17043,0.19342,0.270768,0.116736,0.188335,0.151351,0.283964,0.526787,0.72552,0.590215,0.338309,0.2651,0.162917,0.874341,0.114376,0.482172,0.0700076,0.337629,0.180323,0.154281,0.0761862,0.170196,0.23272,0.0762276,0.220797,0.562655,0.0763982,0.493713,0.26761,0.824499,0.269716,0.305838,0.241968,0.281931,0.222815,0.15264,0.110474,0.498894,0.159164,0.196022,0.409972,0.354014,0.0970849,0.155911,0.130254,0.160453,0.225684,0.263301,0.0426968,0.163757,0.0834857,0.0585193,0.0718594,0.305026,0.512797,0.078129,0.175675,0.0960366,0.0698267,0.137094,0.710255,0.288253,0.0443545,0.0329368,0.227066,0.141642,0.073487,0.201238,0.681644,0.02946,1,0.124552,0.449898,0.123299,0.475425,0.404725,0.33735,0.157695,0.479401,0.336297,0.161145,0.0758798,0.207875,0.203566,0.857669,0.375938,0.169349,0.246387,0.125065,0.130452,0.0216007,0.142751,0.0933467,0.39945,0.139864,0.163726,0.137361,0.185415,0.130459,0.119205,0.264875,0.120839,0.266869,0.126747,0.306506,0.346264,0.162007,0.12438,0.219601,0.0802959,0.851461,0.156933,0.512875,0.20561,0.150382,0.543866,0.184356,0.128273,0.162131,0.00512069,0.79534,0.131877,0.142661,0.169861
0.756479,0.246847,1,0.725207,0.86023,0.782405,0.709937,0.105614,0.225373,0.12098,0.151944,0.20245,0.859469,0.460785,0.241611,0.288222,0.0226969,0,0.160064,0.414512,0.225337,0.32224,0.298176,0.15227,0.860434,1,0.278022,0.550077,0.667967,0.497686,0.676196,0.655423,0.385812,0.589831,0.0199815,0.825654,0.733977,0.112329,1,1,0.0159131,1,1,0.558461,0.672808,0.547372,0,0.115939,0.592579,0.605145,0,0,0.367478,0,0.219714,0.00517851,0.594609,0,0.438501,0.00295889,0.30468,0.154333,0.428235,0.41614,0.745923,0.207949,0.106464,0.293409,0.201032,0.751114,0.098816,0.0527336,0.087773,0.692498,0.531289,0.402047,0.588991,0.116352,0.357599,0.327546,0.347065,0.302245,0.290695,0.0700749,0.103102,0.217184,0.447049,0.144792,0.436568,0.122305,1,0.177309,0.36567,0.111385,0.270624,0.538676,0.64948,1,0.589831,0.0199815,0.874212,0.144737,0.212234,0.662242,0.0488671,0.638031,0.136278,0.238888,0,0.218198,0.797698,0.434066,0.627386,0.623114,0.099342,0.467772,0.508554,0.336122,0.189452,0.892719,0,0.207176,0.0907371,0.390802,0.135141,0,0.513443,0.11576,0.794881,0.211015,0.309454,0.293067,0.120497,0.196122,0.6971,0.167547,0.496806,0.208785,0.237717,0.221639,0.289383,0.722687,0.559566,0.14269,0.224486,0.608563,0.370367,0.34629,0.0298868,0.0972287,0.45604,0.321898,0.0563641,0.448281,0.0107454,0.268109,0.506279,0.433242,0.836827,0.304808,0.254606,0.326221,0.402639,0.225723,0.467061,0.0638323,0.675468,0.236067,0.33911,0.525832,0.107519,0.543164,0.251655,0.0907271,0.338525,0.398807,0.270457,0.234105,0.600487,0.302946,0.675796,0.347163,0.20215,0.293579,0.429319,0.605204,0.251238,0.508246,0.294432,0.39123,0.260244,0.501574,0.0207319,0.815303,0.621004,0.273968,0.62104,0.563601,0.15144,0.119946,0.222452,0.118266,0.400559,0.0930351,0.359014,0.542025,0.30067,0.130759,0.323529,0.615684,0.611153,0.277856,0.296901,0.36419,0.15113,0.451003,0.601569,0.233997,0.206736,0.514592,0.314229,0.894016,0.200377,0.4347,0.546219,0.390776,0.580928,0.151756,0.337756,0.285988,0.272809,0.196742,0.38221,0.618245,0.176548,0.527347,0.894016,0.200377,0.278956,0.762154,0.914861,0.247071,0.537029,0.343496,0.652073,0.494085,0.291151,0.750841,0.278381,0.459478,0.346884,0.0717988,0.0564732,0.300369,0.32372,0.544732,0.238222,0.537803,0.154053,0.215382,0.243464,0.60851,0.385253,0.142513,0.434943,0.162866,0.322544,0.0755415,0.187191,0.0159422,1,0.130124,0.266445,0.326125,0.00286995,0.951191,0.636749,1,0.238971,0.223172,0.198641,0.147493,0.178038,0.0564732,0.300369,0.613203,0.075807,0.167762,0.0986645,0.176531,0.127383,0.823152,0.678506,0.0392715,0.196074,0.145401,0.463433,0.601146,0.108275,0.118019,0.162391,0.0843222,0.339206,0.452906,0.149239,0.439545,0.192721,0.262918,0.222972,0.330458,0.159881,0.274763,0.108008,0.204644,0.0844271,0.172168,0.288854,0.174762,0.31231,0.371169,0.289156,0.0648636,0.130759,0.323529,0.26909,0.404136,0.219784,0.46226,0.0982574,0,0.279801,0.46092,0.128532,0.138941,0.325595,0.127148,0.28353,0,0.216705,0,0.425313,0.478487,0.514057,0.6642,0.676334,0.240519,1,0.221628,0.201228,0.231625,0.557959,0.204988,0.749684,0.419719,0.101837,0.124603,0.238253,0.356546,0.102015,0.290857,0.746269,0.125117,0.087975,0.126602,0.153791,0.0207319,0.815303,0.188298,0.0888315,0.0803483,0.161657,0.0625712,0.318903,0.369873,0.359403,0.00906394,0.228147,0.190071,0.232902,0.296683,0.0768179,0.733571,0.350061,0.151498,0.234281,0.121626,0.339206,0.452906,0.230382,0.133739,0.462995,0.3087,0.149003,0.129428,0.409113,0.299258,0.774993,0.533885,0.136661,0.41988,0.827444,0.136011,0.275167,0.198152,0.846767,0.551218,0.0328864,0.345309,0.106948,0.457118,0.0964008,0.0975199,0.254842,0.165099,0.609523,0.286996,0.196855,0.683737,0.115981,0.0760942,0.0876115,0.16535,0.179381,0.657669,0.408494,0.354933,0.229376,0.513266,0.284035,0.0848367,0.124702,0.185358,0.24454,0.172497,0.166261,0.104662
0.650963,0.834071,0.165808,0.117321,0.40231,0.301621,0.742176,0.0804585,0.637401,0.69686,0.724851,0.240197,0.176064,0.798786,0.412657,0.441391,0.355682,0.654207,0.838898,0.692424,0.552996,0.447087,0.218635,0.363951,0.303868,0.255913,0.649718,0.510698,0.552039,0.741104,0.529527,0.269231,0.185067,0.39134,0.4258,0.282286,0.29976,0.398633,0.406498,0.3657,0.780473,0.402714,0.33211,0.68244,0.0943714,0.591582,0.886502,0.583445,0.546916,0.605267,0.412392,0.555159,0.555522,0.667061,0.273956,0.727772,0.447274,0.939991,0.628219,0.712792,0.831349,0.846652,0.591645,0.39889,0.72953,0.535909,0.815184,0.630173,0.46105,0.395742,0.765633,0.684393,0.406774,0.522795,0.104748,0.829035,0.717282,0.121084,0.509289,0,0.201009,0.367754,0.371065,0.287491,0.388648,0.190986,0.524174,0.143432,0.385795,0.556235,0.673704,0.146548,0.256465,0.453958,0.645003,0.702774,0.784747,0.0477846,0.39134,0.4258,0.367534,0.629659,0.391378,0.0878922,0.248834,0.913602,0.64856,0.347163,0.919184,0.684533,0.550668,0.63062,0.68735,0.124753,0.0929501,0.334437,0.314146,0.147685,0.221813,0.177699,0.364603,0.0803282,0.507874,0.0335432,0.256942,0.903899,0.243893,0,0.456143,0.204271,0.222581,0.27023,0.0276178,0.257248,0.132427,0,0.460497,0.281381,0.560749,0.220602,0.231267,0.798285,0.432968,0.333282,0.53622,0.359268,0.610516,0.335818,0.646438,0.134177,0.470149,0.440104,0.0631995,0.853999,0.375769,0.00955625,0.415509,0.449576,0.188462,0.175823,0.0232388,0.660849,0.32705,0.0685004,0.118788,0.0573012,0.239637,0.430382,0.650045,0.132188,0.121223,0.132753,0.0428512,0.202661,0.390074,0.33511,0.38268,0.0315606,0.398082,0.1274,0.591588,0.167068,0.314339,0.0755613,0.121417,0.114286,0.256323,0.697904,0.396886,0.331712,0.139507,0.48877,0.402145,0,0.281812,0.0533895,0.140214,0.553896,0.192513,0.186756,0.104658,0.233842,0.151682,0.239311,0.612062,0.481087,0.346083,0.113091,0.213199,0.411035,0.476133,0.437312,0,0.767167,0.367012,0,0.108485,0.221627,0.31918,0.527115,0.346952,0.516305,0.103931,0.062633,0.199098,0.302443,0.315388,0.261879,0.371603,0.415897,0.216509,0.0420865,0.467317,0.442217,0.583666,0.374186,0.516305,0.103931,0.329889,0.0510378,0.939518,0.15329,0.493472,0.723086,0.594822,0.112295,0.0387961,0.802383,0.358278,0,0.117249,0.095386,0.544136,0.224032,0.281243,0.495041,0.0222483,0.504207,0.289565,0.366347,0.179751,0.342411,0.0652373,0.0925477,0.249687,0.257315,0.352234,0.274946,0.125913,0.131787,0.536003,0.0615849,0.377473,0.238294,0.255138,0.924658,0.508181,0.876494,0.384153,0.150633,0.156488,0.271056,0.162885,0.544136,0.224032,0.855825,0.362111,0.881186,0.243145,0.461661,0.0551086,0.613929,0.775765,0.368645,0.153856,0.346243,0.386897,0.982757,0.0856495,0.293762,0.182549,0.191459,0.376061,0.636809,0.0552041,0.0806814,0.192782,0.405636,0.181906,0.233411,0.0653318,0.767382,0.131824,0.204623,0.318174,0.262616,0.131086,0.159321,0.273275,0.163558,0.713299,0.315421,0.113091,0.213199,0.15784,0.412327,0.113113,0.549252,0.0658625,0.229581,0.2713,0.124383,0.289843,0.219774,0.26434,0.0770641,0.19179,0.529528,0.260996,0.809631,0.361034,0.857222,0.0706616,0.305905,0.168863,0.230125,0.201228,0.22964,0.0730936,0.166013,0.0759079,0.239886,0.399675,0.00906921,0.172296,0.156952,0.22639,0.249257,0.0658219,0.356399,0.167414,0.280951,0.0517012,0.162303,0.154121,0.402145,0,0.146359,0.167423,0.109877,0.115506,0.162127,0.143382,0,0.093254,0.0745729,0.290647,0.261743,0.322412,0,0.292606,0.0230567,0.683266,0.336665,0.195562,0.109118,0.376061,0.636809,0.471454,0.152923,0.651624,0.0604152,0.420424,0.188713,0.184966,0.152626,0.970016,0.548964,0.306586,0.223127,0.225164,0.306642,0,0.310846,0.115007,0.367202,0.0342265,0.583948,0.20582,0,0.141812,0.232028,0.36168,0.147662,0.258291,0.567051,0.234705,0,0.101973,0.0540172,0.111494,0.308809,0.372248,0.69504,0.502619,0.141741,0.101277,0.705792,0.140847,0.0815281,0.234174,0.222826,0.297194,0.183168,0.111,0.414884
0.653046,0.247373,0.202879,0.546767,0.378965,0.21063,0.648195,0.0746206,0.455722,0.322165,0.308955,0.270181,0.37275,0.485784,0.40623,0.446749,0.107148,0.424101,0.460637,0.716465,0.583047,0.449618,0.277058,0.749137,0.76461,0.211686,0.0682843,0.351527,0.403281,0.251514,0.289192,0.275017,0.186461,0.146586,0.431223,0.157355,0.142632,0.60334,0.176524,0.203368,0.731149,0.340889,0.157998,0.834278,0.450816,0.324926,0.340656,0.683333,0.796901,0.809804,0.465695,0.543015,0.261495,0.695711,0.152758,0.656351,0.538048,0.811611,0.357394,0.387113,0.407578,0.255772,0.527587,0.397663,0.36102,0.219126,0.295653,0.618391,0.279505,0.305524,0.670725,0.453834,0.225821,0.27547,0.508369,0.407722,0.754312,0.137665,0.38775,0.406803,0.364573,0.547572,0.427242,0.215418,0.237535,0.202506,0.349432,0.141493,0.406797,0.398152,0.414592,0.119865,0.186923,0.20641,0.395551,0.471128,0.605871,0.14749,0.146586,0.431223,0.355157,0.227245,0.30704,0.13006,0.249216,0.56258,0.269881,0.272904,0.485338,0.349414,0.853412,0.578141,0.571275,0.880691,0.270673,0.371061,0.531285,0.263103,0.42265,0.348546,0.39078,0.131883,0.280024,0.967101,0.253251,0.68168,0.280151,0.187047,0.602782,0.337589,0.104697,0.311552,0.136646,0.342137,0.149777,0.608398,0.638443,0.440355,0.371755,0.350558,0.140177,0.563285,0.779555,0.393541,0.222377,0.320599,0.376318,0.401215,0.4387,0.175976,0.72408,0.410618,0.0864245,0.588566,0.115134,0.177665,0.455953,0.688356,0.861589,0.494621,0.210929,0.43079,0.647053,0.149809,0.693707,0.102626,0.914105,0.271769,0.468772,0.0930363,0.112534,0.39361,0.0357077,0.18679,0.405423,0.463874,0.317909,0.140293,0.28959,0.292387,0.147543,0.295752,0.175016,0.199311,0.238918,0.461133,0.481498,0.440311,0.519062,0.623836,0.320128,0.581569,0.154771,0.878132,0.57154,0.175642,0.701634,0.543764,0.245132,0.150183,0.281435,0.0791097,0.0508044,0.123221,0.282522,0.624479,0.155888,0.261803,0.216703,0.345595,0.444718,0.417551,0.222201,0.141243,0.214018,0.249085,0.456811,0.0634316,0.0520781,0.474858,0.349274,0.683911,0.333031,0.583009,0.621584,0.670378,0.292505,0.18057,0.55849,0.460888,0.203797,0.196216,0.364335,0.506721,0.613761,0.379844,0.683911,0.333031,0.17018,0.660443,0.807467,0.380427,0.185497,0.519302,0.748608,0.502549,0.365515,0.748603,0.279062,0.488787,0.194678,0.153294,0.332836,0.293196,0.371527,0.689938,0.417906,0.715449,0.196043,0.274329,0.0959308,0.653234,0.572753,0.0998504,0.273354,0.227891,0.250537,0.16375,0.253119,0.0788983,0.497158,0.187803,0.339305,0.528501,0.178362,0.823649,0.16718,0.846385,0.213988,0.137701,0.112589,0.102995,0.261237,0.332836,0.293196,0.509006,0.134471,0.250705,0.0294096,0.0726935,0.0673368,0.582828,0.470975,0.188952,0,0.205587,0.612606,0.352379,0.205415,0.157943,0.202008,0.126829,0.22403,0.520864,0.510414,0.611419,0.180211,0.384877,0.107364,0.258164,0.155771,0.247072,0.0465229,0.255799,0.431528,0.174557,0.528993,0.197558,0.222246,0.309352,0.338005,0.206908,0.261803,0.216703,0.292469,0.614053,0.613852,0.235049,0.0186053,0.292226,0.433176,0.136036,0.123218,0.205554,0.225173,0.103455,0.626748,0.252805,0.345934,0.140719,0.0758614,0.574082,0.548713,0.264562,0.553042,0.244474,0.218011,0.198538,0.202842,0.435542,0.411795,0.219169,0.841838,1,0.215091,0.22729,0.187091,0.193667,0.0696432,0.205726,0.254686,0.0634489,0.0877897,0.0973173,0.132845,0.154771,0.878132,0.309924,0.206145,0.103092,0.19155,0.132539,0.34813,0.67765,0.329136,0.0922073,0.171985,0.225121,0.361242,0.364928,0.28765,0.0504929,0.315291,0.249878,0.13043,0.63982,0.22403,0.520864,0.180315,0.179499,0.488683,0.741623,0.216506,0.115114,0.722377,0.0658961,0.797184,0.388344,0.286148,0.198945,0.199786,0.167886,0.138457,0.364995,0.180011,0.457987,0.108785,0.260926,0.0560681,0.335159,0.104576,0.203437,0.682207,0,0.307117,0.235204,0.21265,0.97674,0.130253,0.148009,0.317614,0.30129,0.310468,0.442694,0.309258,0.203125,0.889194,0.419106,0.220978,0.154047,0.217136,0.0757987,0.405784,0.11755,0.0665634,0.0591687
0.56876,0.502745,0.372237,0.48356,0.511021,0.392747,0.278677,0.0978544,0.725531,0.26194,0.324752,0.0806201,0.273956,0.192815,0.178486,0.125193,0.301188,0.625371,0.570848,0.444651,0.615582,0.535995,0.235333,0.378191,0.523719,0.222107,0.370761,0.313968,0.299787,0.650793,0.500629,0.264095,0.162512,0.492196,0.501397,0.223234,0.185075,0.565121,0.31052,0.335824,0.617864,0.466581,0.355206,0.772928,0.452869,0.067502,0.327689,0.576951,0.595724,0.681504,0.575208,0.620078,0.603209,0.761616,0.260465,0.737981,0.406397,0.825728,0.411611,0.76979,0.606404,0.528961,0.310895,0.203663,0.196203,0.146908,0.246603,0.743095,0.253616,0.376306,0.78757,0.466088,0.150807,0.479488,0.689415,0.576869,0.60408,0.211257,0.360183,0.370867,0.30107,0.267419,0.116377,0.436237,0.306215,0.559485,0.459947,0.072095,0.42518,0.330678,0.571601,0.210743,0.0615113,0.377983,0.384552,0.145349,0.726334,0.185824,0.492196,0.501397,0.484575,0.40709,0.336395,0.101105,0.231431,0.663624,0.508643,0.41354,0.529183,0.421515,0.470707,0.285867,0.658565,0.411973,0.160341,0.445754,0.554686,0.32783,0.127795,0.432805,0.420476,0.22237,0.121707,0.365606,0.312535,0.667655,0.145036,0.0539544,0.523189,0.354998,0.312939,0.30018,0.170953,0.248592,0.305517,0.193734,0.418356,0.333856,0.306086,0.159058,0.260888,0.759161,0.587476,0.415363,0.523688,0.250135,0.739734,0.424834,0.503783,0.0843629,0.413691,0.406874,0.0767123,0.702202,0.501953,0.129983,0.409986,0.614389,0.376349,0.236828,0.184587,0.800274,0.46488,0.150792,0.273917,0.0263133,0.478355,0.264084,0.410094,0.373866,0.289992,0.308714,0.0539364,0.416617,0.477918,0.682456,0.322688,0.159221,0.338339,0.207516,0.480271,0.297411,0.344534,0.233997,0.249959,0.431843,0.295936,0.537863,0.60789,0.477736,0.165661,0.492752,0.371063,0.681346,0.40914,0.214856,0.46986,0.397237,0.251439,0.170318,0.15197,0.157823,0.0253577,0.24376,0.516775,0.584902,0.0687119,0.202908,0.193541,0.309568,0.325958,0.386205,0.221315,0.238426,0.12063,0.150162,0.313189,0.202202,0.232511,0.335067,0.318463,0.497962,0.204949,0.479742,0.42421,0.203772,0.385086,0.116882,0.396154,0.277791,0.322653,0.153273,0.210848,0.372389,0.255697,0.285453,0.497962,0.204949,0.160417,0.372361,0.874847,0.893343,0.483855,0.451175,0.595262,0.558908,0.217435,0.772045,0.160086,0.429532,0.0947107,0.0801155,0.283726,0.408831,0.338318,0.551731,0.241251,0.54454,0.0979981,0.273265,0.142312,0.470397,0.282003,0.127112,0.251497,0.179292,0.2388,0.183684,0.116175,0.254926,0.638653,0.185134,0.151018,0.264619,0.277038,0.850348,0.477101,0.858409,0.193776,0.121017,0.0721393,0.159401,0.14456,0.283726,0.408831,0.62408,0.547413,0.269972,0.14681,0.381339,0.141509,0.679165,0.639167,0.361981,0.262333,0.325788,0.430856,0.593899,0.237517,0.174907,0.252524,0.147302,0.363903,0.185786,0.114954,0.494134,0.119538,0.165612,0.127049,0.217348,0.154769,0.420853,0.145616,0.243033,0.331248,0.155501,0.289985,0.0379187,0.184287,0.45452,0.485053,0.316213,0.202908,0.193541,0.217468,0.580055,0.114116,0.390259,0.0591612,0.278469,0.233808,0.183666,0.165284,0.15527,0.290564,0.0971871,0.210975,0.413367,0.118767,0.52624,0.303023,0.678042,0.449302,0.308722,0.349579,0.341133,0.30925,0.090851,0.107609,0.115049,0.336216,0.15046,0.700735,0.330081,0.167515,0.149914,0.139198,0.290653,0.123297,0.375926,0.244801,0.138301,0.120272,0.0953944,0.088402,0.371063,0.681346,0.149203,0.149771,0.117199,0.181847,0.143596,0.264585,0.312816,0.602097,0.10982,0.22352,0.178603,0.171787,0.26701,0.189039,0.031899,0.69368,0.145657,0.244235,0.209267,0.363903,0.185786,0.149224,0.257774,0.404224,0.223167,0.205869,0.120303,0.428849,0.233425,0.880107,0.568844,0.229714,0.379664,0.0984082,0.153583,0.0521633,0.224292,0.0855632,0.596783,0.0726382,0.325828,0.154853,0.228208,0.073387,0.0989214,0.341018,0.112519,0.255996,0.114381,0.115249,0.366199,0.154278,0.111172,0.174155,0.242194,0.431076,0.273245,0.282864,0.162837,0.43578,0.747994,0.187137,0.111841,0.0692391,0.203113,0.355875,0.098747,0.0878951,0.156639
0.495216,0.559562,0.564254,0.554494,0.610059,0.714552,0.482443,0.0541371,0.884849,0.474142,0.498026,0.392357,0.467494,0.356407,0.261312,0.136242,0.239343,0.209012,0.346225,0.279833,0.406536,0.472112,0.500521,0.168917,0.289896,0.317626,0.352768,0.428454,0.580165,0.854838,0.775821,0.380287,0.237979,0.400249,0.36728,0.363496,0.213368,0.0955475,0.379091,0.400009,0.430116,0.60269,0.496954,0.256096,0.211736,0.352761,0.336608,0.336809,0.497778,0.470706,0.265126,0.501511,0.714823,0.535611,0.362813,0.576605,0.348611,0.741516,0.62579,0.833344,0.785786,0.427682,0.546363,0.932783,0.362771,0.257449,0.13256,0.455128,0.259035,0.328848,0.458372,0.272064,0.0831391,0.556875,0.706858,0.59063,0.561839,0.610731,0.323736,0.261958,0.170623,0.208345,0.301376,0.127327,0.257919,0.234454,0.380291,0.10916,0.222287,0.22268,0.390683,0.154837,0.142364,0.422925,0.846327,0.44865,0.814241,0.286802,0.400249,0.36728,0.640248,0.377315,0.253167,0.137299,0.216925,0.74926,0.662318,0.208435,0.478677,0.554401,0.217775,0.522423,0.543903,0.471335,0.13146,0.335285,0.516644,0.435934,0.0715292,0.616372,0.479482,0.354874,0.273029,0.339978,0.250716,0.593305,0.122611,0.0860779,0.486202,0.109448,0.302801,0.159419,0.421178,0.192203,0.0455676,0.30468,0.521047,0.399935,0.493155,0.140112,0.361331,0.508135,0.479167,0.359157,0.749493,0.315092,0.735453,0.422329,0.774767,0.0967804,0.376485,0.27242,0.0631825,0.734033,0.372684,0.227274,0.345064,0.377724,0.315011,0.166984,0.290097,0.647273,0.327459,0.254712,0.468687,0.078378,0.472312,0.265548,0.361109,0.0805144,0.0959879,0.451977,0.0141403,0.173259,0.417561,0.506823,0.324024,0.139381,0.486054,0.183424,0.654212,0.374038,0.241702,0.371213,0.315835,0.562623,0.305623,0.569345,0.572118,0.465099,0.283723,0.38207,0.266967,0.547287,0.268394,0.372799,0.607953,0.400145,0.180532,0.248875,0.192201,0.126761,0.140118,0.274086,0.539947,0.323944,0.333031,0.169693,0.259471,0.497892,0.347076,0.39537,0.347747,0.309663,0.301412,0.306309,0.311514,0.133976,0.168268,0.466991,0.213412,0.622606,0.108775,0.446919,0.411079,0.261347,0.376174,0.159828,0.69816,0.213406,0.322979,0.108845,0.393855,0.449033,0.657074,0.260381,0.622606,0.108775,0.236516,0.619084,0.846857,0.656156,0.820008,0.375991,0.476708,0.395855,0.21673,0.760082,0.318548,0.327406,0.256569,0.0695894,0.293852,0.429953,0.305351,0.575233,0.309824,0.527372,0.372314,0.363441,0.22216,0.291727,0.300448,0.139382,0.377224,0.184457,0.284781,0.195631,0.146301,0.0952934,0.648714,0.290783,0.231647,0.366071,0.278753,0.848436,0.339727,0.84678,0.308806,0.167595,0.169458,0.160821,0.156684,0.293852,0.429953,0.78775,0.216114,0.354137,0.161009,0.39989,0.23632,0.842193,0.799103,0.138889,0.291331,0.282665,0.453897,0.492347,0.17581,0.138226,0.099202,0.1752,0.415198,0.348194,0.0580224,0.414218,0.161053,0.114849,0.0892146,0.337001,0.19831,0.478033,0.209216,0.246055,0.261231,0.133364,0.183426,0.071944,0.244421,0.367017,0.568576,0.237449,0.169693,0.259471,0.279237,0.383604,0.0765865,0,0.0862058,0.368522,0.198173,0.0781968,0.297553,0.135479,0.197893,0.0916007,0.177602,0.46648,0.117354,0.42781,0.401456,0.712438,0.510271,0.17319,0.461771,0.0526579,0.239495,0.184528,0.152977,0.285274,0.458662,0.173419,0.369344,0.316602,0.129852,0.145219,0.21599,0.403882,0.130889,0.511361,0.390786,0.132284,0.239264,0.125463,0.093065,0.266967,0.547287,0.15362,0.127066,0.155029,0.154681,0.0890215,0.292939,0.361815,0.587189,0.0541377,0.186105,0.099336,0.185522,0.118986,0.294861,0.038909,0.431873,0.201044,0.0896138,0.128735,0.415198,0.348194,0.0872862,0.0739485,0.346312,0.198715,0.189573,0.205954,0.193527,0.347686,0.832552,0.367244,0.144102,0.383445,0.638182,0.171212,0.202483,0.174654,0.0792628,0.393217,0.0597945,0.475403,0.0660575,0.33016,0.885803,0.154171,0.274039,0.140253,0.313597,0.193619,0.262953,0.391938,0.13288,0.0899955,0.338746,0.109315,0.293931,0.457926,0.193894,0.314248,0.408632,0.552334,0.170581,0.0859772,0.323948,0.405304,0.495858,0.283754,0.148612,0.167404
0.817038,0.481022,0.612103,0.312649,0.578659,0.547773,0.246642,0.0621273,0.897756,0.272132,0.286901,0.24062,0.506535,0.145536,0.194123,0.144494,0.206906,0.201544,0.484598,0.641435,0.67557,0.625757,0.236545,0.540129,0.292105,0.641489,0.577549,0.647142,0.868738,0.677453,0.737666,0.823695,0.7952,0.486115,0.687346,0.428599,0.162504,0.346621,0.485095,0.463613,0.651468,0.677482,0.454704,0.385481,0.227754,0.0537988,0.212871,0.264183,0.699103,0.700134,0.345691,0.452326,0.197966,0.460556,0.333439,0.556966,0.322552,0.739129,0.477331,0.875561,0.763964,0.652488,0.145212,0.1282,0.38805,0.143711,0.264767,0.803345,0.373949,0.328194,0.709942,0.301844,0.0514274,0.191295,0.314645,0.525864,0.166662,0.0684105,0.0358406,0.521372,0.604408,0.251365,0.0890975,0.768899,0.416116,0.202277,0.684411,0.0460477,0.584452,0.297406,0.766484,0.138721,0.454882,0.960388,0.574513,0.264385,0.815981,0.401276,0.486115,0.687346,0.656819,0.439928,0.167363,0.690255,0.220955,0.649983,0.693625,0.223253,0.349681,0.610081,0.661288,0.196531,0.735302,0.418254,0.199838,0.484966,0.36484,0.304802,0.0698054,0.88537,0.514782,0.0690347,0.578457,0.480318,0.132971,0.540663,0,0.0535184,0.53982,0.210159,0.411158,0.49922,0.0660989,0.230957,0.0963278,0.254365,0.0339503,0.261253,0.611452,0.36593,0.529855,0.62802,0.595679,0.454992,0.699605,0.0922054,0.426842,0.642141,0.632262,0.242496,0.111614,0.428032,0.180205,0.79643,0.197113,0.167163,0.546402,0.469512,0.375777,0.238199,0.226633,0.945236,0.407578,0.175349,0.306589,0.115837,0.586111,0.244906,0.0604677,0.121575,0.189506,0.33171,0.00910912,0.269787,0.264636,0.27418,0.0572236,0.17259,0.476855,0.312181,0.398004,0.493635,0.59765,0.259922,0.477262,0.495847,0.166877,0.587875,0.627736,0.390686,0.291606,0.460697,0.451959,0.586419,0.394072,0.311987,0.402045,0.0469919,0.46137,0.490618,0.149934,0.134868,0.120518,0.210771,0.280721,0.71669,0.320401,0.231444,0.143343,0.540973,0.535697,0.415543,0.341764,0.457002,0.318158,0.34021,0.435245,0.325035,0.210912,0.00382726,0.206903,0.611858,0.302467,0.258678,0.220545,0.274772,0.54766,0.145061,0.438214,0.272693,0.606853,0.313568,0.435947,0.62374,0.489026,0.0663709,0.611858,0.302467,0.193572,0.340688,0.760256,0.182643,0.516373,0.506124,0.609687,0.362098,0.348368,0.767108,0.243951,0.617213,0.170117,0.0688883,0.367105,0.263449,0.242178,0.591809,0.518256,0.53926,0.186653,0.746852,0.189603,0.584351,0.294713,0.361305,0.633787,0.230479,0.296651,0.130866,0.151836,0.0926904,0.703705,0.182434,0.195407,0.298712,0.334196,0.832212,0.323855,0.838468,0.198435,0.173488,0.0976202,0.186161,0.112419,0.367105,0.263449,0.578854,0.345139,0.229187,0.470921,0.586192,0.202658,0.59783,0.733926,0.261002,0.176544,0.426177,0.439174,0.469821,0.0754723,0.260468,0.14557,0.194372,0.241861,0.337273,0.036139,0.597485,0.155721,0.17469,0.121222,0.338074,0.133311,0.54874,0.279602,0.239182,0.423506,0.21979,0.166137,0.115891,0.150227,0.567458,0.64767,0.439295,0.231444,0.143343,0.242945,0.677404,0.100354,0.599985,0.0774716,0.303599,0.10595,0.0855108,0.201047,0.207194,0.232696,0.0298639,0.128051,0.365995,0.153241,0.27535,0.388541,0.796803,0.576959,0.148916,0.260025,0.546738,0.532063,0.147298,0.170471,0.12366,0.4343,0.276509,0.478633,0.462269,0.0630156,0.151768,0.224526,0.306127,0.144324,0.193004,0.322994,0.142239,0.0562293,0.0903509,0.0741802,0.451959,0.586419,0.263154,0.110342,0.114049,0.1041,0.0428265,0.462735,0.52492,0.462654,0.0634139,0.186577,0.162861,0.228416,0.191785,0.310452,0.0387367,0.45982,0.17813,0.0676829,0.28477,0.241861,0.337273,0.34366,0.545821,0.553588,0.130496,0.163474,0.0469196,0.187318,0.205491,0.741311,0.118308,0.29542,0.392597,0.201364,0.177042,0.190808,0.141925,0.111311,0.147496,0.152495,0.451746,0.244722,0.217459,0.103317,0.133102,0.555934,0.202574,0.212386,0.142226,0.203598,0.371681,0.155657,0.0994086,0.224795,0.111642,0.552612,0.292831,0.389557,0.353139,0.353264,0.256432,0.292271,0.113639,0.178325,0.129433,0.420805,0.243571,0.101473,0.268759
0.659752,0.615945,0.497937,0.125003,0.626911,0.795745,0.124054,0.110398,0.789007,0.208723,0.193654,0.42832,0.295519,0.13815,0.17475,0.123473,0.377911,0.153035,0.477562,0.354376,0.69354,0.462471,0.223181,0.417359,0.315043,0.665226,0.726838,0.629258,0.767407,0.883677,0.686462,0.113909,0.112438,0.712741,0.848033,0.348076,0.21302,0.5766,0.316884,0.38038,0.2403,0.554058,0.420878,0,0.219126,0.0370872,0.296905,0.418223,0.230083,0.289448,0.199966,0.478122,0.791013,0.618267,0.823794,0.504318,0.415445,0.761289,0.889864,0.772642,0.875517,0.704566,0.270821,0.291401,0.559049,0.520446,0.154491,0.632381,0.295099,0.28683,0.523495,0.506172,0.274619,0.39476,0.301522,0.619782,0.361475,0.046974,0.201531,0.046885,0.508608,0.245057,0.112936,0,1,0.374372,0.586787,0.0432948,0.752703,0.463562,0.471834,0.0946335,0.0340813,0.793944,0.704225,0.119141,0.720592,0.485789,0.712741,0.848033,0.652574,0.640318,0.631544,0.0485885,0.294349,0.879586,0.59421,0.267613,0.625818,0.706995,0.281519,0.306119,0.618509,0.2939,0.161412,0.199093,0.351957,0.152832,0.121569,0.518686,0.551842,0.0559027,0.509914,0.410513,0.0931739,0.682608,0.0494212,0.0675839,0,0.202994,0.490897,0.626689,0.0371414,0.195146,0.152843,0.274566,0.27286,0.207308,0.770455,0.233918,0.525147,0.435621,0.580877,0,0.571692,0.204209,0.859548,0.797195,0.847253,0.114494,0.34743,0.645739,0.0245396,0.775937,0.413237,0.0409845,0.581573,0.491073,0.404177,0.650811,0.22618,0.447636,0.529659,0.0330125,0.253839,0.0200524,0.528965,0.319217,0.272833,0.0233297,0.202425,0.245747,0.0262652,0.216963,0.806806,0.362674,0.250193,0.236154,0.398519,0.200734,0.689722,0.411111,0.313772,0.200887,0.460888,0.526147,0.19387,0.720757,0.408437,0.358321,0.180469,0.555932,0.332104,0.478283,0.432207,0.217101,0.209666,0.289312,0.144075,0.638276,0.0622392,0.0957442,0.0390191,0.266827,0.557366,0.640503,0.232431,0.179031,0.150271,0.476283,0.741897,0.170018,0.308109,0.767844,0.235614,0.254346,0.349096,0.213031,0.151354,0.216205,0.273927,0.461472,0.387056,0.163159,0.199833,0.314075,0.636184,0.109109,0.536845,0.414847,0.587257,0.132774,0.41786,0.506052,0.417417,0.19143,0.461472,0.387056,0.192099,0.157608,0.886297,0.808268,0.764124,0.384455,0.513049,0.277657,0.246228,0.824936,0.242166,0.575896,0.0809723,0.0564307,0.413695,0.299608,0.268607,0.621295,0.538581,0.545529,0.199974,0.990333,0.175237,0.902762,0.203113,0.13451,0.576514,0.194254,0.197738,0.0545519,0.158445,0.170335,0.737238,0.205351,0.114864,0.245239,0.437048,0.816927,0.662593,0.818929,0.169517,0.12852,0.232603,0.264889,0.0939747,0.413695,0.299608,0.812649,0.4096,0.423664,0.61914,0.820765,0.0952054,0.911745,0.808768,0.271964,0.227237,0.323233,0.439112,0.16891,0.191696,0.153533,0.148139,0.165433,0.838821,0.361271,0.20497,0.617679,0.136957,0.240624,0.124757,0.159392,0.139931,0.860399,0.33927,0.430456,0.286794,0.107364,0.266451,0.0724701,0.237661,0.526748,0.869447,0.332508,0.179031,0.150271,0.198179,0.646293,0.205764,0.652281,0.074755,0.517793,0.0979668,0.383719,0.26539,0.205058,0.172778,0.103247,0.230305,0.585575,0.158604,0.361644,0.439238,0.892607,0.646724,0.146333,0.119629,0.425089,0.138229,0.126695,0.105596,0.287759,0.26189,0.444186,0.515833,0.328346,0.0896543,0.176889,0.0639303,0.199545,0.142013,0.338537,0.0922852,0.136073,0.106777,0.115954,0.0909656,0.332104,0.478283,0.128045,0.175033,0.110342,0.155792,0.116142,0.0836678,0.361553,0.215933,0.0777903,0.219821,0.202135,0.218804,0.245045,0.190934,0.0803107,0.482851,0.161041,0.107195,0.13887,0.838821,0.361271,0.463128,0.0530663,0.5988,0.144147,0.135923,0.126175,0.358673,0.115594,1,0.117843,0.220542,0.264591,0.205344,0.108369,0.105421,0.336324,0.097178,0.0991136,0.037466,0.321055,0.34825,0.259904,0.199251,0.122551,0.0895603,0.126635,0.256325,0.0795402,0.211713,0.227834,0.130011,0.109736,0.407995,0.138747,0.524032,0.322627,0.538123,0.444416,0.146301,0.32618,0.117924,0.146511,0.152635,0.0924605,0.250244,0.162288,0.147173,0.286043
0.693184,0.448993,0.483399,0.364569,0.229442,0.592292,0.311954,0.0670943,0.449676,0.306913,0.340358,0.207039,0.336425,0.224452,0.265467,0.200473,0.212208,0.597199,0.252235,0.352563,0.457819,0.407964,0.212952,0.438024,0.4104,0.464367,0.472214,0.499776,0.715163,0.73384,0.689665,0.499853,0.289351,0.680458,0.748718,0.420876,0.375979,0.376338,0.445245,0.479992,0.814442,0.560132,0.499571,0.725909,0.267264,0.194223,0.455461,0.374082,0.797902,0.748794,0.442677,1,0.432903,0.834192,0.239447,0.987132,0.374085,0.651603,0.482469,0.678991,0.732782,0.617898,0.394564,0.297266,0.359186,0.248926,0.351051,0.276003,0.288706,0.355144,0.833534,0.599973,0.179814,0.39731,0.484486,0.54774,0.468902,0.0698244,0.277376,0.415384,0.361376,0.401158,0.240969,0.303503,0.223838,0.310812,0.583332,0.104841,0.418016,0.473751,0.697651,0.122377,0.3439,0.311861,0.797811,0.211833,0.818323,0.286959,0.680458,0.748718,0.453884,0.408349,0.290611,0.462164,0.525074,0.764257,0.468319,0.213485,0.473933,0.748669,0.462172,0.448397,0.591985,0.416547,0.182195,0.399398,0.616731,0.320671,0.169722,0.258986,0.435198,0.135256,0.175484,0.471384,0.160997,0.660016,0.119409,0.0435924,0.558453,0.138558,0.250857,0.257976,0.157987,0.162803,0.133081,0.143097,0.371083,0.224994,0.431594,0.186503,0.343751,0.682938,0.617943,0.456997,0.680892,0.323659,0.541576,0.54236,0.496088,0.0953478,0.403374,0.254117,0.38352,0.751509,0.525258,0.150759,0.466761,0.57752,0.40116,0.202215,0.382611,0.478399,0.34368,0.126506,0.287838,0.520051,0.427444,0.272335,0.366358,0.0931304,0.096342,0.310491,0.0521118,0.36378,0.496863,0.583645,0.259568,0.0843268,0.401866,0.137161,0.414613,0.280271,0.204079,0.293291,0.315059,0.262668,0.197478,0.516402,0.4453,0.400325,0.211231,0.521073,0.227787,0.517582,0.326603,0.245119,0.475574,0.394195,0.0933214,0.131403,0.14293,0.139502,0.116327,0.118832,0.404997,0.530437,0.349557,0.116946,0.239695,0.406102,0.510796,0.748606,0.265497,0.528224,0.177663,0.214838,0.34817,0.130475,0.158787,0.363104,0.313031,0.507141,0.136958,0.291112,0.432321,0.303753,0.404561,0.0454046,0.366477,0.250063,0.133597,0.144994,0.297179,0.455555,0.335966,0.300165,0.507141,0.136958,0.203166,0.308289,0.892784,0.232188,0.418223,0.123493,0.516512,0.400846,0.252616,0.768762,0.350988,0.520717,0.230181,0.0669005,0.322183,0.310218,0.323252,0.548118,0.282804,0.530393,0.144852,0.34238,0.214018,0.67272,0.236627,0.115094,0.316296,0.171517,0.255811,0.0961284,0.114492,0.340837,0.672359,0.157173,0.180332,0.372877,0.156919,0.879803,0.610032,0.912515,0.242276,0.14096,0.0744741,0.149627,0.216499,0.322183,0.310218,0.858916,0.301109,0.450325,0.155732,0.415013,0.0421358,0.673348,0.799186,0.222493,0.170809,0.214383,0.46165,0.28599,0.130733,0.192762,0.196498,0.112411,0.216636,0.405574,0.108278,0.577019,0.12508,0.225015,0.106306,0.207966,0.147128,0.638555,0.145667,0.220043,0.216214,0.0955292,0.203972,0.149948,0.350777,0.418787,0.619996,0.150618,0.116946,0.239695,0.284298,0.557956,0.124836,0.407638,0.0726976,0.35148,0.161441,0.00971913,0.178313,0.141502,0.237942,0.0829223,0.193682,0.326881,0.129977,0.467391,0.34828,0.677952,0.558996,0.222251,0.357289,0.292009,0.221525,0.145276,0.0552815,0.156924,0.407976,0.172853,0.497513,0.297304,0.138495,0.146771,0.155086,0.224601,0.10118,0.279317,0.281072,0.099082,0.0631268,0.109729,0.126949,0.227787,0.517582,0.173845,0.0910535,0.0639762,0.0971767,0.0819439,0.220283,0.254023,0.392462,0.210753,0.167457,0.14297,0.146317,0.182007,0.384792,0.0377484,0.27198,0.169938,0.158741,0.122793,0.216636,0.405574,0.232438,0.213638,0.36517,0.298367,0.174576,0.110432,0.215836,0.322755,0.792865,0.23563,0.163534,0.335036,0.267146,0.131424,0.217443,0.285708,0.0596479,0.200217,0.177322,0.165496,0.118515,0.289437,0.134291,0.108416,0.225477,0.139758,0.51952,0.249291,0.253172,0.401352,0.126148,0.103488,0.315581,0.157339,0.234244,0.217141,0.305172,0.358432,0.236479,0.4235,0.140723,0.0882544,0.176756,0.219326,0.456636,0.170125,0.112467,0.1751
0.656079,0.484521,0.305141,0.267836,0.0960881,0.570333,0.566914,0.067068,0.769373,0.681773,0.68641,0.394594,0.097484,0.54876,0.514477,0.547582,0.255463,0.465826,0.379365,0.561397,0.603751,0.337777,0.130112,0.381453,0.256138,0.0472255,0.527392,0.42454,0.396309,0.638805,0.598126,0.113504,0.0519967,0.352366,0.484972,0.230363,0.121484,0.351615,0.27927,0.266788,0.609683,0.402457,0.285548,0.693906,0.235485,0.509638,0.670738,0.566703,0.691796,0.619978,0.406279,0.756147,0.793951,0.843171,0.273997,0.81418,0.415303,0.787306,0.603506,0.699701,0.703856,0.565067,0.703524,0.589788,0.375591,0.485552,0.685117,0.0447477,0.298262,0.443551,0.590633,0.41451,0.162641,0.471874,0.308408,0.56291,0.623995,0.222211,0.409248,0.242928,0.217014,0.201057,0.443384,0.151567,0.314352,0.32903,0.496531,0.174332,0.327305,0.538926,0.474291,0.128709,0.150854,0.32798,0.558311,0.623834,0.7228,0.102311,0.352366,0.484972,0.32155,0.247052,0.574754,0.066465,0.37919,0.896657,0.724077,0.191836,0.616281,0.626194,0.476937,0.764797,0.554614,0.323079,0.147512,0.230355,0.380592,0.20041,0.167134,0.124926,0.546633,0.0739185,0.456208,0.338283,0.323553,0.81553,0.225672,0.145816,0.42068,0.0594125,0.255094,0.237226,0.0528007,0.260137,0.120248,0.194748,0.576223,0.429017,0.716525,0.258239,0.238265,0.645573,0.530189,0.35396,0.921555,0.341441,0.607697,0.490939,0.541604,0.0594226,0.557417,0.397684,0.0413321,0.7182,0.503179,0.0560013,0.435291,0.668085,0.417491,0.191503,0.157982,0.480156,0.380236,0.0365201,0.339228,0.0658877,0.514928,0.503206,0.540015,0.0779964,0.109248,0.185101,0.0246908,0.273882,0.511767,0.323969,0.38725,0.119431,0.397518,0.0978052,0.510473,0.252799,0.0634252,0.198958,0.272093,0.295864,0.173924,0.658483,0.552636,0.516556,0.3733,0.637066,0.36206,0.564104,0.138799,0.224731,0.407526,0.464784,0.00532969,0.228007,0.0369535,0.0495412,0.155041,0.135943,0.600799,0.545566,0.190733,0.134463,0.323766,0.389518,0.497527,0.360265,0.150889,0.674412,0.273115,0.164359,0.339979,0.0989587,0.1677,0.459825,0.318509,0.381151,0.198644,0.224864,0.433994,0.238748,0.52381,0.0464885,0.395758,0.336565,0,0.226042,0.297849,0.442581,0.672538,0.298601,0.381151,0.198644,0.106475,0.271352,0.855405,0.241808,0.521977,0.491354,0.481969,0,0.247964,0.833449,0.237717,0.533179,0.294958,0.0691731,0.365531,0.176565,0,0.498108,0.267889,0.531155,0.221924,0.404403,0.239942,0.368584,0.21933,0.0993832,0.342903,0.257123,0.211867,0.176334,0.177436,0.218201,0.539338,0.143421,0.155344,0.737342,0.188698,0.870781,0.420937,0.869615,0.248226,0.228786,0.0657585,0.149904,0.211075,0.365531,0.176565,0.775748,0.552195,0.325313,0.172872,0.642519,0.0809371,0.74627,0.82533,0.232922,0.0220315,0.220194,0.439387,0.476535,0.293143,0.142017,0.0593214,0.0968106,0.446866,0.517466,0.0880715,0.698919,0.17858,0.141637,0.0794977,0.28579,0.108898,0.710127,0.158352,0.161772,0.270775,0.0959556,0.209457,0.152536,0.33947,0.494564,0.684954,0.136481,0.134463,0.323766,0.124927,0.716242,0.111367,0.476631,0.0640922,0.309232,0.222127,0.0619246,0.0901955,0.155299,0.130698,0.0958468,0.256481,0.387994,0.223269,0.458293,0.280964,0.751236,0.342874,0.218229,0.285633,0.389329,0.169491,0.148516,0.0474471,0.0564654,0.409005,0.18583,0.427764,0.329095,0.17786,0.11121,0.142436,0.169699,0.0911791,0.496121,0.105619,0.0798143,0.0708828,0.0589449,0.145108,0.36206,0.564104,0.112006,0.102905,0.0936274,0.125677,0.122748,0.358913,0.291149,0.266135,0.175197,0.273751,0.0865712,0.25625,0.146286,0.458077,0.0397533,0.416762,0.148349,0.13185,0.132091,0.446866,0.517466,0.276283,0.131645,0.433328,0.292614,0.208554,0.142282,0.224908,0.160803,0.827628,0.371737,0.0869607,0.378594,0.600734,0.149879,0.180024,0.147418,0.0830803,0.440753,0.029475,0.251512,0.134293,0.182088,0.0456497,0.0893524,0.216185,0.137118,0.297991,0.258033,0.143349,0.353087,0.069908,0.0868995,0.161304,0.0729797,0.215387,0.267132,0.355304,0.390068,0.270449,0.521744,0.139698,0.102565,0.140187,0.124031,0.59502,0.197096,0.0686702,0.150142
0.533457,0.22565,0.483515,0.116586,0.390342,0.670014,0.275455,0.188955,0.986781,0.575498,0.66538,0.413309,0.568605,0.330225,0.344331,0.2625,0.244502,0.385516,0.44463,0.244731,0.398527,0.441485,0.210779,0.290942,0.710429,0.223948,1,0.568793,0.697622,0.691443,0.6188,0.303338,0.19469,0.470909,0.806771,0.33163,0.245496,0.294072,0.203623,0.276405,0.675057,0.521705,0.410584,0.458587,0.237317,0.269718,0.207206,0.360578,0.416469,0.618192,0.388656,0.498806,0.711948,0.599803,0.676088,0.541798,0.603381,0.622241,0.379928,0.735592,0.870854,0.461346,0.384403,0.31329,0.360149,0.259919,0.0747335,0.603324,0.36383,0.55682,0.553963,0.335884,0.0956755,0.677802,0.270398,0.400102,0.476811,0.0741807,0.265654,0.320618,0.463754,0.220445,0.253298,0.216541,0.347919,0.342659,0.450416,0.222874,0.88629,0.341589,0.756446,0.176519,0.16401,0.471238,0.399622,0.258259,0.766348,0.351074,0.470909,0.806771,0.539818,0.399022,0.367911,0.0670475,0.330985,0.50007,0.905888,0.293035,0.186129,0.471381,0.168572,0.4006,0.55346,0.32384,0.10179,0.382783,0.324538,0.234253,0.360305,0.430381,0.681594,0.171716,0.160482,0.201103,0.277793,0.404147,0.102353,0.176961,0.175572,0.209437,0.291916,0.602471,0.130953,0.143222,0.0882178,0.0285428,0.487727,0.215163,0.324615,0.331538,0.507882,0.62185,0.763394,0.342972,0.700141,0.279749,0.607778,0.477431,0.616203,0.173205,0.441912,0.475157,0.101742,0.621998,0.789919,0.0372288,0.694989,0.392482,0.265964,0.357881,0.150635,0.453844,0.579115,0.0866911,0.149759,0.132798,0.638338,0.264454,0.263625,0.0940269,0.215023,0.226073,0.0642596,0.16358,0.552211,0.347452,0.251489,0.190758,0.202278,0.0779272,0.919723,0.368352,0.495916,0.166556,0.0957053,0.487011,0.242316,0.431159,0.646471,0.342121,0.226355,0.534093,0.354544,0.302781,0.553151,0.116146,0.236522,0.258804,0.179392,0.298772,0.0164151,0.188753,0.166259,0.186415,0.452964,0.672817,0.261178,0.349632,0.240506,0.350704,0.918748,0.371291,0.298785,0.925798,0.702942,0.260399,0.326543,0.137092,0.193449,0.256358,0.291177,0.64883,1,0.095614,0.152807,0.316877,0.563883,0.213786,0.698817,0.918112,0.360723,0.193031,0.381206,0.470137,0.32494,0.226505,0.64883,1,0.24348,0.1266,0.753898,0.186789,0.519581,0.690531,0.538407,0.333866,0.162052,0.787247,0.513299,0.39069,0.194124,0.10088,0.14157,0.220108,0.174145,0.444012,0.179919,0.865384,0.218994,0.566775,0.322498,0.508249,0.468416,0.369117,0.404571,0.302309,0.28056,0.34335,0.272673,0.118791,0.604119,0.217545,0.235171,0.347148,0.180098,0.726698,0.412618,0.749848,0.32098,0.234618,0.166564,0.397871,0.00475846,0.14157,0.220108,0.650211,0.483176,0.693198,0.774275,1,0.136507,0.588092,0.773604,0.333398,0.718976,0.233542,0.586651,0.435322,0.391682,0.131373,0.0985608,0.934589,0.474456,0.463659,0.412552,0.456493,0.354733,0.194145,0.235926,0.461723,0.113239,0.794392,0.338661,0.143663,0.36768,0.321681,0.600266,0.205993,0.202172,0.481003,0.9311,0.232694,0.349632,0.240506,0.283156,0.32802,0.494498,0.576836,0.177085,0.363565,0.52726,0.117705,0.173311,0.262524,0.143796,0.136293,0.473593,0.296317,0.148278,0.470277,0.436792,0.711523,0.629355,0.257735,0.232234,0.364894,0.172252,0.172136,0.202574,0.344338,0.286154,0.80839,0.726505,0.0627249,0.228476,0.18164,0.200919,0.409313,0.0710455,0.724728,0.193607,0.340025,0.15039,0.104799,0.282298,0.354544,0.302781,0.255428,0.0718833,0.0892696,0.132871,0.0798075,0.468844,0.161615,0.275867,0.0681219,0.147058,0.206687,0.352249,0.227064,0.263387,0.0765364,0.302621,0.217012,0.189471,0.553544,0.474456,0.463659,0.230481,0.259642,0.686659,0,0.278658,0.0882118,0.479066,0.120122,0.74045,0.261912,0.603618,0.0723663,0.266746,0.1714,0.159935,0.308834,0.249446,0.458568,0.0761894,0.412701,0.225036,0.0989724,0.242683,0.291789,0.517896,0.202677,0.42041,0.173753,0.529441,0.172006,0.156711,0.0988702,0.270894,0.212661,0.51231,1,0.435339,0.216059,0.32286,0.461263,0.397444,0.173152,0.34003,0.323658,0.387698,0.117234,0.169739,0.396694
0.636182,0.502581,0.269245,0.386741,0.562885,0.452631,0.247902,0.04095,0.529922,0.109291,0.111821,0.151037,0.413833,0.103572,0.323362,0.187492,0.176002,0.69375,0.915991,0.507807,0.4833,0.495582,0.373935,0.499354,0.184073,0.397769,0.351833,0.395257,0.505536,0.680883,0.41801,0.345621,0.213078,0.286249,0.444544,0.412506,0.255352,0.765226,0.393778,0.399171,0.419993,0.420195,0.322397,0.843219,0.31301,0.10783,0.518315,0.64653,0.509618,0.716837,0.703458,0.655924,0.579774,0.727113,0.360134,0.671239,0.467086,0.925208,0.497532,0.529264,0.607358,0.400043,0.259349,0.21293,0.284574,0.298812,0.438552,0.366663,0.229902,0.411943,0.679425,0.633183,0.096099,0.423438,0.355844,0.4647,0.605677,0.111875,0.176356,0.338713,0.338672,0.269395,0.181076,0.190582,0.120245,0.39507,0.500947,0.0276472,0.426254,0.314885,0.338887,0.0514575,0.0673354,0.107179,0.25806,0.16557,0.591836,0.310743,0.286249,0.444544,0.374826,0.211341,0.265344,0.143654,0.296816,0.523698,0.347313,0.282242,0.688001,0.42512,0.663463,0.35657,0.798135,0.589497,0.104132,0.345799,0.459864,0.322181,0.11795,0.41368,0.40555,0.123037,0.0598134,0.5723,0.367229,0.747633,0.245217,0.0293665,0.432411,0.130536,0.219956,0.291545,0.0937068,0.0536487,0.255468,0.237787,0.389162,0.443317,0.386521,0.132406,0.689133,0.696569,0.528602,0.381138,0.660947,0.325292,0.620967,0.507664,0.381848,0.0765188,0.408973,0.284998,0.0822354,0.496997,0.356518,0.306264,0.512503,0.50768,0.600851,0.123751,0.312728,0.534141,0.2024,0.262054,0.614695,0.0570459,0.742153,0.23049,0.630622,0.261911,0.15205,0.397336,0.023628,0.187053,0.33559,0.376985,0.255786,0.144576,0.538125,0.229646,0.423727,0.363786,0.164186,0.304441,0.383331,0.504382,0.0895804,0.654844,0.714317,0.503697,0.410435,0.630875,0.30825,0.732963,0.109121,0.365606,0.624285,0.433018,0.0403946,0.169817,0.18787,0.126913,0.050163,0.211817,0.415072,0.739855,0.384394,0.150626,0.163023,0.565794,0.510859,0.531979,0.329171,0.272683,0.210025,0.417565,0.690524,0.119532,0.234089,0.447192,0.133981,0.366187,0.202828,0.342681,0.556733,0.224294,0.397136,0.194243,0.423289,0.221932,0.261704,0.242489,0.213837,0.872929,0.318889,0.330653,0.366187,0.202828,0.113767,0.536649,0.940214,0.581715,0.470293,0.58758,0.683225,0.243104,0.487906,0.847038,0.370139,0.672996,0.313038,0.0945376,0.0706303,0.254561,0.24911,0.535127,0.158071,0.531609,0.195098,0.303236,0.113317,0.25932,0.237924,0.141916,0.411443,0.131643,0.217559,0.0954193,0.112244,0.184278,0.512561,0.249545,0.11867,0.324751,0.1448,0.723108,0.612396,0.79207,0.243361,0.106821,0.21355,0.144744,0.112592,0.0706303,0.254561,0.61877,0.46206,0.316339,0.0724209,0.342976,0.214345,0.751768,0.54481,0.312047,0.25773,0.227852,0.479089,0.793546,0.0856935,0.136772,0.122417,0.265906,0.311915,0.337797,0.00781675,0.661477,0.148692,0.181403,0.0683297,0.322339,0.177335,0.585526,0.201154,0.329949,0.324001,0.123068,0.152089,0.0960805,0.218959,0.42376,0.527223,0.249303,0.150626,0.163023,0.215933,0.400183,0.0554827,0.351538,0.0322302,0.278101,0.0803036,0.216281,0.221649,0.102017,0.100553,0.0667298,0.118903,0.381076,0.0547971,0.356896,0.401066,0.726754,0.58111,0.0979416,0.632918,0.533317,0.44614,0.0700755,0.154813,0.113106,0.534217,0.136335,0.313538,0.738617,0.0794376,0.106534,0.169516,0.257047,0.133251,0.262906,0.301136,0.0969046,0.0674203,0.0910259,0,0.30825,0.732963,0.291419,0.0903733,0.0647184,0.143765,0.0650962,0.48075,0.374498,0.323264,0.04952,0.0738546,0.104115,0.195887,0.179628,0.3323,0.0909677,0.509724,0.159554,0.196404,0.0496861,0.311915,0.337797,0.146821,0.0941145,0.369615,0.337318,0.1379,0.0610268,0.136345,0.292065,0.914006,0.271259,0.0174967,0.193693,0.391984,0.105019,0.246208,0.251391,0.116525,0.332648,0.0627931,0.309275,0.0736599,0.297906,0.0839843,0.082739,0.0305843,0.0819118,0.24379,0.113612,0.195372,0.62044,0.0971561,0.0986749,0.188718,0.0975929,0.332085,0.339002,0.35219,0.427461,0.263847,0.653586,0.193071,0.0998516,0.209507,0.220618,0.528521,0.217126,0.122701,0.178383
0.368736,0.29572,0.538749,0.608786,0.733609,0.213362,0.366171,0.0954523,0.373753,0.0786274,0.139963,0.266314,0.341127,0.410731,0.255674,0.236717,0.268976,0.699267,0.580296,0.447058,0.709916,0.283301,0.56743,0.867731,0.433638,0.35959,0.508557,0.178212,0.21625,0.220828,0.144185,0.167059,0.142787,0.505531,0.437428,0.316601,0.0824355,0.74666,0.275228,0.286495,0.314868,0.56443,0.412897,0.774493,0.492566,0.195613,0.231487,0.838112,0.480299,0.738383,0.744843,0.554272,0.416963,0.92482,0.139207,0.637316,0.489735,0.822908,0.408042,0.621198,0.415037,0.256217,0.11735,0.00199941,0.13704,0.423272,0.0878165,0.505148,0.177121,0.357159,0.759596,0.647031,0.410202,0.531036,0.846297,0.341866,0.297658,0.125235,0.051047,0.578626,0.32772,0.404832,0.260856,0.237844,0.163677,0.380242,0.118886,0.119182,0.752663,0.0575226,0.344509,0.144953,0.0426687,0.318065,0.234311,0.346247,0.457625,0.321193,0.505531,0.437428,0.51675,0.115533,0.219114,0.00276073,0,0.249276,0.194191,0.278417,0.334074,0.111712,0.579249,0.271676,0.462975,0.733552,0.209686,0.415969,0.722064,0.817167,0.180571,0.565642,0.349895,0.66631,0.368222,0.369532,0.238109,0.668942,0.169999,0.0776406,0.316994,0.163479,0.180839,0.787603,0.74339,0.214288,0.234418,0.402618,0.189423,0.318961,0.469749,0.127094,0.707095,0.785904,0.573937,0.171399,0.101602,0.120089,0.302831,0.594845,0.569257,0.0884187,0.117111,0.40214,0.0759731,0.439721,0.416669,0.565302,0.724167,0.373808,0.604785,0.132406,0.694689,0.162883,0.354657,0.54412,0.619205,0.111965,0.641315,0.0963217,0.0714068,0.334313,0.296149,0.767158,0.0219439,0.142348,0.403908,0.631705,0.0863658,0.298563,0.733294,0.410523,0.444714,0.835417,0.253934,0.605891,0.784418,0.533723,0.603013,0.228809,0.440027,0.451358,0.682949,0.729989,0.257986,0.796072,0.440567,0.800737,0.794329,0.12591,0.113934,0.388565,0.338405,0.181315,0.154599,0.41062,0.19437,0.695849,0.504506,0.150339,0.0127461,0.88462,0.83509,0.0423695,0.743174,0.214274,0.223276,0.623282,0.667675,0.0868068,0.445994,0.107662,0.00873069,0.593512,0.197259,0.698733,0.626912,0.259563,0.313508,0.31507,0.370726,0.230291,0.1876,0.402177,0.364138,0.858155,0.693334,0.0794338,0.593512,0.197259,0.253332,0.830537,0.803257,0.158306,0.275624,0.706925,0.522582,0.744744,0.601164,0.653958,0.644213,0.683562,0.822956,0.027331,0.0443182,0.602957,0.464781,0.513745,0.607914,0.516481,0.556515,0.392488,0.12377,0,0.435467,0.213156,0.747055,0.0127488,0.349647,0.0563635,0.114451,0.0402105,0.58163,0.407617,0.245939,0.296697,0.207911,0.682867,0.195805,0.793358,0.400986,0.118072,0.230282,0.180551,0.0658963,0.0443182,0.602957,0.757689,0.35938,0.0919082,0.0734099,0.26006,0.671993,0.451764,0.77579,0.311993,0.458408,0.235549,0.476504,0.748939,0.166684,0.0205586,0.0743051,0.44769,0.123188,0.0679897,0.109624,0.640275,0.0792918,0.0985703,0.106415,0.390041,0.279456,0.623083,0.36511,0.87195,0.316523,0.129709,0.350321,0,0.0682815,0.519132,0.552546,0.254901,0.150339,0.0127461,0.467486,0.263051,0.136997,0.612879,0.0656528,0.317576,0.033108,0.088509,0.614844,0.159875,0.209582,0.150865,0.181386,0.26543,0.0808664,0.352075,0.649915,0.537052,0.671457,0.361154,0.661659,0.486045,0.215394,0.0657127,0.330392,0.350355,0.737314,0.0629471,0.63135,0.437026,0.171956,0.123598,0.319886,0.459535,0.17375,0.452316,0.0240068,0.0711921,0.0876815,0.176348,0.0864582,0.257986,0.796072,0.155519,0.078834,0.112794,0.182964,0.0671343,0.692005,0.472182,0.681487,0.0273072,0.159342,0.196734,0.202605,0.43012,0.143254,0.049312,0.361728,0.242012,0.00642105,0.133846,0.123188,0.0679897,0.145271,0.203441,0.43608,0.178943,0.163176,0.220925,0.329025,0.590123,0.884606,0.376277,0.192794,0.639358,0.00740971,0.096325,0.397605,0.149927,0.145587,0.494346,0.0328031,0.763689,0.169674,0.588466,0.113663,0.141297,0.29194,0.239057,0,0.16361,0.344699,0.64877,0.137697,0.0676333,0.303926,0.0965089,0.328193,0.524674,0.372948,0.6743,0.268393,0.650398,0.331601,0.0742326,0.591961,0.772754,0.368888,0.438224,0.163808,0.065454
0.713055,0.514073,0.548135,0.1592,0.479852,0.601853,0.478781,0.688413,0.815944,0.464522,0.540693,0.299233,0.235229,0.34636,0.270484,0.357763,0.225664,0.345568,0.274803,0.400705,0.106474,0.504049,0.0215151,0.746543,0.153809,0.260194,0.0899645,0.541479,0.634798,0.57344,0.548626,0.513225,0.413346,0.424189,0.599493,0.304148,0.298532,0.604301,0.429308,0.485368,0.618663,0.61241,0.389885,0.640035,0.169147,0.250595,0.291355,0.378925,0.582512,0.614483,0.362805,0.478871,0.588604,0.69592,0.270309,0.674811,0.35921,0.672899,0.491375,0.607963,0.40193,0.370987,0.657795,0.589284,0.552605,0.142571,0.218252,0.237709,0.337264,0.306726,0.488576,0.179306,0.196322,0.391597,0.218507,0.585766,0.42389,0.114773,0.402777,0.12772,0.627613,0.300767,0.441835,0.299528,0.237291,0.50492,0.48189,0.236663,0.263245,0.696758,0.605107,0.514207,0.381907,0.865699,0.544122,0.464189,0.859748,0.163018,0.424189,0.599493,0.477118,0.340232,0.522661,0.185075,0.415652,0.784261,0.495809,0.737439,0.400476,0.29633,0.363742,0.504108,0.654278,0.0759219,0.219674,0.337137,0.35494,0,0.0657395,0.407045,0.364,0.502941,1,0.280467,0.411814,0.55985,0.164547,0.568576,0.605985,0.317125,0.292948,0.302872,0.07331,0.0802961,0.166022,0.0811062,0.42824,0.372973,0.408988,0.797379,0.0523953,0.396197,0.48856,0.378806,0.731294,0.344236,0.595396,0.1625,0.673879,1,0.343189,0.542363,0.255853,0.703186,0.543365,0.325722,0.155843,0.468018,0.142847,0.437887,0.273068,0.812475,0.263345,0.132446,0.079296,0.302739,0.420507,0.629307,0.309931,0.229964,0.0790126,0.105237,0.0586506,0.144007,0.474526,0.0898603,0.333073,0.282442,0.371005,0.0418438,0.564494,0.170615,0.48323,0.123354,0.83802,0.663476,1,0.447138,0.340094,0.605513,0.218444,0.330533,0.132567,0.30054,0.134884,0.117184,0.134538,0.389968,1,0.307132,0.34283,0.387756,0.584766,0.157724,0.45419,0.568457,1,1,0.476156,0.54955,0.364033,0.486597,0.420908,0.221195,0.397501,0.219459,0.11633,0.369962,0.467324,0.289728,1,0.604278,0.144654,0.117056,0.175445,0.721243,0.530391,0.0669499,0.265899,0.313872,0.164055,0.363928,0.32148,0.51059,0.509243,0.267876,0.604278,0.144654,1,0,0.756456,0.494377,0.591217,0.268183,0.482575,0.248954,0.04734,0.781626,0.422102,0.097152,0.154656,0.57649,0.29197,0.182644,0.986369,0.557968,0.184384,0.605775,1,0.165913,1,0.260843,0.0880226,0.135894,0.0680672,0.321502,1,1,1,0.139952,0.631864,0.871664,0.810746,0.139401,0.0777393,0.882231,0.447496,0.800333,0.985126,1,0.670553,0.976784,0.874297,0.29197,0.182644,0.59353,0.380301,0.982984,0.204123,0.206815,0.277562,0.714673,0.828117,0.161699,0.745635,0.140443,0.627457,0.478688,0.697601,1,0.518456,0.121491,0.68178,0.757265,0.613304,0.378855,1,1,1,1,1,0.198721,0,0.436019,0.545786,1,0.188545,1,0.255033,0.696031,0.204996,0.199928,1,0.476156,1,0.308455,0.573283,0.73353,0.236001,0.576321,0.568405,0.203911,0.51064,0.455438,1,1,0.179975,0.263731,1,0.351364,0.390559,0.519242,0.177136,0.33923,0,0.194606,0.0552553,1,0.46302,1,0.349047,1,0.205938,0.212645,1,0.286345,1,0.795842,0.32754,0.990227,0.233231,0.674629,0.164452,1,0.957678,0.132567,0.30054,1,0.483103,1,1,0.233024,0.164702,0.20698,0,0.13211,1,1,0.66166,0.0599264,0.181324,0.106721,0.335731,1,0.728147,0.213945,0.68178,0.757265,0.200282,0.233492,0.290743,0.244024,1,1,0.496876,0.603087,0.840301,0.462488,0.830186,1,0.244371,1,1,0.518012,0.27359,0.455221,0.41064,0.252106,0.448105,0.567516,0.20086,0.993234,1,1,0.693662,1,1,0.205589,1,0.206996,0.563345,1,0.552148,0.960962,0.289949,0.567972,0.16004,0.612804,1,0.514183,0.774394,0.172853,0.245104,0.627336,0.167529,0.472406
0.615886,0.183557,0.202128,0.203761,0.557668,0.323151,0.472648,0.0912902,0.590279,0.425119,0.454063,0.237075,0.322184,0.586585,0.351151,0.493395,0.157341,0.700725,1,0.33308,0.568969,0.410063,0.0789977,0.615968,0.283917,0.145683,0.556509,0.386637,0.52648,0.403559,0.387281,0.159685,0.12964,0.728166,0.473137,0.334386,0.266402,0.796131,0.217701,0.247839,0.37324,0.281338,0.272918,0.827401,0.449224,0.332617,0.720286,0.785248,0.647922,0.690796,0.729579,0.660446,0.545891,0.854347,0.277557,0.713039,0.555844,0.893372,0.481197,0.65181,0.56704,0.319025,0.483548,0.463027,0.356302,0.476591,0.541841,0.459602,0.326744,0.680898,0.779166,0.747779,0.345789,0.421986,0.360153,0.571054,0.546167,0.132118,0.358503,0.411825,0.429592,0.385434,0.346128,0.296884,0.202768,0.301472,0.307089,0.0935773,0.55947,0.370707,0.265306,0.171243,0.148525,0.354475,0.40281,0.454182,0.458881,0.194347,0.728166,0.473137,0.552734,0.28251,0.383457,0.075705,0.401319,0.599915,0.502091,0.354608,0.662771,0.493271,0.629401,0.481581,0.387505,0.286521,0.224429,0.506205,0.465067,0.180489,0.266768,0.423787,0.35176,0.0700304,0.257898,0.274023,0.282039,0.837087,0.203661,0.127243,0.472493,0.093177,0.321239,0.339909,0.0661424,0.150437,0.277503,0.147112,0.415242,0.417366,0.43274,0.211141,0.32072,0.774204,0.564509,0.178594,0.270256,0.352382,0.614701,0.66137,0.623597,0.0973024,0.571247,0.618842,0.0380098,0.60047,0.366003,0.0471968,0.54754,0.858723,0.37198,0.139326,0.147749,0.368568,0.256063,0.0254111,0.158403,0.148524,0.382126,0.401706,0.493974,0.210216,0.404063,0.239131,0.0480789,0.161878,0.631825,0.43606,0.343625,0.133129,0.312263,0.15577,0.528002,0.193108,0.196168,0.186511,0.280015,0.14587,0.0298559,0.568311,0.31347,0.476384,0.319922,0.541153,0.479461,0.474133,0.239885,0.182823,0.347441,0.422933,0.282395,0.275968,0.106237,0.122752,0.111157,0.477577,0.415311,0.626969,0.400053,0.183244,0.225271,0.301953,0.673228,0.354353,0.100107,0.599489,0.258691,0.203656,0.279499,0.271062,0.145582,0.387899,0.37037,0.476569,0.600921,0.226069,0.372138,0.278912,0.414269,0.0923339,0.406719,0.269885,0.280899,0.152239,0.310553,0.431882,0.573088,0.308821,0.476569,0.600921,0.190247,0.208612,0.900817,0.223488,0.293776,0.842571,0.497175,0.191181,0.184695,0.76497,0.313775,0.469734,0.188686,0.103666,0.264161,0.241987,0.229075,0.513827,0.186598,0.53205,0.138599,0.536974,0.184729,0.504082,0.181035,0.125941,0.312357,0.300582,0.267026,0.320721,0.277941,0.1138,0.605437,0.206647,0.177299,0.405932,0.24309,0.835576,0.464607,0.851045,0.218477,0.0811916,0.0770892,0.1279,0.204272,0.264161,0.241987,0.84897,0.334633,0.207939,0.241985,0.554128,0.0618758,0.474744,0.832472,0.391911,0.225587,0.301707,0.45405,0.654552,0.524154,0.214603,0.215417,0.350824,0.310712,0.289055,0.0687926,0.565607,0.159122,0.190357,0.259051,0.289868,0.165963,0.721366,0.10488,0.200325,0.273946,0.296873,0.17035,0.0760809,0.250233,0.355694,0.714174,0.213121,0.183244,0.225271,0.166762,0.546271,0.074744,0.628867,0.150284,0.287147,0.186911,0.146762,0.244279,0.172655,0.100351,0.076304,0.207589,0.421556,0.0939409,0.523023,0.236789,0.792391,0.425265,0.203249,0.208172,0.319968,0.265783,0.236733,0.130547,0.19202,0.261813,0.271231,0.464834,0.266712,0.336048,0.147405,0.137916,0.266926,0.189433,0.323572,0.210216,0.131766,0.0772164,0.239915,0.461211,0.479461,0.474133,0.2234,0.139157,0.0900304,0.0733683,0.146081,0.369964,0.236897,0.313848,0.0529657,0.182833,0.163654,0.16165,0.079644,0.328694,0.0449424,0.414401,0.205128,0.247412,0.091877,0.310712,0.289055,0.247731,0.202007,0.351242,0.265639,0.258691,0.21913,0.169705,0.00631253,0.939228,0.535817,0.0278962,0.068507,0.220386,0.190694,0.115616,0.336989,0.0662445,0.560883,0.0502317,0.043423,0.205674,0.228007,0.0936513,0.120308,0.133172,0.0880254,0.282266,0.185804,0.246493,0.277323,0.116016,0.127153,0.295865,0.137772,0.393703,0.44402,0.320277,0.511348,0.174244,0.641065,0.169093,0.0783503,0.121992,0.0130405,0.44053,0.123721,0.134245,0.194403
0.719732,0.455525,0.511544,0.852343,0.582243,0.180083,0.327053,0.0940226,0.588909,0.315985,0.36204,0.258809,0.43404,0.201768,0.244746,0.245797,0.0978473,0.41024,0.386749,0.457409,0.539964,0.552143,0.332093,0.473284,0.534739,0.472621,0.131093,0.682518,0.677955,0.697924,0.63679,0.387037,0.237105,0.445114,0.519048,0.372367,0.358124,0.312236,0.507669,0.520454,0.741606,0.608055,0.525941,0.602871,0.189443,0.166658,0.28077,0.394967,0.17968,0.190445,0.338966,0.631258,0.00553573,0.429221,0.0826173,0.616503,0.445063,0.75427,0.369965,0.47226,0.540787,0.36479,0.490912,0.342451,0.544798,0.154523,0.26705,0.986866,0.269047,0.277105,0.707495,0.46957,0.0512537,0.393642,0.494455,0.375849,0.540999,0.113534,0.31046,0.519304,0.450038,0.242017,0.310474,0.256997,0.240047,0.307718,0.65899,0.127471,0.476955,0.29314,0.278988,0.229155,0.144215,0.179543,0.679359,0.288335,0.797755,0.540582,0.445114,0.519048,0.595262,0.622392,0.140778,0.273912,0.494615,0.656352,0.32828,0,0.483524,0.596805,0.420506,0.42926,0.685405,0.670422,0.198212,0.297567,0.737337,0.229291,0.183086,0.676349,0.419722,0.224126,0.197507,0.632127,0.155498,0.598563,0.162349,0.0798224,0.684587,0.303403,0.214405,0.453432,0.1178,0.326833,0.0497763,0.23433,0.331937,0.241015,0.352795,0.147576,0.21312,0.72511,0.656327,0.551746,0.497851,0.377642,0.675099,0.166136,0.458201,0.0640588,0.373513,0.340155,0.0372629,0.653228,0.300269,0.339333,0.463857,0.898002,0.468645,0.262719,0.463939,0.887336,0.524142,0.409394,0.593156,0,0.602052,0.208397,0.319207,0.135177,0.13587,0.717547,0.024731,0.220676,0.569848,0.512163,0.306433,0.318761,0.344964,0.258849,0.257649,0.328078,0.206374,0.403926,0.246316,0.122479,0.29822,0.546102,0.726861,0.406889,0.310199,0.483254,0.33375,0.548299,0.488866,0.302814,0.345333,0.384107,0.161329,0.140919,0.423003,0.108562,0.0803735,0.0945219,0.100918,0.678252,0.190371,0.117831,0.223268,0.311038,0.397248,0.899689,0.290989,0.162308,0.194921,0.355618,0.371626,0.173197,0.282714,0.379485,0.375626,0.678288,0.113724,0.445165,0.561012,0.296008,0.361218,0.108386,0.337268,0.251146,0.361849,0.172193,0.374103,0.4665,0.319494,0.346972,0.678288,0.113724,0.108039,0.527809,0.859876,0.0942901,0.267436,0.659992,0.595482,0.587248,0.835553,0.734855,0.230049,0.265323,0.181329,0.0817687,0.337991,0.464385,0.918272,0.563928,0.158755,0.538117,0.189881,0.121535,0.187529,0.621358,0.266043,0.520779,0.307012,0.14543,0.316062,0.0686363,0.16919,0.187766,0.841345,0.450135,0.123687,0.327036,0.267226,0.845418,0.688946,0.847912,0.220305,0.118022,0.259271,0.159338,0.137197,0.337991,0.464385,0.697489,0.272987,0.228464,0.0310188,0.0494006,0.198478,0.620708,0.434908,0.226823,0.234902,0.317489,0.462248,0.499047,0.192058,0.170532,0.185331,0.10886,0.107676,0.395535,0.193656,0.384977,0.132071,0.237255,0.0690274,0.21116,0.140428,0,0.118345,0.240705,0.282571,0.112487,0.374628,0.104418,0.296627,0.513274,0.189936,0.317262,0.117831,0.223268,0.284201,0.521063,0.18578,0.414508,0.0556745,0.221353,0.218974,0.00522414,0.148978,0.187241,0.145779,0.0975063,0.323888,0.470893,0.0348127,0.333148,0.285828,0.646148,0.533082,0.198285,0.748903,0.23572,0.284591,0.0845258,0.171029,0.2541,0.29882,0.099217,0.576985,0.585352,0.153456,0.115505,0.239632,0.347519,0.173183,0.255516,0.0915111,0.125371,0.0796883,0.130091,0.0838681,0.33375,0.548299,0.15538,0.168087,0.111051,0.129421,0.0589623,0.880926,0.380032,0.268996,0.0736919,0.0715973,0.212247,0.233307,0.276812,0.890361,0.0903107,0.591223,0.123137,0.174779,0.179045,0.107676,0.395535,0.298207,0.411012,0.413394,0.998177,0.131136,0.145177,0.459353,0.502177,0.859606,0.190734,0.220024,0.336704,0.0988121,0.0880866,0.250547,0.176671,0.0705494,0.2697,0.121527,0.282859,0.0785712,0.477824,0.0598112,0.0812349,0.190335,0.115155,0.412867,0.163563,0.173558,0.986576,0.120254,0.102815,0.163712,0.141777,0.311329,0.151859,0.375679,0.347481,0.255774,0.474627,0.113297,0.0931665,0.268474,0.203527,1,0.268219,0.100525,0.0309971
0.661341,0.458143,0.506543,0.316815,0.324173,1,0.476379,0.0960255,0.326307,0.562431,0.575351,0.254636,0.253343,0.528223,0.430472,0.363781,0.445938,0.536359,0.510511,0.672189,0.405976,0.486887,0.167982,0.255399,0.308086,0.249746,0.492797,0.434914,0.295768,0.639927,0.592729,0,0.00906111,0.604693,0.393189,0.270071,0.162748,0.390153,0.41742,0.461671,0.204387,0.607496,0.49453,0.679033,0.133229,0.314479,0.474497,0.406288,0.501986,0.553097,0.455833,0.490002,0.784479,0.547505,0.293276,0.540852,0.296305,0.829186,0.87566,0.645755,0.800694,0.756582,0.444977,0.379435,0.292678,0.268947,0.501908,0.557258,0.428644,0.335166,0.567624,0.368374,0.180195,0.595008,0.325685,0.651553,0.470141,0.0646938,0.277443,0.234056,0.142386,0.185445,0.284107,0.0698358,0.389584,0.277724,0.527884,0.428002,0.457895,0.227565,0.569637,0.221016,0.217668,0.332005,0.779739,0.54904,0.923822,0.125398,0.604693,0.393189,0.494453,0.722007,0.396154,0.0618041,0.351751,0.825734,0.311527,0.13561,0.496922,0.793157,0.643257,0.470311,0.608333,0.286181,0.0348391,0.258883,0.281604,0.145374,0.18334,0.166526,0.792629,0.116094,0.481111,0.368609,0.286467,0.807324,0.142202,0.368003,0.588177,0.150243,0.236968,0.286709,0.0602937,0.170554,0.108574,0.175473,0.365521,0.280834,0.212245,0.245711,0.247077,0.308348,0.552948,0.476669,1,0.28472,0.58,0.458279,0.66756,0.0667909,0.369745,0.469557,0.0379445,0.826532,0.310776,0.0211612,0.542019,0.626401,0.374005,0.290585,0.193222,0.757741,0.409524,0.0736538,0.325913,0.028627,0.479262,0.248308,0.409134,0.247703,0.0596008,0.188877,0.00906007,0.261442,0.437771,0.181948,0.290471,0.12598,0.348136,0.124474,0.593712,0.269819,0.261046,0.206174,0.237289,0.383786,0.0886406,0.596276,0.246468,0.461229,0.170901,0.411094,0.252901,0.684377,0.311172,0.243441,0.30099,0.382766,0.10894,0.207378,0.0697546,0.102691,0.254178,0.11106,0.499405,0.732344,0.224839,0.137583,0.206321,0.275623,0.551746,0.512277,0.226827,0.431659,0.0939025,0.282699,0.416392,0.116133,0.140137,0.275702,0.189747,0.516918,0.363534,0.245972,0.204894,0.281252,0.460753,0.0751852,0.40456,0.431702,0.214846,0.158415,0.280913,0.202974,0.609907,0.255067,0.516918,0.363534,0.175218,0.285452,0.871467,0.345982,0.634721,0.383119,0.189324,0.15484,0.268086,0.582637,0.229661,0.601627,0.164544,0,0.40322,0.126052,0.0993467,0.549304,0.242312,0.539047,0.220885,0.435063,0.115551,0.52521,0.238702,0.116575,0.301114,0.294661,0.250571,0.225436,0.140352,0.199456,0.756693,0.14192,0.188675,0.238734,0.238077,0.929242,0.543397,0.84054,0.127655,0.109579,0.120807,0.157308,0.13353,0.40322,0.126052,0.864676,0.203392,0.424586,0.191122,0.593161,0.0784398,0.708938,0.918111,0.195935,0.152419,0.171872,0.447646,0.117748,0.142967,0.0712501,0.151446,0.121654,0.609825,0.300726,0.137168,0.770433,0.175273,0.239022,0.144191,0.261614,0.182154,0.547782,0.152073,0.185323,0.159196,0.196895,0.262466,0.0590916,0.240135,0.49991,0.685808,0.17446,0.137583,0.206321,0.230817,0.441015,0.15922,0.419447,0.0677245,0.204265,0.279589,0.0653572,0.191184,0.181094,0.288407,0.0942569,0.214116,0.371182,0.209898,0.360674,0.25944,0.871222,0.348851,0.199799,0.456193,0.279942,0,0.1548,0.159581,0.13634,0.326287,0.147342,0.496215,0.332301,0.086447,0.0673947,0.183622,0.250181,0.104509,0.344792,0.61187,0.119553,0.0796676,0.074389,0.0873938,0.252901,0.684377,0.231567,0.136654,0.144528,0.181592,0.0661822,0.153568,0.332705,0.272748,0.147448,0,0.159929,0.181515,0.227805,0.329939,0.0196501,0.545297,0.128983,0.0721144,0.149249,0.609825,0.300726,0.60534,0.0713053,0.727445,0.170957,0.104776,0.087595,0.371727,0.201478,0.955972,0.274754,0.112736,0.170067,0.6613,0.0916211,0.182993,0.265858,0.0686681,0.322062,0.0398773,0.268606,0.210544,0.23188,0.0937007,0.14322,0.109513,0.204751,0.267522,0.223339,0.268103,0.568964,0.126443,0.0728246,0.173477,0.0672618,0.214594,0.288555,0.810264,0.17156,0.200497,0.593903,0.0999262,0.085553,0.234126,0.0979219,0.627661,0.0707824,0.132267,0.164434
0.245972,0.505989,0.57487,0.430194,0.639523,0.887468,0.896197,0.0325749,0.55128,0.758241,0.856504,0.428856,0.425875,0.850194,0.636981,0.632894,0.524385,0.379815,0.382929,0.188801,0.148615,0.501732,0.359594,0.391224,0.0859924,0.230124,0.41291,0.531795,0.754415,0.540303,0.597726,0.266403,0.175207,0.510601,0.0896984,0.472292,0.363801,0.190488,0.422071,0.57329,0.20199,0.573932,0.504194,0.705178,0.745997,0.728574,0.543626,0.411786,0.507024,0.500068,0.304894,0.501143,0.432534,0.698922,0.306687,0.540976,0.499908,0.681144,0.507838,0.250041,0.269179,0.0636979,0.806984,0.725821,0.350624,0.384983,0.59968,0.150657,0.300657,0.331312,0.334556,0.270717,0.073555,0.50828,0.666391,0.5183,0.771737,0.197133,0.656696,0.146308,0.265105,0.453438,0.598083,0.212857,0.24917,0.257274,0,0.140873,0.235064,0.260584,0.593967,0.152799,0.210652,0.33838,0.61878,0.853724,0.790992,0.357024,0.510601,0.0896984,0.661516,0.477594,0.259556,0.0951109,0.237935,0.407604,0.332477,0.0972144,0.622507,0.457259,0.487141,0.733902,0,0.399446,0.147857,0.682469,0.480964,0.383495,0.179943,0.267738,0.25148,0.167852,0.547684,0.295008,0.404211,0.725506,0.423222,0.116974,1,0.131277,0.179369,0.109367,0.224022,0.13031,0.680508,0.22554,0.680068,0.384441,0.461911,0.0909476,0.284968,0.492668,0.387661,0.519138,0.538772,0.505058,0.372682,0.451067,0,0.0288508,0.678353,0.424015,0.0534922,0.501705,0.227834,0.269079,0.363622,0.305763,0.655405,0.104969,0.360021,0.451261,0.208667,0.207492,0.318806,0.0775522,0.464348,0.345598,0.571319,0.907092,0.167388,0.390221,0.111957,0.151523,0.440767,0.498468,0.36572,0.120865,0.437995,0.246606,0.480127,0.294165,0.154923,0.302555,0.349928,0.310207,0.224338,0.423078,0,0.422618,0.277909,0.486876,0.020193,0.738268,0.0930645,0.356326,0.621153,0.58107,0,0.348032,0.179756,0.105838,0.171725,0.220792,0.364236,0.58328,0.611639,0.0611739,0.24772,0.439651,0.334127,0.515857,0.359621,0.50307,0.203155,0.306643,0.505661,0.055463,0.143161,0.527772,0.0653347,0.603789,0.272579,0.400239,0.54973,0.184995,0.123992,0.0691052,0.167344,0.0571032,0.142634,0.201989,0.304477,0.518242,0.752314,0.432257,0.603789,0.272579,0.156927,0.527269,0.62593,0.337293,0.293051,0.167878,0.242566,0.35908,0.279333,0.664324,0.381781,0.530814,0.434438,0.0408933,0.286962,0.317128,0.388341,0.537196,0.275406,0.326895,0.271414,0.384409,0.138027,0.284423,0.218736,0.108236,0.332581,0.0513934,0.240199,0.0453975,0.0504074,0.0730662,0.8159,0.215708,0.0683898,0.555653,0.075115,0.798868,0.214607,0.788783,0.0903679,0.112315,0.181223,0.100325,0.0410525,0.286962,0.317128,0.932241,0.174346,0.112765,0.00618791,0.319583,0.256755,0.424199,0.973075,0.0802948,0.241858,0.109564,0.264732,0.189708,0.0703836,0.0901942,0.0602606,0.172844,0.305207,0.285802,0.0194518,0.800855,0,0.0987132,0.0551486,0.218181,0.134621,0.632739,0.13676,0.271706,0.105733,0,0.19749,0.0414165,0.40694,0.509586,0.571628,0.0503978,0.0611739,0.24772,0.319603,0.743572,0.0708761,0.322672,0.0467975,0.133706,0.342638,0.137617,0.196607,0.112557,0.0358703,0.0803202,0.234284,0.20071,0.0250721,0.182125,0.233245,0.544557,0.61406,0.242241,0.574999,0.339116,0.106027,0.046422,0.0987828,0.23631,0.646369,0.0340727,0.277028,0.30871,0.135864,0,0.198046,0.270895,0.0985132,0.0309276,0.711084,0.0497164,0.0455237,0.0756249,0.0603274,0.020193,0.738268,0.0394663,0.0105604,0.0402919,0.148213,0.0324212,0.393706,0.356458,0.434526,0.0347469,0.0710901,0,0.0548034,0.0436085,0.583302,0.0412461,0.189378,0.0678368,0.130032,0.129276,0.305207,0.285802,0.176905,0.161344,0.164888,0.30102,0.0537012,0.0958995,0.180867,0.414774,0.695627,0.284823,0.128585,0.413969,0.666648,0.0279083,0.258159,0,0.0853236,0.35629,0.0553911,0.365926,0.0619968,0.500315,0.0598045,0.103637,0.0418812,0.15674,0.340743,0.27013,0.201374,0.645332,0.0936021,0.034648,0.161002,0.0151496,0.178867,0.358056,0.268661,0.432493,0.567447,0.516777,0.207583,0.0623294,0.0238713,0.103271,0.853223,0.290751,0.0620554,0.0526945
0.541808,0.595045,0.44124,0.841007,0.444836,0.526535,0.572644,0.0699033,0.547656,0.231997,0.298327,0.41622,0.218785,0.263938,0.248378,0.299639,0.302141,0.599732,0.317188,0.411994,0.292075,0.356303,0.449792,0.307629,0.371387,0.282908,0.295486,0.451448,0.513434,0.636972,0.498261,0.273732,0.152688,0.132112,0.19159,0.266461,0.28809,0.331051,0.294913,0.377138,0.498484,0.485258,0.478679,0.66698,0.563756,0.289457,0.219962,0.54379,0.342288,0.522255,0.554126,0.470217,0.595355,0.610986,0.217964,0.565481,0.464552,0.760419,0.27251,0.599057,0.429995,0.162068,0.432276,0.245176,0.0691023,0.340536,0.297003,0.204945,0,0.265947,0.578676,0.292785,0.0826739,0.716384,0.953627,0.242683,0.448263,0.138294,0.223128,0.751464,0.330164,0.372101,0.312668,0.0570482,0.0903873,0.333724,0.448383,0.056161,0.699265,0.192249,0.295311,0.0768004,0.103324,0.417858,0.263031,0.293457,0.58939,0.361085,0.132112,0.19159,0.319244,0.0331998,0.286624,0.0791466,0.178529,0.354876,0.341302,0.0955346,0.360752,0.375712,0.57627,0.40334,0.54116,0.700305,0.18044,0.26135,0.776558,0.617331,0.134449,0.403861,0.36285,0.524547,0.285658,0.310286,0.110921,0.644663,0.213561,0.0209186,0.288165,0.138695,0.163448,0.68237,0.464801,0.0837236,0.255542,0.35525,0.286991,0.230337,0.335742,0.0637292,0.421402,0.758297,0.610138,0.0840045,0.488646,0.169208,0.27913,0.551052,0.364188,0.124606,0.375082,0.251999,0.072688,0.593031,0.56691,0.75359,0.607209,0.296006,0.777517,0.0545739,0.328145,0.441833,0.349089,0.632523,0.510855,0.0882735,0.829477,0.184583,0.339254,0.0399285,0.067794,0.811686,0.194276,0.134162,0.204455,0.839511,0.198976,0.0897374,0.6778,0.501293,0.266221,0.594872,0.10248,0.594667,0.460045,0.98725,0.17139,0.332386,0.564878,0.368872,0.519518,0.674582,0.156021,0.889604,0.122843,0.565724,0.841957,0.296255,0.0603989,0.241695,0.766834,0.113112,0.142494,0.143459,0.500642,0.558541,0.192421,0.110476,0.18907,0.673418,0.393052,0.232583,0.399159,0.24935,0.235369,0.39352,0.582347,0,0.172419,0.311547,0.14311,0.58073,0.152841,1,0.681426,0.248294,0.161989,0.07107,0.35341,0.240489,0.0549132,0.216975,0.309688,0.704742,0.35066,0.182802,0.58073,0.152841,0.0357563,0.925917,0.789637,0.368011,0.234544,0.376443,0.868422,0.758824,0.337506,0.717147,0.416878,0.526785,0.413219,0.0365997,0.0127917,1,0.769542,0.53748,0.395105,0.529156,0.467945,0.433002,0.116413,0.305334,0.41933,0.136976,0.439835,0.0406698,0.276762,0.024815,0.0828991,0.0822695,0.791135,0.229408,0.0837853,0.328346,0.0919921,0.74876,0.637564,0.846742,0.156884,0.125395,0.143914,0.0130665,0.030123,0.0127917,1,0.587744,0.266695,0,0.098393,0.199209,0.116026,0.520252,0.601226,0.0957775,0.14707,0.184484,0.396489,0.434139,0.0831651,0.0592897,0.091525,0.197315,0.155207,0.164716,0.20962,0.625527,0.109778,0.0302314,0.103846,0.270589,0.0801336,0.197856,0.381972,0.515948,0.413714,0.0560614,0.237,0.0242301,0.188532,0.806956,0.356007,0.132556,0.110476,0.18907,0.317717,0.352445,0.169036,0.505031,0.0684131,0.103851,0.162353,0.0968267,0.497611,0.135664,0.194128,0.0698523,0.196518,0.181096,0.0062789,0.752154,0.549993,0.555151,0.67359,0.525701,0.681022,0.382412,0.194215,0.159612,0.119874,0.25721,0.807061,0.145369,0.466615,0.437528,0.121134,0.0356565,0.1591,0.151282,0.121797,0.319448,0.140615,0.0223552,0.0361833,0.0816042,0.101178,0.156021,0.889604,0.118825,0.0342162,0.0332208,0.0772163,0.024105,0.975548,0.393895,0.790907,0.0360796,0.0623169,0.0292183,0.168661,0.272094,0.616573,0.0451069,0.218722,0.153268,0.0307669,0.0908081,0.155207,0.164716,0.235773,0.396924,0.442053,0.2188,0.0561265,0.0980052,0.369632,0.713411,0.79273,0.733704,0.0220787,0.495267,0.290073,0.0944439,0.266962,0.170816,0.0699659,0.909381,0.0148342,0.315147,0.115371,0.416868,0.0294325,0.0479275,0.173259,0.103912,0.197969,0.107167,0.228177,0.815054,0.0661404,0.0454717,0.10361,0.137156,0.163992,0.239366,0.343945,0.465994,0.380062,0.96451,0.22376,0.0409828,0.171296,0.280408,0.750967,0.315137,0.0446671,0
0.606171,0.562655,0.468618,0.369768,0.628853,0.804723,0.712663,0.0421669,0.597419,0.615629,0.713686,0.476279,0.352087,0.608144,0.571007,0.577873,0.288385,0.413214,0.395901,0.365128,0.106988,0.582705,0.25176,0.215149,0.293329,0.214825,0.369294,0.476689,0.62814,0.567223,0.525118,0.366665,0.260261,0.377019,0.41992,0.344437,0.280215,0.350554,0.369295,0.430992,0.147402,0.484428,0.444584,0.599944,0.273685,0.547388,0.534279,0.498974,0.352509,0.45188,0.354328,0.337172,0.621356,0.539166,0.670873,0.382518,0.600833,0.746347,0.67613,0.591277,0.601482,0.313075,0.707657,0.619503,0.297379,0.438987,0.568925,0.484248,0.368638,0.550313,0.417586,0.236388,0.0783914,0.623927,0.457565,0.484939,0.771082,0.159241,0.47,0.389054,0.326716,0.300402,0.544911,0.158029,0.319332,0.293197,0.272948,0.181283,0.29855,0.280719,0.511605,0.264419,0.242145,0.333679,0.608066,0.671672,0.771553,0.206585,0.377019,0.41992,0.573443,0.522927,0.300866,0.120917,0.250848,0.671551,0.410344,0.285065,0.540548,0.456894,0.46842,0.688258,0.415966,0.383096,0.104579,0.356235,0.379711,0.256369,0.219431,0.527671,0.555637,0.191774,0.712373,0.303201,0.423307,0.679729,0.231739,0.136867,0.582409,0.171076,0.275812,0.200999,0.114554,0.271402,0.159791,0.157634,0.639973,0.400355,0.350913,0.18217,0.370178,0.672574,0.526534,0.417714,0.84408,0.401242,0.670317,0.482637,0.530631,0.0763299,0.534346,0.58449,0.418379,0.589735,0.332112,0.138697,0.345436,0.545467,0.408835,0.192861,0.162401,0.606547,0.323017,0.0957468,0.217324,0.326581,0.514332,0.416162,0.498138,0.0965975,0.148222,0.260652,0.0346645,0.0922788,0.664234,0.348771,0.398828,0.131788,0.481436,0.273406,0.591642,0.369984,0.20854,0.225785,0.298012,0.475066,0.140342,0.470916,0.441485,0.523107,0.265906,0.426102,0.280897,0.773551,0.297295,0.294535,0.536069,0.517506,0.0568096,0.208064,0.113604,0.0662568,0.278656,0.187217,0.456362,0.604387,0.133976,0.0630734,0.330796,0.483128,0.381777,0.39386,0.2473,0.632076,0.246297,0.19345,0.408514,0.082092,0.105607,0.499533,0.119261,0.566102,0.23962,0.32892,0.430608,0.297491,0.639376,0.108388,0.339473,0.325062,0.273609,0.0805894,0.349836,0.53091,0.525271,0.350126,0.566102,0.23962,0.144784,0.40848,0.786832,0.22522,0.545182,0.576686,0.464104,0.299816,0.270706,0.688359,0.299322,0.524885,0.403914,0.0174002,0.183908,0.300628,0.222109,0.510759,0.242174,0.524939,0.208771,0.341105,0.136379,0.428647,0.284373,0.23579,0.35592,0.130332,0.269787,0.0462595,0.0788186,0.0575507,0.629332,0.057512,0.0644415,0.440294,0.13696,0.826441,0.270926,0.815984,0.149419,0.0852052,0.116145,0.078977,0.0160522,0.183908,0.300628,0.775608,0.281614,0.148165,0.115562,0.397173,0.117388,0.712261,0.814437,0.124376,0.149253,0.184014,0.421153,0.510916,0.205133,0.111455,0.18035,0.197723,0.38582,0.271957,0.0819498,0.627799,0.123562,0.0956661,0.0962574,0.405092,0,0.427164,0.137641,0.190162,0.137353,0.0770127,0.220288,0.0636302,0.371295,0.365604,0.504456,0.0664895,0.0630734,0.330796,0.193805,0.585324,0.0931652,0.394296,0.0391963,0.215212,0.25003,0.0728518,0.15015,0.109991,0.265923,0.0613633,0.282623,0.266482,0.105173,0.513322,0.362352,0.650121,0.576795,0.261196,0.472263,0.317007,0.199882,0.190117,0,0.139885,0.549612,0.179507,0.431017,0.347495,0.126205,0.0191717,0.123778,0.243407,0.0748241,0,0.135028,0.0453419,0.0609746,0.0294077,0.0919887,0.280897,0.773551,0.148066,0.0426346,0.04956,0.0712896,0.0153273,0.613342,0.254836,0.302587,0.0403094,0.11947,0.035298,0.0273924,0.173523,0.476413,0.0332474,0.417413,0.100516,0.11587,0.0840038,0.38582,0.271957,0.285283,0.176456,0.511209,0.313121,0.112055,0.140446,0.287543,0.190794,0.819548,0.499479,0.102344,0.375958,0.259608,0.0727029,0.188073,0.107277,0.0610598,0.516088,0.0759127,0.261107,0.0693645,0.271255,0.00652657,0.0771632,0.203678,0.120377,0.37845,0.265058,0.22003,0.518245,0.0386634,0.0388974,0.137365,0.0463303,0.215065,0.188358,0.400343,0.375251,0.276932,0.676761,0.15198,0.029824,0.106492,0.141909,0.689433,0.07923,0.0609466,0.0975038
0.501653,0.367069,0.319016,0.478954,0.35277,0.289229,0.492941,0.0291376,0.534315,0.358916,0.385872,0.219473,0.409252,0.319413,0.605467,0.274182,0.194292,0.769205,0.705445,0.384222,0.331663,0.671902,0.327124,0.442578,0.309493,0.125219,0.348805,0.32824,0.285627,0.490295,0.496189,0.288188,0.165906,0.391377,0.451017,0.221598,0.208341,0.477031,0.331529,0.367152,0.385911,0.392435,0.383421,0.805703,0.276822,0.263377,0.279807,0.454144,0.809781,0.818129,0.758634,0.822298,0.715054,0.801845,0.251145,0.878031,0.481245,0.68605,0.490063,0.495623,0.515669,0.416041,0.515171,0.44044,0.511854,0.217622,0.345132,0.451833,0.274311,0.41476,0.765909,0.559479,0.228878,0.49998,0.598538,0.538811,0.646944,0.0894298,0.413194,0.398106,0.340042,0.447595,0.24688,0.235714,0.155396,0.231942,0.417319,0.114724,0.454885,0.286177,0.69749,0.116278,0.135255,0.228255,0.540033,0.441755,0.812556,0.0590543,0.391377,0.451017,0.435296,0.454722,0.292336,0.150164,0.348856,0.653867,0.431511,0.166792,0.500595,0.600426,0.490863,0.558003,0.542316,0.335728,0.112572,0.433224,0.675399,0.403813,0.187273,0.409913,0.33951,0.140524,0.269093,0.224447,0.462774,0.726725,0.315025,0.0725042,0.81021,0.146856,0.26202,0.322031,0.326849,0.193243,0.228733,0.169231,0.576965,0.387821,0.294016,0.167795,0.403727,0.617815,0.509911,0.339796,0.715996,0.642801,0.527306,0.341939,0.55351,0.106668,0.556173,0.351611,0.0615456,0.709084,0.511698,0.180578,0.518574,0.702932,0.455924,0.194634,0.202101,0.118013,0.301122,0.144415,0.190465,0.0654012,0.389197,0.363541,0.589471,0.250904,0.116788,0.336983,0.102173,0.189567,0.631425,0.678447,0.383237,0.179468,0.335913,0.178199,0.417941,0.31792,0.197532,0.31091,0.288759,0.28903,0.186126,0.551584,0.374735,0.508445,0.306923,0.527144,0.239714,0.485628,0.175414,0.314599,0.516561,0.572955,0.145893,0.127715,0.130555,0.11679,0.158848,0.128747,0.704601,0.567223,0.25298,0.194343,0.365801,0.343106,0.548018,0.744693,0.244752,0.419234,0.222558,0.224138,0.376179,0.120614,0.251582,0.553611,0.132038,0.554933,0.164298,0.299658,0.522353,0.293267,0.334594,0.205363,0.375841,0.212722,0.150849,0.196488,0.393214,0.45947,0.30865,0.554275,0.554933,0.164298,0.182836,0.344777,0.853829,0.364219,0.466696,0.246428,0.5221,0.333437,0.24549,0.751281,0.339031,0.424661,0.275873,0.0862149,0.254835,0.294365,0.266251,0.504814,0.230702,0.523694,0.276317,0.268965,0.146619,0.3091,0.238977,0.143646,0.256271,0.149354,0.33926,0.102774,0.176635,0.117308,0.641928,0.214441,0.170774,0.339259,0.120671,0.877599,0.386936,0.876254,0.237844,0.152699,0.100957,0.14994,0.0684282,0.254835,0.294365,0.708646,0.32928,0.334135,0.088748,0.297233,0.170176,0.668245,0.675211,0.339465,0.279867,0.221328,0.435189,0.442705,0.203782,0.14314,0.161873,0.121517,0.301562,0.457837,0.12341,0.535364,0.151815,0.177886,0.088565,0.271305,0.157987,0.429068,0.160086,0.297068,0.318552,0.167257,0.21479,0.121609,0.448235,0.343926,0.456285,0.11616,0.194343,0.365801,0.19513,0.621189,0.120187,0.426061,0.0543228,0.350962,0.255827,0.21095,0.175187,0.123099,0.119956,0.0755112,0.224887,0.225407,0.111801,0.492457,0.259733,0.672444,0.41724,0.209093,0.338877,0.33688,0.260103,0.153281,0.106168,0.189317,0.372228,0.108098,0.440892,0.169709,0.11069,0.141812,0.174088,0.245258,0.123698,0.275929,0.0594227,0.126087,0.0704879,0.095004,0.111389,0.239714,0.485628,0.127511,0.121901,0.0756296,0.120857,0.0684011,0.192229,0.258504,0.505848,0.0584233,0.0967643,0.136162,0.164093,0.134042,0.404789,0.0276681,0.372379,0.167746,0.214509,0.109386,0.301562,0.457837,0.13897,0.192069,0.340574,0.143831,0.130961,0.115624,0.23156,0.292388,0.837974,0.342203,0.155711,0.32521,0.0547204,0.0692739,0.181258,0.126834,0.0807005,0.277263,0.0322567,0.390844,0.1156,0.314215,0.116131,0.0876858,0.143845,0.130479,0.615079,0.276986,0.208578,0.398279,0.0906388,0.0944261,0.319729,0.089138,0.203936,0.374628,0.308417,0.393738,0.200984,0.454509,0.198488,0.0645273,0.260446,0.312671,0.478616,0.258095,0.118709,0.054665
0.513178,0.261111,0.272405,0.958812,0.143329,0.240721,0.259821,0.0845012,0.460389,0.286066,0.263182,0.252083,0.358526,0.307026,0.34854,0.225321,0.107025,0.431277,0.584553,0.213666,0.358914,0.421066,0.490627,0.50123,0.311166,0.275288,0.438758,0.220461,0.349819,0.566312,0.488555,0.463029,0.236782,0,0.320128,0.290459,0.214878,0.166152,0.174689,0.282352,0.360375,0.403482,0.372534,0.727716,0.536588,0.265193,0.264551,0.484924,0.552428,0.755501,0.604809,0.637228,0.556201,0.831496,0.148309,0.597073,0.436564,0.653782,0.396938,0.45554,0.414627,0.126544,0.372515,0.286347,0.327584,0.49653,0.214489,0.190877,0.227594,0.178614,0.520799,0.341874,0.126606,0.456689,0.86066,0.372258,0.381235,0.0883439,0.270144,0.697286,0.343414,0.384882,0.220803,0.199577,0.251823,0.493398,0.409176,0.0594524,0.606275,0.271855,0.381983,0.139894,0.16147,0.222976,0.40777,0.246159,0.43911,0.350698,0,0.320128,0.376246,0.203062,0.239783,0.0733259,0.227872,0.488612,0.394607,0.241607,0.311527,0.367795,0.349926,0.426788,0.533278,0.933271,0.328491,0.37068,0.916149,0.683982,0.0515472,0.2406,0.245736,0.435858,0.264509,0.41713,0.176263,0.526393,0.134735,0.0398944,0.238626,0.0886364,0.268483,0.821031,0.505637,0.045127,0.257035,1,0.401242,0.498212,0.54874,0.179945,0.702321,0.722314,0.574805,0.314262,0.553703,0.289919,0.523833,0.821025,0.334477,0.0815125,0.286688,0.199464,0.0681122,0.50444,0.321604,0.591447,0.451097,0.650151,0.710968,0.158075,0.375287,0.403057,0.108098,0.757778,0.811039,0.109077,0.904628,0.216093,0.229814,0.0974036,0.158786,0.925414,0.0237631,0.192189,0.199144,0.559417,0.246998,0.237488,1,1,0.140078,0.691488,0.139415,1,0.585392,0.849116,0.329226,0.466686,0.456094,0.75701,0.680396,0.616261,0.304634,0.87816,0.0338838,0.810178,0.973824,0.27652,0.131099,0.38011,0.677682,0.197018,0.188701,0.404872,0.269429,0.440623,0.318831,0.160284,0.159471,1,0.333421,0.346432,1,0.135266,0.10689,0.956523,0.545002,0.107213,0.205202,0.270581,0.252703,0.461278,0.129661,0.725863,0.842731,0.0963605,0.148648,0.0475773,0.463709,0.0899805,0.151119,0.303849,0.294324,0.88291,0.34758,0.256922,0.461278,0.129661,0.25804,0.941937,0.749608,0.151384,0.431216,0.361863,0.542142,0.734804,0.47847,0.613569,0.542844,0.629629,0.580615,0.0549208,0,0.6465,0.430985,0.752979,0.66747,0.598947,0.19551,0.599196,0.207012,0.589039,0.410595,0.114049,0.903009,0.079285,0.274018,0.077052,0.298852,0.0994864,0.749711,0.360432,0.154932,0.409665,0.144047,0.693316,0.0482213,0.733089,0.250451,0.0751515,0.141411,0.178353,0.0232956,0,0.6465,0.642297,0.442884,0.0282283,0.0878896,0.224801,0.2877,0.57537,0.607105,0.208535,0.0376696,0.221877,0.484774,0.58787,0.0583685,0.103806,0.167263,0.162646,0.297949,0.219217,0.0569834,0.660624,0.0555695,0.220277,0.104114,0.117084,0.208918,0.452495,0.248372,0.436268,0.149785,0.11587,0.0873606,0.053891,0.227527,0.693688,0.461393,0.243091,0.160284,0.159471,0.104355,0.41258,0.0518286,0.520825,0.0283864,0.145332,0.0854745,0.098905,0.332741,0.145727,0.0610741,0.0855756,0.06932,0.249953,0.0556848,0.306466,0.925631,0.722279,0.717234,0.233366,0.548743,0.538705,0.402108,0.124507,0.0544285,0.227673,1,0.135799,0.34744,0.838646,0.057625,0.0823761,0.180331,0.400925,0.122467,0.227626,0.22611,0.0276046,0.0555828,0.0941953,0.101143,0.304634,0.87816,0.172094,0.03896,0.0717752,0.0430261,0.0726232,1,0.784677,0.551866,0.0384954,0.118698,0.266261,0.190795,0.205162,0.415915,0.0184718,0.345305,0.152702,0.0858737,0.140708,0.297949,0.219217,0.27187,0.300153,0.373455,0.32747,0.0548713,0.101609,0.137417,0.939194,0.67158,0.359784,0.309791,0.296158,0.194035,0.0798733,0.32349,0.086227,0.0670403,0.600225,0.00820579,0.521588,0.204538,0.721103,0.109874,0.119531,0.118444,0.156008,0.242512,0.0715244,0.204159,0.638482,0.0890427,0.0614757,0.127798,0.0741765,0.280251,0.18444,0.385418,0.568999,0.285912,0.659267,0.164493,0.0567759,0.270228,0.107454,0.925746,0.32708,0.122666,0.108726
0.765768,0.600517,0.436364,0.214221,0.657949,0.829233,0.280695,0.107873,0.854981,0.329053,0.369127,0.0856129,0.514138,0.00201471,0.214678,0.0432735,0.226391,0.374371,0.464341,0.677761,0.599231,0.532883,0.119893,0.408008,0.423084,0.16809,0.789671,0.478454,0.692706,0.572446,0.729757,0.679039,0.622469,0.444795,0.613216,0.208136,0.244037,0.288916,0.280538,0.288696,0.746299,0.481983,0.465865,0.294864,0.346318,0.346761,0.186547,0.422976,0.388762,0.507614,0.217528,0.364296,0.432039,0.421644,0.302831,0.530977,0.202171,0.626513,0.543684,0.835723,0.781129,0.662751,0,0.013642,0.527545,0.0872221,0.308317,0.638183,0.363375,0.290245,0.578789,0.365846,0.149177,0.643837,0.368652,0.601106,0.135338,0.129236,0.0113574,0.2196,0.445439,0.0770142,0,0.426338,0.572631,0.332064,0.6553,0.0271433,0.690619,0.459401,0.796552,0.158254,0.166179,0.474707,0.573353,0.081209,0.785454,0.138086,0.444795,0.613216,0.650129,0.680809,0.33414,0.389397,0.294164,0.796871,0.715017,0.191232,0.48563,0.549208,0.325204,0,0.766464,0.287873,0.165006,0.493997,0.426238,0.181158,0.140792,0.547796,0.556283,0.11095,0.155823,0.755598,0.0995508,0.488554,0.0429394,0.131963,0.505872,0.164924,0.441249,0.546262,0.113352,0.148053,0.187398,0.232812,0,0.178638,0.708277,0.340353,0.300209,0.553751,0.65511,0.549803,0.515417,0.0378799,0.717333,0.509139,0.543939,0.152601,0.0180756,0.405592,0.723153,0.71905,0.574374,0.069556,0.616192,0.453018,0.404213,0.235087,0.617009,0.0462938,0.449594,0.0786068,0.622037,0.552344,0.549795,0.0449462,0.0482845,0.109063,0.248442,0.27622,0.0289997,0.350399,0.455505,0.415703,0,0.136584,0.518994,0.127536,0.831802,0.298946,0.556497,0.260453,0.224965,0.165128,0.211536,0.735224,0.536071,0.298855,0.186398,0.529786,0.455632,0.605794,0.420139,0.191233,0.241251,0,0.186629,0.287495,0.146148,0.189941,0.128936,0.253037,0.500263,0.614072,0.410574,0.196895,0.142776,0.62329,0.721588,0.57691,0.243157,0.293759,0.223298,0.0814336,0.36948,0.14534,0.213674,0.0157449,0.286961,0.617207,0.219927,0.257289,0.132433,0.31884,0.794655,0.13467,0.418727,0.294824,0.582646,0.171753,0.661597,0.446993,0.262157,0.0187605,0.617207,0.219927,0.236207,0.218815,0.847814,0.852255,0.588148,0.57032,0.750356,0.532419,0.300361,0.925373,0.228246,0.545969,0.0869427,0.121667,0.453161,0.305627,0.287748,0.657331,0.294992,0.542432,0.261483,0.463622,0.20363,0.454746,0.202924,0.149757,0.628099,0.208706,0.302599,0.226312,0.183654,0.160794,0.700773,0.219516,0.175906,0.161212,0.208729,0.877938,0.513411,0.948668,0.242591,0.32092,0.106276,0.192624,0.135143,0.453161,0.305627,0.68444,0.323233,0.520725,0.226602,0.699795,0.0937893,0.792649,0.679737,0.294451,0.178877,0.335544,0.46936,0.498333,0.342566,0.150464,0.322554,0.394613,0.425145,0.372887,0.174791,0.608778,0.217052,0.307516,0.160744,0.347355,0.115409,0.829087,0.216503,0.193941,0.0178519,0.314235,0.267942,0.136583,0.0603755,0.594946,0.854848,0.275705,0.196895,0.142776,0.174199,0.0287932,0.149123,0.572139,0.118893,0.33052,0.237188,0.393365,0.181899,0.141121,0.217156,0.12425,0.151842,0.304572,0.11024,0.623939,0.39342,0.623207,0.510941,0.0742321,0.358404,0.341582,0.384252,0.171696,0.280192,0.199476,0.246701,0.267602,0.592896,0.403738,0.166353,0.131257,0.230598,0.233375,0.0447851,0.481066,0.386884,0.131385,0.0615406,0.150327,0.090008,0.455632,0.605794,0.232211,0.0764677,0.0957558,0.278867,0.0888467,0.181616,0.451586,0.33281,0.0953439,0.223686,0.196649,0.246052,0.19412,0.162219,0.0760022,0.659458,0.14207,0.131202,0.283996,0.425145,0.372887,0.338801,0.099733,0.544849,0.0466174,0.189602,0.0658161,0.40459,0.194963,0.823341,0.313066,0.302893,0.426603,0.778392,0.133519,0.216489,0.165893,0.118301,0.302722,0.0972894,0.307249,0.221447,0.207813,0.0551101,0.169621,0.325386,0.172044,0.211065,0.154356,0.563366,0.41583,0.160801,0.133416,0.247649,0.193932,0.457817,0.315363,0.499584,0.37602,0.320238,0.618917,0.242659,0.0908149,0.100509,0.21739,0.260652,0.240963,0.0682734,0.191484
0.453243,0.567195,0.479148,0.282134,0.775592,0.284006,0.349259,0.00607139,0.863557,0.504335,0.530439,0.0913542,0.825375,0.659733,0.899944,0.117047,0.377956,0.226126,0.38001,0.386272,0,0.597692,0.123316,0,0.51727,0.360545,0.26996,0.613359,0.681134,0.703509,0.543933,0.364323,0.289647,0.923932,0.663412,0.389456,0.407153,0.359518,0.402243,0.417046,0.329968,0.5032,0.620954,0.393794,0.175296,0.892944,0.372304,0.257241,0.386678,0.483056,0.262294,0.38778,0.907002,0.824749,0.165787,0.413762,0.893978,0.647938,0.94503,0.454923,0.376923,0.369017,0.607417,0.596828,0.507441,0.508681,0.517134,0.500482,0.516936,0.273617,0.176879,0.169715,0.115993,0.88253,0.299526,0.675737,0.769234,1,0.556153,0.5461,0.657046,0.146703,0.340619,0.297657,0.384221,0.152101,0.292037,0.850828,0.293173,0.709323,0.689032,0.281483,0.26057,0.166092,0.505661,0.157077,0.710849,0.409827,0.923932,0.663412,0.569007,0.573118,0.513447,0.145353,0.227913,0.574278,0.605425,0.192788,0.481315,0.469614,0.255055,0.564643,0.433359,0.236456,0.160386,0.563889,0.28477,0.214448,0.212501,0.216894,0.797212,0.140051,0.11277,0.351257,0.124404,0.5315,0.234771,1,0.58308,0.235529,0.242569,0.23321,0.0701243,0.444805,0.107767,0.162481,0.655062,0.112938,0.700855,0.216201,0.197823,0.796614,0.557602,0.762156,0.415412,0.457452,0.727622,0.346804,0.281855,0.168298,0.494538,0.930194,0.0442636,0.609234,0.243317,0.194239,0.293407,0.53942,0.319272,0.351652,0.185718,0.374991,0.480028,0.186257,0.187694,0.071542,0.319932,0.728563,0.438993,0.194616,0.0662044,0.242598,0.126344,0.36227,0.636339,0.154428,0.416428,0.191499,0.410812,0.0479108,0.668075,0.195641,1,0.165551,0.136263,0.0751099,0.168577,0.810344,0.550764,0.323418,0.0706346,0.337661,0.500258,0.773849,0.758919,0.115754,0.165578,0.413473,0.141142,0.106616,0.129873,0.147928,0.409322,0.0927146,0.500312,0.814831,0.168678,0.18891,0.190554,0.296148,0.46907,0.492577,0.193087,0.513687,0.181681,0.213065,0.295307,0.324242,0.204824,0.417106,0.412174,0.683715,0.565061,0.197605,0.414827,0.313274,0.48294,0.0526074,0.325284,0.211845,0.395678,0.221412,0.408435,1,0.618553,0.329904,0.683715,0.565061,0.0617365,0.186357,0.961726,0.114294,0.338177,0.713133,0.50339,0.393547,0.251073,0.87979,0.171633,0.331549,0.467838,0.063819,0.398335,0.118739,0.202943,0.600246,0.227369,0.531688,0.0857859,0.286643,0.160808,1,0.211214,0.14602,0.220023,0.17282,0.336508,0.190368,0.227171,0.370966,0.680275,0.190478,0.392302,0.49072,0.386688,0.811776,0.370625,0.841003,0.346004,0.135444,0.106709,0.132969,0.107452,0.398335,0.118739,0.869488,0.488924,0.363097,0.21343,0.401957,0.0670112,0.613871,0.735132,0.524764,0.398731,0.370685,0.550324,0.769737,0.225735,0.0871184,0.342309,0.00585819,0.36345,0.454812,0.119596,0.436673,0.230375,0.392337,0.149533,0.384149,0.249926,0.625211,0.262059,0.0463277,0.171621,0.169195,0.24525,0.0825032,0.204603,0.447576,0.471308,0.47667,0.18891,0.190554,0.312957,0.474627,0.103782,0.467486,0.0973389,0.242259,0.142225,0.0773469,0.228622,0.125664,0.165914,0.100054,0.236588,0.510646,0.162135,0.29256,0.345426,0.604812,0.704188,0.578651,0.344286,0.377555,0.517522,0.137724,0.619361,0.234454,0.190052,0.161423,0.512455,0.317779,0.0948384,0.342293,0.151205,0.179613,0.125592,0.667004,0,0.117363,0.173373,0.0611318,0.0436479,0.500258,0.773849,0.0760363,0,0.12233,0.168526,0.229199,0.217398,0.291691,0.39352,0.266112,0.255441,0.1529,0.119668,0.239639,0.0915468,0.00664687,0.369871,0.253412,0.140296,0.140862,0.36345,0.454812,0.262034,0.171306,0.462573,0.544994,0.220904,0.391772,0.332313,0.101816,0.841488,0.288972,0.137648,0.306543,0.00515303,0.167141,0.153553,0.25015,0.042143,0.380076,0.0322351,0.264838,0.0954774,0.274307,0.623604,0.236528,0.306642,0.133386,0.320107,0.253741,0.276595,0.387109,0.164985,0.119638,0.492885,0.338604,0.687232,0.221753,0.373589,0.339746,0.142176,0.521003,0.228868,0.279796,0.27523,0.153249,0.27265,0.0850055,0.402064,0.203116
0.434316,0.752034,0.444786,0.226428,0.693367,0.288663,0.205208,0.087548,0.816447,0.280795,0.334052,0.26077,0.271271,0.396613,0.45803,0.178106,0.280092,0.456392,0.519215,0.563242,0.445745,0.200608,0.237782,0.689551,0.230558,0.290189,0.745507,0.159444,0.234651,0.662466,0.420839,0.217159,0.165339,0.51949,0.570468,0.295397,0.16813,0.713182,0.281321,0.281769,0.548941,0.434582,0.401285,0.622603,0.269953,0.146868,0.20755,0.564651,0.504331,0.689923,0.559391,0.447826,0.673235,0.825096,0.24561,0.598429,0.609714,0.8434,0.413825,0.811131,0.656013,0.519143,0.595583,0.421804,0.398951,0.286735,0.0610172,0.561327,0.230067,0.386288,0.598295,0.361757,0.125903,0.667848,0.484773,0.509132,0.85529,0.0767309,0.496422,0.379365,0.405692,0.590633,0.327409,0.236659,0.253939,0.31669,0.423448,0.108265,0.508485,0.212154,0.545663,0.119844,0.015889,0.275593,0.466442,0.127988,0.651467,0.28403,0.51949,0.570468,0.464328,0.212674,0.433282,0.0224523,0.0773795,0.60106,0.670132,0.292017,0.314548,0.318034,0.737981,0.766112,0.648772,0.503613,0.162175,0.338282,0.45849,0.401773,0.132814,0.520244,0.569735,0.159187,0.238812,0.315181,0.156702,0.747874,0.21831,0.0876614,0.142909,0.150659,0.34799,0.387645,0.182538,0.193975,0.0257729,0.19919,0.688863,0.267774,0.463509,0.125604,0.677252,0.587955,0.551779,0.116898,0.455956,0.462468,0.379988,0.601174,0.618154,0.101409,0.708465,0.705756,0.0977407,0.584135,0.223443,0.170116,0.636725,0.583491,0.339194,0.0823196,0.278133,0.430347,0.312125,0.125483,0.252279,0.130179,0.503832,0.64976,0.698339,0.0113002,0.243097,0.358551,0.050794,0.224454,0.240772,0.392106,0.513255,0.123851,0.418003,0.177342,0.707085,0.486977,0.193997,0.229825,0.447156,0.302574,0.344995,0.580787,0.450115,0.419267,0.256512,0.544753,0.170774,0.575832,0.462687,0.377742,0.438044,0.593643,0.116482,0.463255,0.134688,0.120873,0.180102,0.30687,0.371447,0.771721,0.338625,0.177718,0.205419,0.464433,0.641286,0.00578624,0.345261,0.70154,0.261303,0.371016,0.402983,0.16436,0.202151,0.568151,0.156917,0.61453,0.253218,0.214375,0.481934,0.249072,0.542011,0.183693,0.392546,0.234298,0.265628,0.245491,0.350741,0.588518,0.674697,0.464285,0.61453,0.253218,0.215063,0.398009,0.85266,0.0778963,0.627832,1,0.574467,0.385849,0.312807,0.858433,0.420143,0.784294,0.311586,0.0607124,0.313387,0.326212,0.268136,0.530941,0.333666,0.527253,0.31595,0.641637,0.125708,0.253142,0.241445,0.151019,0.403913,0.169018,0.276656,0.17063,0.139674,0.153847,0.577793,0.287811,0.204571,0.700911,0.23025,0.698099,0.418315,0.815887,0.128694,0.136734,0.096438,0.185906,0.149065,0.313387,0.326212,0.691978,0.687432,0.231762,0.447954,0.560655,0.428252,0.842871,0.796393,0.301834,0.309634,0.231406,0.495844,0.666448,0.145086,0.119244,0.130436,0.666612,0.203903,0.282953,0.042539,0.885483,0.165977,0.179448,0.0621158,0.2679,0.946193,0.845365,0.313948,0.386517,0.254,0.15146,0.15038,0.0640066,0.436728,0.435958,0.852081,0.225172,0.177718,0.205419,0.363294,0.949283,0.078101,0.533549,0.0427161,0.459828,0.138839,0.0476946,0.340538,0.187241,0.312086,0.0591838,0.263198,0.363703,0.119764,0.210925,0.415449,0.548392,0.544537,0.301957,0.376369,0.785534,0.350989,0.0852826,0.215586,0.213307,0.456356,0.255754,0.400544,0.337827,0.144196,0.131525,0.142301,0.318004,0.201279,0.368231,0.0182022,0.091627,0.0862367,0.0723535,0.0845869,0.170774,0.575832,0.114562,0.0978999,0.127282,0.116561,0.100349,0.562458,0.325727,0.561244,0.0894245,0.174188,0.157434,0.240106,0.188958,0.299245,0.0293528,0.412766,0.1983,0.164078,0.123407,0.203903,0.282953,0.495226,0.180074,0.791034,0.308182,0.168596,0.155653,0.102766,0.222207,0.847438,0.183236,0.220237,0.378426,0,0.112541,0.16939,0.28199,0.119737,0.302863,0.0827869,0.312109,0.246814,0.359126,0.193343,0.111614,0.195501,0.228489,0.251153,0.338692,0.275807,0.370886,0.159186,0.105587,0.391827,0.210919,0.346262,0.314878,0.531967,0.606931,0.189792,0.663833,0.20952,0.135219,0.331504,0.30923,0.42453,0.294055,0.151238,0.268456
0.618174,0.433728,0.321714,0.28823,0.310453,0.194675,0.484501,0.0505526,0.463529,0.356811,0.380008,0.239065,0.276286,0.557337,0.499204,0.348333,0.260794,0.727967,0.694754,0.576075,0.524206,0.468072,0.26686,0.673474,0.305948,0.237836,0.430467,0.297671,0.397049,0.37944,0.340088,0.212841,0.151443,0.353876,0.331162,0.250868,0.182028,0.644759,0.198115,0.204783,0.624662,0.395615,0.350687,0.864301,0.250627,0.425521,0.457357,0.585702,0.774679,0.773594,0.583717,0.611181,0.531468,0.711337,0.250551,0.678383,0.415785,0.830445,0.399844,0.561379,0.53605,0.436126,0.49723,0.368662,0.350678,0.289205,0.406989,0.49229,0.359611,0.560088,1,0.709105,0.208767,0.49007,0.620143,0.544206,0.709611,0.0748208,0.450453,0.410229,0.208955,0.318005,0.252603,0.208419,0.188988,0.366391,0.334824,0.159361,0.377573,0.281716,0.258473,0.161671,0.373734,0.345216,0.344821,0.367048,0.633241,0.0804845,0.353876,0.331162,0.346579,0.234483,0.32105,0.0731748,0.328949,0.582582,0.328618,0.424099,0.568227,0.484315,0.321658,0.543719,0.504228,0.328194,0.435803,0.517478,0.411698,0.434444,0.2373,0.28298,0.357776,0.160379,0.231677,0.260978,0.254238,0.717581,0.248695,0.0756574,0.735517,0.164475,0.229844,0.204792,0.247618,0.190641,0.0858226,0.177305,0.478211,0.302893,0.286588,0.188469,0.334863,0.682446,0.518346,0.735951,0.412946,0.413638,0.531511,0.566233,0.544235,0.0791383,0.539357,0.323035,0.1255,0.622087,0.35251,0.126474,0.414577,0.587506,0.390854,0.139883,0.284704,0.634076,0.295217,0.126914,0.196356,0.148204,0.41324,0.419743,0.550894,0.113403,0.228211,0.332992,0.0331658,0.165943,0.410055,0.544631,0.352585,0.201213,0.370708,0.114051,0.37371,0.280738,0.220279,0.281464,0.228123,0.421689,0.269635,0.506575,0.47491,0.453229,0.259038,0.415422,0.304629,0.566854,0.1831,0.22433,0.491808,0.481902,0.10699,0.199505,0.129963,0.112657,0.131261,0.34161,0.372532,0.495214,0.317271,0.132663,0.295228,0.351961,0.45382,0.753943,0.243028,0.43083,0.235264,0.212447,0.240541,0.147316,0.167774,0.467184,0.209363,0.37011,0.175325,0.267676,0.463899,0.317201,0.334234,0.133718,0.348105,0.289456,0.203716,0.229824,0.415252,0.441548,0.421776,0.360135,0.37011,0.175325,0.203244,0.339342,0.881503,0.193217,0.427569,0.432472,0.609245,0.354997,0.198126,0.75496,0.378229,0.426828,0.209959,0.0715993,0.180929,0.298683,0.279851,0.499414,0.236168,0.520661,0.331801,0.402336,0.191909,0.462611,0.25296,0.263946,0.349421,0.0967339,0.29713,0.0874839,0.185629,0.077822,0.638277,0.320532,0.17632,0.418433,0.241101,0.858404,0.57067,0.868415,0.213291,0.130241,0.0855617,0.137186,0.0660885,0.180929,0.298683,0.736211,0.331395,0.290685,0.168692,0.392508,0.161362,0.677707,0.681866,0.416018,0.131053,0.273397,0.42818,0.567796,0.188064,0.151521,0.131485,0.285483,0.317342,0.306247,0.0690811,0.563806,0.183334,0.151965,0.11434,0.285323,0.212471,0.510313,0.174013,0.191499,0.277071,0.15844,0.195903,0.107117,0.303127,0.354802,0.606914,0.220677,0.132663,0.295228,0.262759,0.563003,0.0916529,0.288255,0.0939211,0.244269,0.326809,0.128506,0.219289,0.154506,0.223287,0.0934911,0.189524,0.396018,0.162653,0.642551,0.31789,0.7609,0.303507,0.251462,0.299806,0.308197,0.244882,0.173552,0.188641,0.213437,0.371176,0.159419,0.423113,0.297375,0.16248,0.111833,0.17707,0.199308,0.134226,0.436161,0.0989519,0.109191,0.0568506,0.114927,0.145103,0.304629,0.566854,0.123266,0.101737,0.110011,0.144633,0.0556128,0.157386,0.272505,0.653688,0.0526411,0.202888,0.147137,0.220978,0.153252,0.226402,0.0358608,0.458081,0.185035,0.200323,0.130922,0.317342,0.306247,0.285981,0.204642,0.506338,0.216035,0.194167,0.104688,0.212192,0.183799,0.961188,0.389774,0.175901,0.338971,0.129754,0.171389,0.15038,0.174331,0.0635141,0.403059,0.142761,0.419688,0.0698993,0.285219,0.112057,0.129629,0.370554,0.170738,0.370997,0.262956,0.197571,0.376051,0.0940046,0.0987175,0.259606,0.0750852,0.353461,0.389881,0.384421,0.300658,0.214227,0.622224,0.199724,0.0954566,0.191904,0.282523,0.364593,0.342406,0.127473,0.1433
0.711552,0.608374,0.48962,0.279358,0.605404,0.713984,0.357267,0.0728814,0.596415,0.273792,0.336421,0.174979,0.415597,0.121354,0.208755,0.177166,0.172626,0.639733,0.601244,0.597662,0.340823,0.453166,0.244611,0.286352,0.556108,0.557103,0.436497,0.480796,0.566249,0.615765,0.516061,0.576765,0.495618,0.7471,0.646956,0.417402,0.292134,0.345917,0.477749,0.43676,0.528872,0.540436,0.377935,0.549502,0.269033,0.0726285,0.562493,0.482327,0.515467,0.578872,0.406825,0.401815,0.3158,0.499837,0.241719,0.414492,0.234608,0.769865,0.723097,0.549912,0.765821,0.671909,0.177591,0.156268,0.284163,0.48884,0.553687,0.494143,0.355681,0.48121,0.775279,0.575213,0.395416,0.514499,0.273076,0.579332,0.362162,0.154001,0.0954158,0.307982,0.428983,0.0286994,0.189854,0.4047,0.587894,0.436706,0.634274,0.0592771,0.419612,0.509492,0.569777,0.168586,0.34871,0.40606,0.14595,0.191637,0.779491,0.387714,0.7471,0.646956,0.645664,0.35856,0.270193,0.33321,0.35261,0.741419,0.542351,0.371579,0.66997,0.594071,0.280428,0.249816,0.699307,0.401107,0.0800301,0.34557,0.341263,0.323172,0.377283,0.583262,0.464657,0.0546498,0.201535,0.328319,0.0866116,0.668494,0.107993,0.0639412,0.51968,0.314561,0.274935,0.381055,0.0644497,0.312768,0.128675,0.206266,0.232284,0.24523,0.50933,0.275163,0.26927,0.88064,0.508313,0.43346,0.509413,0.149842,0.4749,0.478169,0.486424,0.142587,0.251435,0.43195,0.0748996,0.705525,0.604386,0.0394507,0.381805,0.48583,0.355416,0.278456,0.0877582,0.537985,0.527463,0.0424713,0.277908,0.0853968,0.501824,0.148082,0.245244,0.120374,0.100564,0.287154,0.143368,0.237823,0.454086,0.224872,0.157353,0.217036,0.396224,0.219071,0.516156,0.252139,0.292559,0.201395,0.226866,0.364942,0.188898,0.568925,0.5649,0.340758,0.339753,0.484677,0.390968,0.624949,0.504694,0.263529,0.482467,0.191711,0.182428,0.223483,0.0893189,0.214352,0.119491,0.0849119,0.315415,0.427044,0.189999,0.169155,0.16391,0.368434,0.47113,0.371124,0.213085,0.217628,0.242942,0.192139,0.369688,0.173737,0.274975,0.203932,0.492419,0.607035,0.221146,0.280332,0.224231,0.410348,0.405738,0.113043,0.409286,0.377376,0.223845,0.131915,0.539784,0.504419,0.259094,0.143366,0.607035,0.221146,0.116618,0.351284,0.760485,0.397514,0.542092,0.414317,0.591834,0.176509,0.246152,0.712183,0.26111,0.679925,0.0907845,0.11246,0.354158,0.183985,0.171808,0.601195,0.224695,0.540018,0.173995,0.37863,0.193914,0.693441,0.266206,0.132867,0.266693,0.348953,0.277689,0.239438,0.207592,0.135525,0.692008,0.117368,0.184396,0.196161,0.350447,0.828157,0.527069,0.806278,0.257494,0.165722,0.03128,0.284894,0.222969,0.354158,0.183985,0.743652,0.493861,0.483205,0.167977,0.534411,0.11656,0.719555,0.772939,0.340645,0.324252,0.406715,0.448125,0.524943,0.188612,0.277885,0.25402,0.081263,0.315896,0.288881,0.189944,0.722943,0.159945,0.252865,0.0711996,0.380061,0.143499,0.468376,0.140424,0.171393,0.197135,0.229963,0.338587,0.13385,0.129228,0.377149,0.660701,0.458808,0.169155,0.16391,0.2425,0.244175,0.172524,0.398281,0.0850653,0.416936,0.00790845,0.119197,0.14511,0.160145,0.202747,0.130026,0.241377,0.48415,0.26252,0.614402,0.326281,0.820926,0.677492,0,0.45765,0.277921,0.431571,0.202158,0.165904,0.387671,0.312785,0.116751,0.698305,0.402009,0.122439,0.193633,0.181611,0.30878,0.16423,0.242536,0.846509,0.163552,0.198275,0.0800197,0.15506,0.390968,0.624949,0.252717,0.238406,0.0370484,0.263498,0.100249,0.706691,0.354206,0.352635,0.0616925,0.262266,0.222513,0.357338,0.302305,0.490807,0.0555622,0.563813,0.240315,0.132106,0.205424,0.315896,0.288881,0.349507,0.120461,0.459479,0.308207,0.251811,0.225528,0.533586,0.162472,0.869591,0.127747,0.0955,0.467323,0.643022,0.158036,0.17268,0.286872,0.0884128,0.149095,0.244004,0.229856,0.0966979,0.306,0.104486,0.155782,0.209449,0.184174,0.238854,0.218545,0.143776,0.546612,0.123731,0.155462,0.211409,0.109109,0.509131,0.39387,0.351048,0.217791,0.312264,0.337757,0.200066,0.150492,0.123291,0.123637,0.583639,0.13037,0.155378,0.245457
0.635729,0.36511,0.426208,0.392611,0.351003,0.734771,0.730279,0.0599705,0.394896,0.567796,0.639528,0.307004,0.384064,0.442049,0.492543,0.362006,0.167651,0.551346,0.476034,0.328436,0.277026,0.364053,0.285268,0.158895,0.360118,0.253822,0.489213,0.682573,0.517743,0.462641,0.451938,0.263819,0.160422,0.351045,0.423382,0.262777,0.253288,0.170667,0.318068,0.48968,0.2499,0.449524,0.457816,0.514724,0.234362,0.406854,0.906674,0.549046,0.580999,0.59685,0.213051,0.448107,0.676608,0.347555,0.172016,0.470265,0.45857,0.702092,0.398896,0.605476,0.561402,0.22921,0.468075,0.461833,0.39931,0.450846,0.769206,0.159681,0.233816,0.742213,0.71042,0.446387,0.0828819,0.548762,0.525009,0.315968,0.579858,0.212067,0.38137,0.407073,0.313808,0.314622,0.336093,0.257601,0.173186,0.27451,0.524054,0.137837,0.569966,0.319174,0.81611,0.236838,0.1882,0.224643,0.232952,0.498573,0.764029,0.117759,0.351045,0.423382,0.587362,0.33251,0.311389,0.109879,0.541294,0.672414,0.520206,0.187114,0.6677,0.421935,0.325198,0.465419,0.463448,0.567239,0.121753,0.366613,0.672758,0.516623,0.199401,0.480582,0.365164,0.0733902,0.328534,0.33784,0.36033,0.764974,0.224606,0.037072,0.370394,0.176817,0.362042,0.330849,0.122138,0.181483,0.105005,0.1553,0.435952,0.412063,0.357451,0.201548,0.504054,0.726403,0.561188,0.192108,0.679506,0.361567,0.330423,0.475131,0.478716,0.0662695,0.508143,0.47303,0.100598,0.51504,0.461003,0.199561,0.661959,0.740804,0.781801,0.113088,0.209785,0.69153,0.298675,0.161672,0.332864,0.119498,0.519032,0.228774,0.509969,0.110136,0.141258,0.456042,0.00945075,0.143241,0.354932,1,0.328185,0.0715436,0.461749,0.143596,0.481988,0.271454,0.188497,0.450543,0.261051,0.325542,0.156389,0.401261,0.462476,0.542948,0.470328,0.667522,0.369571,0.63225,0.221178,0.271166,0.765155,0.446463,0.133331,0.135956,0.151314,0.120057,0.15422,0.199429,0.624313,0.385136,0.326622,0.193024,0.172545,0.477716,0.701158,0.383911,0.332297,0.403811,0.234362,0.284183,0.591966,0.121654,0.204604,0.3992,0.212205,0.29062,0.169473,0.34426,0.462353,0.323862,0.348422,0.302414,0.407003,0.256482,0.0850391,0.249727,0.395244,0.478545,0.431482,0.329486,0.29062,0.169473,0.146197,0.541097,0.7726,0.370882,0.434206,0.201412,0.605227,0.142204,0.301085,0.684785,0.379406,0.721941,0.351383,0.0838629,0.265494,0.29283,0.220848,0.530899,0.239175,0.534976,0.186059,0.357537,0.126385,0.486725,0.223545,0.130899,0.375664,0.132225,0.394989,0.197674,0.125229,0.0792469,0.662044,0.144855,0.148122,0.401747,0.104956,0.849804,0.404583,0.878535,0.190214,0.161751,0.0849051,0.173753,0.125667,0.265494,0.29283,0.679323,0.352043,0.360833,0.095166,0.346815,0.106635,0.672574,0.759537,0.161998,0.146626,0.171546,0.459362,0.326593,0.152239,0.128385,0.165201,0.131424,0.2346,0.35842,0.0805999,0.712346,0.183186,0.196735,0.123148,0.332751,0.139998,0.595913,0.168235,0.362903,0.259163,0.114191,0.179587,0.13801,0.257623,0.394913,0.61205,0.0832554,0.193024,0.172545,0.242603,0.634427,0.103072,0.525904,0.0791027,1,0.252173,0.155912,0.316415,0.113449,0.0780996,0.0463685,0.167994,0.0981104,0.159625,0.393117,0.388442,0.622407,0.513144,0.155988,0.594805,0.386415,0.177853,0.10999,0.0738215,0.0931541,0.506028,0.0839811,0.476353,0.289298,0.104083,0.153714,0.144734,0.240264,0.108424,0.252473,0.353811,0.0566581,0.0694593,0.0806142,0.115216,0.369571,0.63225,0.192319,0.0570563,0.0895846,0.151483,0.113509,0.26667,0.429257,0.424315,0.0324582,0.211484,0.141344,0.136341,0.154361,0.477505,0.0396394,0.305104,0.177373,0.120556,0.122679,0.2346,0.35842,0.0685167,0.14076,0.239884,0.236291,0.122665,0.102719,0.202652,0.285923,0.777842,0.23987,0.10801,0.332735,0.298529,0.152112,0.233336,0.293427,0.0604932,0.25252,0.0557559,0.325209,0.131968,0.271084,0.433186,0.135138,0.221174,0.142607,0.329125,0.202167,0.263688,0.650862,0.0953591,0.0762987,0.982806,0.136555,0.167437,0.544565,0.135566,0.491329,0.346296,0.451246,0.218466,0.089229,0.275052,0.288249,0.525715,0.273802,0.0801344,0.157644
0.732835,0.603231,0.607435,0.413981,0.573363,0.295753,0.279284,0.0606652,0.460927,0.502606,0.528451,0.221426,0.403205,0.191,0.195639,0.285175,0.262655,0.560377,0.404369,0.439621,0.434017,0.341848,0.200199,0.338337,0.280379,0.497898,0.392718,0.478002,0.482622,0.545167,0.538349,0.518096,0.2937,0.464836,0.532714,0.4688,0.566986,0.217411,0.535874,0.554758,0.604528,0.696175,0.659039,0.753818,0.256023,0.253378,0.164513,0.37332,0.7495,0.663682,0.471362,0.467268,0.484449,0.484657,0.328948,0.594871,0.382038,0.830957,0.447332,0.847791,0.716042,0.740671,0.200514,0.172366,0.434091,0.249238,0.418229,0.343125,0.371152,0.273183,0.703936,0.498147,0.110535,0.550129,0.307502,0.568898,0.366004,0.0817346,0.15387,0.358685,0.492101,0.176449,0.190814,0.567809,0.314383,0.331259,0.572731,0.10545,0.535257,0.630371,0.84896,0.133526,0.42725,0.844526,0.611289,0.28256,0.829337,0.353459,0.464836,0.532714,0.608196,0.489443,0.444566,0.517869,0.799445,0.678367,0.390757,0.227724,0.540827,0.649046,0.453054,0.30161,0.670897,0.374632,0.33452,0.439094,0.399004,0.196769,0.13033,0.505322,0.365113,0.10399,0.259538,0.554711,0.219959,0.79585,0.0888456,0.101793,0.520642,0.178449,0.287055,0.436093,0.0869098,0.19494,0.177735,0.173349,0.241687,0.253374,0.479127,0.318023,0.278861,0.770988,0.638013,0.345831,0.702326,0.221801,0.520938,0.508646,0.424866,0.134183,0.123295,0.28014,0.062057,0.7617,0.651631,0.194098,0.466398,0.538862,0.42906,0.281207,0.369562,0.818944,0.297313,0.165953,0.369318,0.0562565,0.504931,0.184149,0.172376,0.0874431,0.123832,0.290048,0.0502461,0.190457,0.512799,0.333315,0.158348,0.160305,0.454637,0.19293,0.336035,0.308309,0.277773,0.268625,0.314297,0.410822,0.208085,0.762997,0.525652,0.424318,0.277283,0.500782,0.432673,0.50182,0.139382,0.208867,0.393941,0.184516,0.164848,0.172194,0.192511,0.151255,0.0883233,0.140714,0.572098,0.614427,0.276347,0.241037,0.108123,0.503462,0.482901,0.707447,0.207969,0.348297,0.345085,0.254624,0.343473,0.188077,0.230806,0.153314,0.380653,0.634413,0.294008,0.348177,0.299093,0.296525,0.400964,0.0859813,0.368642,0.307872,0.336658,0.168914,0.384116,0.590548,0.376131,0.189352,0.634413,0.294008,0.202754,0.295469,0.803372,0.66042,0.430713,0.336971,0.266301,0.342331,0.337893,0.70999,0.3248,0.421659,0.230673,0.097045,0.334246,0.266739,0.368663,0.583495,0.297764,0.542567,0.156165,0.397101,0.225564,0.448573,0.211152,0.126213,0.361657,0.269932,0.343066,0.214309,0.19034,0.126104,0.861632,0.213899,0.193298,0.239249,0.1955,0.853787,0.766569,0.774265,0.343639,0.213395,0.0844491,0.205627,0.272325,0.334246,0.266739,0.684018,0.333691,0.492795,0.19911,0.431857,0.0187467,0.487055,0.56255,0.342446,0.188243,0.341122,0.442694,0.529338,0.21196,0.384599,0.223816,0.118226,0.432742,0.328529,0.0457775,0.522034,0.204274,0.209939,0.145824,0.432784,0.0880786,0.517259,0.157167,0.227715,0.264597,0.162401,0.154145,0.143745,0.152926,0.440381,0.549661,0.197204,0.241037,0.108123,0.21497,0.253109,0.0682029,0.680015,0.106277,0.189114,0.0819315,0.0577569,0.22901,0.145433,0.226454,0.0938028,0.113348,0.331522,0.250015,0.645641,0.390988,0.711272,0.363118,0.441328,0.361028,0.335741,0.257772,0.229232,0.155107,0.230572,0.426846,0.232277,0.313288,0.360294,0.0955159,0.143673,0.132519,0.315032,0.148594,0.300982,0.0210779,0.156185,0.045485,0.144089,0.139028,0.432673,0.50182,0.197711,0.159493,0.152573,0.150749,0.0830672,0.649459,0.286427,0.224141,0.0475857,0.239045,0.141535,0.230037,0.185025,1,0.0403351,0.6338,0.191675,0.128313,0.136812,0.432742,0.328529,0.296511,0.283637,0.428749,0.239301,0.188856,0.0868439,0.125912,0.412455,0.816402,0.503993,0.173241,0.359608,0.0176005,0.150429,0.274129,0.142203,0.0540595,0.454888,0.117669,0.248619,0.211725,0.317407,0.0901306,0.136043,0.227967,0.145539,0.292828,0.0887172,0.304748,0.49285,0.108672,0.0807333,0.160963,0.157802,0.39695,0.309843,0.392457,0.338727,0.237589,0.721595,0.200913,0.0690173,0.236602,0.134417,0.924649,0.229018,0.142348,0.179261
0.794312,0.609613,0.343495,0.178953,0.59468,0.547833,0.633459,0.0465698,0.6769,0.542046,0.570682,0.458086,0.374981,0.506217,0.364967,0.54906,0.182089,0.620262,0.469891,0.313851,0.363235,0.545491,0.190757,0.219601,0.156806,0.275483,0.462688,0.433246,0.470771,0.699103,0.573248,0.331385,0.227537,0.66475,0.525555,0.423709,0.458651,0.401532,0.349672,0.384684,0.398554,0.447252,0.4569,0.267758,0.16804,0.454197,0.421318,0.632745,0.520322,0.614011,0.453452,0.48655,0.590857,0.611424,0.293311,0.631747,0.440746,0.802477,0.534854,0.731835,0.793404,0.499014,0.551946,0.512355,0.65277,0.251966,0.334576,0.644249,0.32316,0.555028,0.443513,0.411706,0.0791693,0.642919,0.291121,0.536223,0.552533,0.250476,0.358946,0.200681,0.325179,0.158104,0.321986,0.266427,0.499832,0.160995,0.54188,0.171474,0.350364,0.536799,0.554635,0.142197,0.137899,0,0.589673,0.615379,0.742365,0.37732,0.66475,0.525555,0.518566,0.585662,0.429254,0.138985,0.484794,0.600486,0.487137,0.29748,0.599981,0.558532,0.109512,0.501777,0.644084,0.221947,0.0337228,0.444644,0.264368,0.143201,0.21068,0.433324,0.517523,0.074876,0.340536,0.300475,0.269924,0.708743,0.223189,0.100116,0.478628,0.148954,0.225603,0.217358,0.0377824,0.220904,0.104126,0.200655,0.411621,0.355908,0.547377,0.34266,0.458834,0.917239,0.528873,0.566193,0.501617,0.303139,0.750599,0.559096,0.411388,0.155543,0.448707,0.395108,0.0367065,0.561363,0.550987,0.0146207,0.352644,0.475522,0.282761,0.186103,0.100359,0.622919,0.318791,0.0217078,0.190703,0.0180859,0.376857,0.357271,0.507087,0.0956991,0.163764,0.221137,0.0205047,0.199015,0.475557,0.243131,0.339244,0.151848,0.37129,0.0265626,0.584285,0.189429,0.19794,0.195174,0.113691,0.358752,0.0548833,0.604987,0.308096,0.457662,0.178836,0.36585,0.379567,0.576291,0.336986,0.177806,0.331286,0.383101,0.0798431,0.258035,0.052403,0.137456,0.199031,0.281192,0.505615,0.601683,0.220108,0.15713,0.261301,0.412246,0.487312,0.629469,0.166292,0.555791,0.181853,0.189793,0.305387,0.169769,0.203453,0.399445,0.422747,0.444608,0.152801,0.19481,0.293636,0.374033,0.332294,0.0659605,0.328782,0.273711,0.266341,0.158642,0.499409,0.52018,0.658695,0.260577,0.444608,0.152801,0.212971,0.251871,0.892282,0.502216,0.462405,0.551156,0.627646,0.132425,0.212948,0.774484,0.072087,0.70152,0.169304,0.102672,0.216878,0.195046,0.196855,0.538883,0.113112,0.547273,0.154349,0.469857,0.199314,0.613051,0.15561,0.0961914,0.276441,0.309193,0.292113,0.24354,0.179591,0.219641,0.906392,0.127588,0.295021,0.284198,0.238761,0.804386,0.777379,0.816706,0.210078,0.193805,0.0390358,0.165304,0.167841,0.216878,0.195046,0.862649,0.456356,0.415957,0.199822,0.586329,0.0689006,0.703096,0.676855,0.267786,0.0569018,0.238811,0.432892,0.476637,0.294828,0.191686,0.270117,0.232586,0.345949,0.438958,0.0393006,0.734968,0.204475,0.298071,0.133012,0.431913,0.129489,0.664149,0.189712,0.177006,0.175097,0.232024,0.101808,0.127134,0.290716,0.424484,0.696285,0.299168,0.15713,0.261301,0.222328,0.407125,0.0424017,0.471755,0.124731,0.114204,0.23451,0.108123,0.33583,0.120276,0.176425,0.0723763,0.218607,0.484202,0.182571,0.534229,0.291102,0.720755,0.49172,0.114042,0.35446,0.373846,0.305012,0.262187,0.199227,0.0645823,0.255272,0.123652,0.26935,0.294036,0.136639,0.142225,0.223186,0.284553,0.0976721,0.321262,0.396206,0.186235,0.104689,0.0640138,0.0707217,0.379567,0.576291,0.250925,0.113034,0.177751,0.155956,0.112182,0.93275,0.306426,0.282238,0.107346,0.283388,0.26496,0.220179,0.0491453,0.781353,0.0607889,0.470122,0.210365,0.154412,0.0854415,0.345949,0.438958,0.367172,0.0602897,0.545558,0.188169,0.217656,0.118052,0.0895639,0.224382,0.943962,0.283903,0.0488595,0.0315852,0.370786,0.217109,0.12479,0.236321,0.0850103,0.326102,0.106562,0.468496,0.108765,0.0682301,0.0321559,0.11961,0.154254,0.115807,0.321815,0.228599,0.179926,0.362432,0.149078,0.121312,0.0226796,0.115908,0.484263,0.263117,0.482778,0.222746,0.226205,0.592427,0.0649876,0.152609,0.224118,0.0759913,0.945916,0.139326,0.143789,0.167968
0.476978,0.518378,0.497115,0.144471,0.417425,0.577577,0.910994,0.0733296,0.847747,0.799211,0.844942,0.787232,0.250794,0.799625,0.908904,0.983876,0.242074,0.183578,0.230877,0.379908,0.346073,0.594224,0.25256,0.303465,0.289825,0.37129,0.430857,0.425237,0.748858,0.781717,0.627227,0.332609,0.273202,0.292616,0.478319,0.39549,0.281708,0.334234,0.31386,0.316958,0.357935,0.461757,0.464782,0.165588,0.374936,1,0.788056,0.632897,0.331522,0.566399,0.430974,0.138276,0.768846,0.713342,0.209025,0.304993,0.654532,0.82319,0.684512,0.652329,0.574768,0.15137,1,0.948243,0.70044,0.720159,0.701168,0.624318,0.372831,0.661988,0.458739,0.368521,0.114069,0.722413,0.314247,0.445225,1,0.297398,0.494625,0.221676,0.447656,0.408099,1,0.210107,0.465884,0.253943,0.239562,0.319641,0.301505,0.225159,0.468072,0.220776,0.145119,0.379501,0.598662,0.918768,0.49422,0.499334,0.292616,0.478319,0.330343,0.353888,0.601684,0.0598318,0.181681,0.5498,0.486478,0.245616,0.719505,0.214098,0.570609,0.946303,0.60909,0.231149,0.155896,0.43552,0.251944,0.143883,0.511586,0,0.611187,0.0806661,0.709439,0.298677,0.329271,0.631132,0.383546,0.212432,0.232267,0.189808,0.265263,0.260734,0.0257997,0.314336,0.188829,0.11859,0.693545,0.634946,0.779744,0.113297,0.279128,0.785491,0.538465,0.524924,0.226023,0.283309,0.521252,0.317521,0.253012,0.121917,0.689736,0.955897,0.132638,0.280337,0.417179,0.0905176,0.316167,0.235616,0.271242,0.193762,0.168387,0.413149,0.444632,0.351872,0.169483,0.226505,0.408854,0.606894,0.668244,0.121658,0.173814,0.202558,0.0165022,0.108404,0.682433,0.230525,0.484924,0,0.309497,0.100164,0.889283,0.215305,0.191421,0.114636,0.213532,0.262713,0.124279,0.43562,0.441717,0.615562,0.168809,0.405859,0.394082,0.590491,0.369814,0.149816,0.348862,0.446874,0.181832,0.182759,0.103673,0.167395,0.472986,0.184821,0.360145,0.547108,0.246671,0.164572,0.376283,0.289911,0.478269,0.260918,0.186607,0.7446,0.203209,0.159662,0.230725,0.187777,0.107441,0.541816,0.319862,0.234353,0.24378,0.250356,0.514308,0.335096,0.406795,0.141939,0.42604,0.294328,0.273203,0.30857,0.338407,0.541164,0.939928,0.277953,0.234353,0.24378,0.172501,0.256274,0.814184,0.288732,0.322457,0.704222,0.759657,0.233586,0.157747,0.875723,0.214783,0.304343,0.401511,0.0882564,0.153904,0.241199,0.234464,0.518781,0.142428,0.538642,0.248786,0.372878,0.174987,0.408178,0.183516,0.0824513,0.301764,1,0.275597,0.125403,0.206984,0.0659434,0.467511,1,0.182803,0.772312,0.28677,0.659989,0.181118,0.858099,0.196565,0.0826134,0.108027,0.132154,0.142134,0.153904,0.241199,0.96871,0.62368,0.289471,0.157028,0.369539,0.0620527,0.794175,0.818654,0.141747,0.186231,0.308964,0.441011,0.601065,0.218848,0.0971908,0.254102,0.296563,0.240855,0.338069,0.046083,0.425306,0.186779,0.296306,0.119844,0.364946,0.133124,0.507762,0.118075,0.174759,0.227853,0.271221,0.196655,0.0910006,0.267488,0.356438,0.489015,0.265635,0.164572,0.376283,0.118796,0.501038,0.0743919,0.430376,1,0.250504,0.491685,0.0527392,0.0695547,0.199994,0.254558,0.10606,0.365125,0.396693,0.181327,0.368941,0.267114,0.502733,0.561103,0.306583,0.272853,0.270778,0.26563,0.110805,0.139572,0.220533,0.297582,0.182759,0.451782,0.241364,0.135751,0.154221,0.162391,0.285305,0.167623,0.380623,0.579033,0.1311,0.0706823,0.123834,0.143395,0.394082,0.590491,0.228608,0.11132,0.184051,0.153836,0.251923,0.424024,0.223283,0.207668,0.0386891,0.192969,0.203631,0.241805,0.111649,0.23218,0.0744664,0.243344,0.16897,0.121032,0.096963,0.240855,0.338069,0.353117,0.172024,0.575082,0.319655,0.205791,0.12967,0.491384,0.1344,0.824874,0.592957,0.0717349,0.225761,0.445867,0.218453,0.176105,0.246067,0.113958,0.712582,0.0553693,0.229945,0.156786,0.263069,0.0866622,0.128398,0.189796,0.114707,0.193482,0.297241,0.246412,0.343998,0.121459,0.112117,0.25212,0.177725,0.422127,0.333461,0.539174,0.339368,0.161835,0.846506,0.192074,0.126426,0.121564,0.0616061,0.290781,0.114693,0.106734,0.1401
0.390294,0.179069,0.145952,0.759344,0,0.674838,0.183367,0.0336607,0.628628,0.168084,0.143504,0.277819,0.280247,0.316048,0.316186,0.271796,0.0974132,0.473119,0.554301,0.44532,0.515175,0.420357,0.444952,0.629424,0.0820448,0.159529,0.421721,0.0807324,0.0823028,0.199164,0.157409,0.266122,0.179444,0.174932,0.455486,0.181404,0.162614,0.515932,0.129358,0.133251,0.351752,0.251524,0.135602,0.776232,0.373147,0.24995,0.242261,0.493935,0.531184,0.734939,0.766808,0.591501,0.327962,0.556526,0.149471,0.593474,0.511889,0.769925,0.332877,0.621482,0.648511,0.368249,0.540078,0.319383,0.326591,0.475699,0.273949,0.466081,0.274552,0.191118,0.479672,0.337327,0.109045,0.251185,0.888157,0.312678,0.742778,0.129461,0.434723,0.735835,0.420195,0.539009,0.296647,0.210022,0.236039,0.478402,0.233684,0.0590226,0.590355,0.320259,0.371117,0.113569,0.155511,0.286973,0.351576,0.244274,0.514426,0.156388,0.174932,0.455486,0.21706,0.206184,0.249513,0.0656605,0.182496,0.389783,0.438499,0.222111,0.452607,0.455094,0.5701,0.619361,0.481664,0.832599,0.17177,0.429429,0.860098,0.69907,0.13302,0.188556,0.431629,0.407371,0.234677,0.353022,0.302618,0.634369,0.244637,0.0681567,0.379873,0.0985456,0.0154968,0.591044,0.315687,0.0276834,0.213386,0.549957,0.506838,0.465044,0.504885,0.0859612,0.442223,0.665749,0.629727,0.410171,0.4351,0.38096,0.444975,0.968782,0.563635,0.0639039,0.734232,0.360175,0.0846616,0.461988,0.444322,0.587935,0.500754,0.564885,0.77585,0.038153,0.346389,0.549143,0,0.652198,0.58368,0.0775972,0.928985,0.326473,0.449388,0.140692,0.234368,0.768591,0.0138157,0.216714,0.454898,0.740775,0.363963,0.347237,0.622972,0.65658,0.394285,0.812389,0.109604,0.894599,0.60435,1,0.0752586,0.405252,0.644181,0.630934,0.601602,0.730269,0.306696,0.99305,0,0.573466,0.855814,0.641817,0.0164798,0.333682,0.688475,0.0760701,0.0417837,0.352137,0.139801,0.534024,0.48864,0.0572104,0.171662,0.604767,0.398416,0.345967,0.675429,0.262524,0.187732,0.774928,0.651339,0.102786,0.19473,0.56566,0.0756948,0.241307,0.192266,0.85911,0.941523,0,0.431768,0.0287057,0.356943,0.0614416,0.155273,0.144369,0.340495,0.894016,0.319857,0.421685,0.241307,0.192266,0.0115576,0.807646,0.680617,0.30411,0.352529,0.690753,0.624227,0.663877,0.60743,0.684744,0.737132,0.770453,0.54503,0.0528497,0.0361903,0.507562,0.507263,0.699253,0.365564,0.515005,0.154286,0.589872,0.0537804,0.466982,0.320805,0.127351,0.733735,0.0852609,0.194864,0.0241805,0.127047,0.0737148,0.578723,0.297337,0.13611,0.61212,0.244138,0.732452,0.0936342,0.730164,0.1566,0.0320552,0.163719,0,0,0.0361903,0.507562,0.478167,0.187964,0.125649,0.00452513,0.482789,0.192995,0.468585,0.492843,0.246527,0.128214,0.313153,0.408335,0.525474,0.132393,0.0754018,0.0217446,0.109307,0.346231,0.201811,0.0126781,0.948031,0.0662778,0.0224717,0,0.133128,0.203496,0.509655,0.22229,0.368344,0.29363,0.0569771,0,0.0469201,0.321649,0.687006,0.695657,0.307099,0.0572104,0.171662,0.038535,0.620725,0,0.51037,0.0424215,0.235642,0.0623511,0.0817041,0.413428,0.174362,0.0246642,0.0346082,0.0967922,0.311342,0.0698242,0.151446,0.608204,0.655026,0.699076,0.219843,0.513005,0.519849,0.491606,0,0.118964,0.200056,0.73073,0.0961079,0,0.550059,0.0733277,0.0725768,0.233864,0.218239,0.142769,0.109777,0.219724,0.0323539,0,0.091193,0.0756834,0.306696,0.99305,0.0245437,0.027384,0.0582196,0.0858993,0.0868777,0.452804,0.634828,1,0.0369732,0.0100508,0.171405,0.106126,0.142345,0.251882,0.0332625,0.306363,0.120996,0.122968,0,0.346231,0.201811,0.160978,0.273351,0.317305,0.487083,0.110865,0.205532,0,0.774583,0.695855,0.263435,0.167184,0.522729,0.356568,0.113238,0.379889,0.216876,0.0643187,0.441712,0,0.291837,0.151427,1,0.0939409,0.13117,0.0731102,0.125763,0.232244,0.153221,0.155832,0.891187,0.138752,0.0514943,0.240477,0.123948,0.248648,0.421778,0.401923,0.321958,0.317325,0.517985,0.278551,0.0541275,0.202065,0.204556,0.36881,0.219293,0.0406467,0.106221
0.674038,0.323734,0.315523,0.836982,0.788923,0.381356,0.120719,0.0833046,0.781516,0.255671,0.29949,0.220485,0.277888,0.164686,0.339522,0.150561,0.0791373,0.230916,0.429346,0.175846,0.429138,0.362196,0.457865,0.123428,0.845054,0.112102,0.466461,0.253142,0.316659,0.60678,0.575173,0.393633,0.240853,0.278363,0.531651,0.189221,0.109008,0.112604,0.278325,0.325359,0.540235,0.411873,0.327276,0.720241,0.284461,0.292078,0.421708,0.386314,0.740217,0.713911,0.391699,0.832066,0.684929,0.706946,0.279406,0.808342,0.384424,0.616497,0.454899,0.65296,0.647152,0.345945,0.405067,0.351375,0.225043,0.283495,0.273408,0.227657,0.166868,0.179731,0.510255,0.311471,0.0654965,0.307902,0.793428,0.465235,0.529082,0.10927,0.244402,0.362795,0.28757,0.297963,0.272459,0.0935387,0.21749,0.213329,0.396232,0.118155,0.331461,0.214652,0.665639,0.113005,0.0470569,0.322072,0.553611,0.122042,0.748706,0.197455,0.278363,0.531651,0.735533,0.0993119,0.231699,0.246147,0.231289,0.664173,0.587259,0.174535,0.425338,0.524725,0.481504,0.474467,0.580844,0.847661,0.232878,0.332399,0.638967,0.572111,0.135147,0.785156,0.37068,0.274529,0.155673,0.371356,0.291684,0.586264,0.139873,0.0800772,0.469282,0.240511,0.184631,0.267763,0.322473,0.256134,0.0970048,0.357831,0.394922,0.325796,0.367717,0,0.569977,0.599704,0.566047,0.202457,0.849951,0.450013,0.418748,0.617561,0.565335,0.0870916,0.435514,0.297186,0.102563,0.703338,0.193867,0.342148,0.484018,0.480981,0.822668,0.172716,0.316687,0.784546,0.461767,0.296901,0.593161,0.187835,0.709475,0.211365,0.355728,0.127419,0.148613,0.611009,0.00855139,0.12592,0.453294,0.671113,0.249897,0.0624269,0.759854,0.377429,0.314697,0.468589,0.275465,0.572973,0.491497,0.825808,0.349071,0.427316,0.618331,0.47533,0.417666,0.624105,0.179028,0.943025,0.595248,0.499494,0.939392,0.469478,0.0895062,0.194743,0.268688,0.162692,0.148727,0.211205,0.616774,0.541987,0.349175,0.0988422,0.222767,0.823313,0.43135,0.3559,0.411134,0.475699,0.157166,0.399063,0.718038,0.0964416,0.265187,0.408963,0.20538,0.40938,0.0857857,0.558517,0.657281,0.315433,0.323877,0.0923086,0.390174,0.249449,0.0995066,0.209443,0.201279,0.639823,0.144428,0.38832,0.40938,0.0857857,0.229074,0.842529,0.809503,0.281114,0.613437,0.328486,0.411715,0.619752,0.385862,0.763865,0.512974,0.713137,0.513044,0.0392722,0.241008,0.373769,0.315345,0.558697,0.445547,0.536999,0.366182,0.33596,0.136823,0.237021,0.47082,0.146451,0.713028,0.0519506,0.291589,0.0212966,0.121543,0.0608586,0.686264,0.250062,0.137,0.46631,0.0518228,0.824813,0.497556,0.812576,0.237837,0.0571086,0.116996,0.133367,0.0990763,0.241008,0.373769,0.724342,0.333379,0.310674,0.0928837,0.310929,0.203455,0.713143,0.677873,0.168284,0.257539,0.127736,0.456929,0.333605,0.14956,0.105908,0.138501,0.245132,0.210627,0.308836,0.176702,0.807811,0.0969362,0.17166,0.0293168,0.383837,0.157638,0.543186,0.226093,0.288828,0.322076,0.0730475,0.286511,0.144087,0.412078,0.518149,0.533888,0.132674,0.0988422,0.222767,0.24049,0.669577,0.225235,0.370238,0.0427242,0.22108,0.131121,0.0397007,0.320595,0.129314,0.118154,0.113488,0.231823,0.189895,0.147095,0.236033,0.653467,0.635039,0.697984,0.14625,0.721162,0.342788,0.290243,0.0454924,0.170324,0.179682,0.765477,0.109376,0.738002,0.508869,0.173004,0.146461,0.227122,0.350718,0.137156,0.438631,0.11363,0.0832143,0.0907793,0.110404,0.0991379,0.179028,0.943025,0.131898,0.126801,0.0631389,0.113435,0.0885633,0.403532,0.545095,0.630271,0.0393133,0.0716914,0.11035,0.148729,0.298808,0.487419,0.0288035,0.189106,0.119043,0.0820756,0.136911,0.210627,0.308836,0.073445,0.083197,0.2587,0.430599,0.115732,0.181684,0.399153,0.416445,0.799311,0.200808,0.187855,0.465256,0.0140452,0.124316,0.328049,0.165309,0.07509,0.221488,0.0653881,0.540939,0.0656818,0.525096,0.0678877,0.115924,0.233776,0.175912,0.409287,0.149949,0.227229,0.591101,0.112899,0.0928136,0.19977,0.10609,0.185532,0.366077,0.13597,0.570585,0.331231,0.368218,0.282595,0.0826971,0.254158,0.265914,0.700916,0.301717,0.144129,0.130577
0.495355,0.45188,0.579329,0.614878,0.629915,0.902169,0.6387,0.0179427,0.430141,0.525967,0.573014,0.262531,0.528636,0.651299,0.53422,0.598444,0.338767,0.440389,0.273782,0.435007,0.326371,0.560878,0.414191,0.329977,0.272908,0.496247,0.316545,0.455908,0.636519,0.414468,0.536353,0.454519,0.324602,0.338553,0.121835,0.534017,0.28337,0.358303,0.541564,0.541497,0.25747,0.644767,0.461404,0.58401,0.279472,0.307084,0.788943,0.442092,0.34453,0.373689,0.401931,0.26345,0.763548,0.627586,0.0145058,0.252305,0.488803,0.840843,0.376311,0.396429,0.222961,0.318587,0.611331,0.50127,0.378942,0.601351,0.822481,0.817401,0.497101,0.57713,0.641058,0.368928,0.110628,0.488101,0.778305,0.493012,0.638789,0.142034,0.39722,0.41455,0.160679,0.885381,0.272619,0.195386,0.200712,0.258425,0.298646,0.107557,0.267125,0.318783,0.583782,0.352804,0.212475,0.216496,0.614593,0.569815,0.715953,0.421742,0.338553,0.121835,0.562445,0.497862,0.455449,0.121737,0.228135,0.555089,0.265169,0.137176,0.439436,0.403694,0.677552,0.469557,0.419992,0.491419,0.0912252,0.222223,0.541355,0.361772,0.363199,0.630946,0.367917,0.242648,0.189766,0.315991,0.361245,0.732604,0.198508,0.0135016,0.437762,0.0595608,0.208193,0.198448,0.16598,0.232046,0.146868,0.216185,0.589816,0.363673,0.222677,0.133192,0.297652,0.755198,0.596939,0.206426,0.248001,0.352077,0.445269,0.424185,0.293091,0.0466985,0.469427,0.421354,0.0825033,0.559604,0.1937,0.293444,0.323106,0.459368,0.56114,0.200781,0.296317,0.426041,0.250526,0.269033,0.353052,0.058125,0.614935,0.303684,0.469283,0.0915882,0.120086,0.422293,0.0130289,0.115995,0.456208,0.603284,0.299407,0.115466,0.515421,0.313295,0.516051,0.45892,0.367107,0.354078,0.340409,0.861745,0.102424,0.348605,0.44403,0.503469,0.561474,0.440092,0.256311,0.882566,0.239215,0.342702,0.650864,0.432927,0.0182284,0.19298,0.274255,0.0968926,0.23087,0.17125,0.550859,0.468066,0.174858,0.0653413,0.255433,0.487712,0.330001,0.317465,0.272306,0.471595,0.260793,0.209867,0.411706,0.0279853,0.217961,0.356164,0.489291,0.497908,0.188565,0.56949,0.480448,0.273629,0.424785,0.0376746,0.343268,0.256686,0.275145,0.0730709,0.326339,0.466888,0.318978,0.315243,0.497908,0.188565,0.0670315,0.601469,0.835488,0.192077,0.246558,0.373054,0.71536,0.400526,0.281446,0.700701,0.297919,0.509253,0.579211,0.023335,0.0792049,0.454072,0.392035,0.55261,0.284545,0.533096,0.229712,0.404682,0.152598,0.351185,0.318313,0.318493,0.401853,0.173438,0.23776,0.0626675,0.143502,0.018881,0.563283,0.219465,0.143421,0.388682,0.139538,0.847128,0.171251,0.875402,0.148062,0.0690223,0.131278,0.082295,0.0854796,0.0792049,0.454072,0.714966,0.220509,0.308386,0.126027,0.285032,0.064546,0.556614,0.706009,0.162844,0.350768,0.165802,0.415396,0.679008,0.092841,0.131164,0.184402,0.156467,0.375555,0.294352,0.0560394,0.560733,0.114195,0,0.0737033,0.298131,0.0671794,0.241776,0.22391,0.312341,0.119329,0.129519,0.19596,0.044818,0.272528,0.434648,0.370223,0.130762,0.0653413,0.255433,0.179034,0.532031,0.0678101,0.419008,0.0657978,0.194334,0.191385,0.140596,0.149632,0.127863,0.252399,0.0351811,0.220837,0.201214,0.146618,0.347026,0.398268,0.552836,0.414045,0.225498,0.619182,0.344118,0.238193,0.0662778,0.111835,0.320135,0.742539,0.0939266,0.410555,0.359877,0.0901445,0.067221,0.228499,0.24415,0.0763092,0.0749008,0.250291,0.0379386,0.0177976,0.0140859,0.11308,0.256311,0.882566,0.105425,0.0139342,0.0877758,0.118597,0.0682002,0.714473,0.370285,0.506705,0.016455,0.160072,0.0588627,0.242734,0.187207,0.412412,0.0702293,0.561339,0.103685,0.145651,0.101575,0.375555,0.294352,0.180374,0.253193,0.401594,0.249792,0.0355209,0.0986134,0.197391,0.409173,0.843821,0.300998,0.135,0.204306,0.303213,0.120298,0.212472,0.104177,0.105184,0.410581,0.402002,0.315461,0.134952,0.20166,0.0508094,0.184393,0.199381,0.126456,0.285809,0.0778634,0.350507,0.70094,0.0558282,0.00129051,0.0803309,0.0551696,0.20359,0.231142,0.309035,0.43811,0.348884,0.454621,0.22861,0.0498436,0.115963,0.133888,0.558624,0.218734,0.0848829,0.0822547
0.655086,0.516333,0.361017,0.612468,0.479515,0.669774,0.270533,0.0355971,0.61276,0.314363,0.349801,0.20771,0.386714,0.252948,0.185513,0.164631,0.17688,0.432551,0.531549,0.438333,0.365139,0.112989,0.293874,0.73491,0.373696,0.317331,0.392236,0.449417,0.351801,0.559378,0.464295,0.143533,0.125758,0.758945,0.945487,0.330043,0.207307,0.722066,0.294427,0.313427,0.624872,0.4193,0.230312,0.754965,0.355837,0.110815,0.265776,0.856804,0.694362,0.755851,0.60635,0.579547,0.583524,0.747298,0.201195,0.565367,0.178752,0.715435,0.714979,0.702282,0.646044,0.585994,0.120473,0.0422591,0.288657,0.455037,0.17556,0.498899,0.266674,0.475224,0.489122,0.30649,0.113919,0.250374,0.491227,0.357893,0.159766,0.0793596,0.0787245,0.32297,0.680951,0.20378,0.109907,0.2219,0.506003,0.20713,0.578273,0.0400654,0.526594,0.880747,0.247421,0.175928,0.0802882,0.464632,0.441157,0.168509,0.599966,0.328188,0.758945,0.945487,0.496371,0.125299,0.582726,0.0627581,0.192011,0.855438,0.654661,0.344158,0.598328,0.517734,0.823599,0.184379,0.55303,0.638091,0.442613,0.206995,0.57779,0.480013,0.165255,0.460718,0.612665,0.0967979,0.294729,0.432992,0.155649,0.64258,0.0320755,0.0603078,0.273447,0.192101,0.270653,0.555276,0.0930125,0.0600261,0.157552,0.275766,0.0259678,0.410771,0.747157,0.248574,0.413437,0.848793,0.678048,0.0760773,0.564259,0.0510487,0.692638,0.431271,0.579744,0.149103,0.147917,0.794363,0.0768637,0.552787,0.316914,0.34511,0.521341,0.675367,0.636078,0.267834,0.220927,0.537503,0.373755,0.373069,0.466047,0.0346428,0.725587,0.0138363,0.112651,0.0481458,0.454483,0.428752,0.420519,0.237863,0.502222,0.796022,0.111361,0.144383,0.487685,0.212424,0.570624,0.40578,0.194736,0.323675,0.333152,0.76143,0.127818,0.420484,0.570856,0.470644,0.465533,0.604125,0.460136,0.755087,0.425793,0.358236,0.603355,0.0871327,0.306672,0.301918,0.694526,0.217939,0.214137,0.531072,0.415224,0.665302,0.158743,0.21838,0.209591,0.43381,0.696419,0.102457,0.332605,0.122685,0.283416,0.125116,0.449231,0.281129,0.29,0.0578926,0.413871,0.471792,0.21594,0.560934,0.325217,0.412024,0.8731,0.232947,0.393948,0.316009,0.232426,0.177639,0.613403,0.982881,0.675536,0.0473121,0.471792,0.21594,0.242184,0.463679,0.758049,0.17563,0.561611,0.641582,0.517525,0.436108,0.314672,0.733011,0.366875,0.507844,0.131297,0.143284,0.451812,0.65216,0.447896,0.638784,0.204985,0.530547,0.174162,0.35288,0.229416,0.643405,0.33214,0.181594,0.527203,0.203363,0.342618,0.277119,0.472744,0.130074,0.47947,0.277555,0.473204,0.139544,0.284637,0.730379,0.247527,0.771239,0.231211,0.258145,0.130839,0.186093,0.270262,0.451812,0.65216,0.819201,0.755962,0.510285,0.160428,0.527627,0.214621,0.93216,0.808427,0.433418,0.20194,0.313248,0.456671,0.257142,0.251306,0.092455,0.3331,0.184032,0.372942,0.294134,0.123511,0.594258,0.274492,0.251538,0.084946,0.464869,0.232727,0.554164,0.206996,0.30776,0.0967005,0.451541,0.195827,0.1119,0.0907202,0.695091,0.550044,0.30721,0.21838,0.209591,0.248999,0.256444,0.0751439,0.467104,0.0833651,0.412089,0.0987467,0.0696328,0.291304,0.114166,0.171301,0.180513,0.116849,0.341686,0.262945,0.482156,0.351992,0.542655,0.618974,0.181011,0.481727,0.446291,0.525387,0.231998,0.333277,0.197296,0.71832,0.194801,0.560518,0.396184,0.268741,0.203687,0.202712,0.483318,0.16821,0.287156,0.0325421,0.0481561,0.0483681,0.0511058,0.202943,0.460136,0.755087,0.165038,0.102748,0.162592,0.150745,0.116763,0.880978,0.47612,0.441179,0.0616418,0.182638,0.244688,0.278734,0.299841,0.532502,0.0310093,0.426213,0.185911,0.033227,0.152958,0.372942,0.294134,0.401316,0.0998463,0.412208,0.209423,0.228195,0.177565,0.192107,0.28986,0.654531,0.183545,0.209613,0.405304,0.216643,0.191914,0.285157,0.341837,0.099421,0.269795,0.0161796,0.53428,0.069212,0.261528,0.118601,0.146884,0.263218,0.139835,0.307549,0.132906,0.288033,0.563812,0.187191,0.137579,0.460664,0.155845,0.489286,0.505307,0.399669,0.299259,0.380391,0.291284,0.187029,0.119377,0.360559,0.194123,0.481417,0.210035,0.216159,0.0427457
0.632025,0.511821,0.110772,0.653143,0.389194,0.213463,0.719541,0.104878,0.639561,0.36674,0.345607,0.207985,0.16246,0.326797,0.409224,0.391109,0.128,0.544906,0.529715,0.412991,0.451257,0.467611,0.195818,0.518855,0.625311,0.190788,0.63747,0.439544,0.509503,0.671691,0.608813,0.339132,0.19783,0.271829,0.277744,0.297894,0.182197,0.455962,0.29911,0.304637,0.440502,0.31706,0.175499,0.890885,0.3485,0.344134,0.729271,0.649348,0.584804,0.744633,0.370782,0.537893,0.601511,0.774351,0.366716,0.731537,0.24536,0.861934,0.438033,0.490764,0.560094,0.259074,0.414565,0.360023,0.520475,0.211988,0.47893,0.058128,0.324435,0.146666,0.721683,0.425925,0.0897382,0.242836,0.454157,0.567682,0.663904,0.207965,0.357717,0.100206,0.321656,0.317358,0.201288,0.205837,0.214453,0.306498,0.593307,0.128866,0.195955,0.342635,0.457246,0.153222,0.214075,0.33403,0.628515,0.373618,0.704018,0.051652,0.271829,0.277744,0.222187,0.201571,0.409058,0.163464,0.239478,0.543893,0.377973,0.262763,0.749871,0.67626,0.869987,0.462152,0.650582,0.468914,0.136443,0.353595,0.476835,0.210421,0.618179,0.174528,0.329796,0.216287,0.245238,0.477783,0.455425,0.827135,0.349961,0.11677,0.600078,0.371935,0,0.135482,0.240792,0.594566,0.106554,0.227189,0.582884,0.555812,0.337547,0.100719,0.388594,0.598604,0.614753,0.384266,0.555806,0.340287,0.520972,0.530055,0.396095,0.0108967,0.506668,0.340465,0.0940557,0.805392,0.104561,0.223908,0.281091,0.667833,0.664206,0.52976,0.225698,0.493376,0.739076,0.227658,0.323209,0.069711,0.480033,0.293933,0.559095,0.0997364,0.074561,0.405298,0.0159973,0.180404,0.220269,0.475586,0.296278,0.109151,0.395061,0.312861,0.371851,0.252972,0.246885,0.227721,0.272607,0.387742,0.305315,0.561682,0.434377,0.720775,0.195668,0.502304,0.287428,0.631877,0.555932,0.253021,0.541359,0.515756,0.188015,0.157721,0.0963338,0.0797549,0.159134,0.130216,0.627934,0.396402,0.226533,0.17925,0.238125,0.248937,0.504874,0.45521,0.179904,0.638388,0.114657,0.272757,0.434092,0.128944,0.100726,0.479567,0.437055,0.194686,0.13894,0.425676,0.442831,1,0.247426,0.0276711,0.415379,0.265764,0.286816,0.133281,0.269289,0.457808,0.268445,0.364923,0.194686,0.13894,0.256873,0.464869,0.808839,0.283871,0.350696,0.232089,0.557576,0.411058,0.227587,0.784522,0.243592,0.564931,0.2146,0.0709548,0.213789,0.344531,0.196089,0.698787,0.72692,0.569697,0,0.53216,0.184783,0.488686,0.797917,0.0661719,0.246898,0.0886098,0.220612,0.035416,0.268754,0.114027,0.525191,0.154473,0.108611,0.28694,0.138316,0.856972,0.359944,0.867276,0.176264,0.118665,0.0127643,0.170555,0.112442,0.213789,0.344531,0.74103,0.324653,0.28832,0.228488,0.392582,0.18896,0.582901,0.508858,0.219527,0.00486063,0.176858,0.481643,0.3267,0.143947,0.0942528,0.139512,0.150054,0.270924,0.257439,0.647625,0.8587,0.166423,0.279016,0.0766215,0.190149,0.171876,0.62924,0.159125,0.146408,0.214534,0.138987,0.615944,0.238259,0.28703,0.182741,0.61329,0.145515,0.17925,0.238125,0.135023,0.518398,0.782043,0.22953,0.0591927,0.142458,0.432582,0.0955562,0.0341559,0.101304,0.299148,0.0924177,0.716305,0.34555,0.0766099,0.196217,0.234101,0.744504,0.522607,0.209563,0.428547,0.368924,0.304119,0.0178432,0.121905,0.147323,0.365351,0.121045,0.841364,0.534851,0.00203049,0.102823,0.11025,0.177797,0.0674669,0.301386,0.183561,0.0788603,0.0472076,0.0240162,0.110083,0.287428,0.631877,0.032273,0.137606,0.124534,0.125468,0.102258,0.316915,0.354133,0.250784,0.0493123,0.155626,0.0870456,0.209132,0.238614,0.465746,0.0355686,0.398762,0.125306,0.170208,0.802351,0.270924,0.257439,0.213885,0.0801312,0.690359,0.135931,0.0993217,0.0846251,0.65197,0.0966921,0.83452,0.29707,0.124919,0.193433,0.765975,0.125673,0.0550938,0.144294,0.027352,0.105789,0.0611995,0.400466,0.0896291,0.0418502,0.080689,0.0884673,0.444004,0.264661,0.201384,0.102594,0.100481,0.36684,0.137757,0.0937193,0.123298,0.157317,0.306719,0.376429,0.359143,0.429366,0.661962,0.21671,0.123303,0.109461,0.110103,0.0464612,0.671851,0.0492027,0.052195,0.136021
0.662723,0.327531,0.501979,0.558278,0.582501,0.628962,0.572624,0.0284439,0.745146,0.449933,0.504208,0.237309,0.444065,0.42445,0.435201,0.299442,0.100617,0.502064,0.564865,0.681865,0.494674,0.518009,0.193436,0.4929,0.27641,0.298593,0.223227,0.22602,0.295528,0.396841,0.464906,0.244467,0.17254,0.468437,0.398092,0.392188,0.201838,0.592764,0.54472,0.580648,0.637727,0.554668,0.370204,0.856306,0.27937,0.320458,0.505078,0.613074,0.530831,0.635291,0.414106,0.493039,0.441082,0.659503,0.218574,0.595818,0.722835,0.797319,0.399893,0.565567,0.369841,0.204755,0.718573,0.656977,0.239727,0.274351,0.341701,0.632665,0.218715,0.376228,0.597654,0.382541,0.16272,0.402956,0.677441,0.534674,0.790547,0.137702,0.56637,0.471209,0.305074,0.932289,0.34792,0.258139,0.177338,0.140307,0.416522,0.100812,0.328164,0.313188,0.652376,0.155151,0.266422,0.241626,0.390095,0.476021,0.730002,0.384476,0.468437,0.398092,0.577793,0.448746,0.272203,0.0778397,0.231991,0.577403,0.490726,0.0934745,0.483524,0.474983,0.687826,0.55232,0.528355,0.443119,0.360166,0.420086,0.481743,0.275419,0.10875,0.543087,0.50914,0.223167,0.811533,0.25808,0.750797,0.728528,0.279184,0.042005,0.589248,0.0705182,0.296211,0.240636,0.115436,0.147107,0.145141,0.140719,0.806772,0.516292,0.217526,0.206081,0.371551,0.691146,0.548884,0.317913,0.369585,0.568764,0.490097,0.410772,0.57945,0.0494657,0.619131,0.383451,0.161897,0.665793,0.197063,0.204997,0.356934,0.651123,0.402028,0.127856,0.223877,0.57774,0.236863,0.201388,0.17528,0.118776,0.479758,0.591934,0.593614,0.116729,0.109637,0.292032,0.0499346,0.151653,0.387252,0.558527,0.495745,0.12182,0.427098,0.266416,0.411806,0.300399,0.276268,0.243326,0.235127,0.477954,0.213761,0.429182,0.241397,0.690099,0.255278,0.410203,0.313728,0.767618,0.172364,0.270543,0.55216,0.625503,0.0931648,0.149889,0.237371,0.143761,0.147172,0.153919,0.359399,0.639081,0.152077,0.152384,0.478454,0.409337,0.322055,0.455662,0.20037,0.602661,0.165612,0.118861,0.289241,0.106805,0.182878,0.612397,0.169994,0.623079,0.154285,0.410194,0.648608,0.260392,0.23196,0.0685559,0.336347,0.234083,0.337983,0.171043,0.369577,0.486945,0.577285,0.476081,0.623079,0.154285,0.190886,0.494911,0.833326,0.151046,0.359965,0.471498,0.614811,0.478974,0.215122,0.749614,0.314022,0.344687,0.263563,0.0528232,0.173237,0.353539,0.36214,0.520714,0.161113,0.529561,0.152959,0.307389,0.132506,0.260116,0.264184,0.103753,0.282884,0.0685617,0.275922,0.162629,0.187735,0.0880371,0.728436,0.10648,0.197359,0.399921,0.0910644,0.887108,0.237761,0.867416,0.215604,0.114508,0.144241,0.118531,0.00625129,0.173237,0.353539,0.680691,0.114635,0.172502,0.0908205,0.256923,0.0784882,0.609649,0.707693,0.195371,0.139215,0.154079,0.417843,0.462427,0.120598,0.155782,0.188896,0.264756,0.287869,0.392119,0.0487688,0.453562,0.129238,0.131573,0.0726704,0.289078,0.115214,0.284837,0.119947,0.218417,0.262433,0.0428671,0.165631,0.0561124,0.435592,0.311252,0.396422,0.182182,0.152384,0.478454,0.23747,0.776056,0.0714078,0.415457,0.0588132,0.112677,0.321855,0.269078,0.193134,0.122349,0.0995474,0.0729461,0.293588,0.254678,0.0977106,0.444768,0.285123,0.625305,0.339684,0.177803,0.459188,0.303927,0.260911,0.0604601,0.143802,0.229359,0.60041,0.173066,0.359162,0.270056,0.0273923,0.0793936,0.159313,0.223798,0.0891736,0.209207,0.18925,0.025932,0.0297927,0.0764455,0.0860937,0.313728,0.767618,0,0.0104729,0.115587,0.0995371,0.0337479,0.422791,0.22382,0.49791,0.0400039,0.156958,0.00585918,0.170394,0.140325,0.366761,0.0363768,0.485352,0.101133,0.235692,0.0387382,0.287869,0.392119,0.22807,0.305469,0.388943,0.329133,0.139017,0.0674102,0.166456,0.308552,0.845399,0.418332,0.201798,0.353323,0.57229,0.163514,0.105256,0.11371,0.0728907,0.36088,0.0705471,0.217547,0.0501535,0.23157,0.026386,0.0995731,0.186467,0.109558,0.593206,0.35253,0.185886,0.492781,0.0757158,0.0491287,0.130544,0.0650873,0.274994,0.194954,0.335137,0.400492,0.230976,0.599832,0.144656,0.0257868,0.170614,0.122522,0.561294,0.192543,0.0814618,0.0470503
0.592636,0.380146,0.182505,0.218651,0.213109,0.350396,0.0355973,0.06395,0.793478,0.170251,0.180951,0.153106,0.178708,0.317735,0.250653,0.305664,0.284267,0.603454,0.721633,0.649056,0.824393,0.362263,0.0633616,0.375024,0.223182,0.21795,0.439808,0.302591,0.202299,0.378549,0.239758,0.137511,0.11166,0.891903,0.414498,0.305841,0.18007,0.739776,0.224077,0.207437,1,0.274612,0.220816,0.732025,0.814338,0.544312,0.115012,0.717739,0.817329,0.786102,0.706514,0.672923,0.722478,0.93581,0.326236,0.737987,0.557718,0.787579,0.419262,0.789798,0.742389,0.577933,0.250417,0.337158,0.226479,0.11293,0.0415931,0.370978,0.227769,0.412161,0.714118,0.995121,1,0.393906,0.330596,0.585865,0.564748,0.0611699,0.369784,0.397329,0.347031,0.453489,0.216652,0.322705,0.143691,0.597784,0.430501,0.151429,0.543502,0.348332,0.556731,0.0771393,0.0804169,0.24767,0.248661,0.140242,0.410097,0.224595,0.891903,0.414498,0.345609,0.0756936,0.431803,0.0514941,0.350993,0.57365,0.586935,0.502691,0.701641,0.653597,0.513437,0.363219,0.484221,0.382033,0.113989,0.436146,0.444604,0.220456,0.247178,0.193141,0.468979,0.0943192,0.131338,0.248431,0.92286,0.703384,0.205921,0.0658258,0.441058,0.130875,0.247003,0.328629,0.083935,0.0790536,0.684778,0.103323,0.372827,0.752096,0.263315,0.252118,0.272019,0.742386,0.489979,0.388783,0.366028,0.340943,0.452138,0.424574,0.527,0.0636599,0.5704,0.572455,0.103336,0.686763,0.638498,0.0504998,0.570508,0.759419,0.385038,0.113519,0.0862305,0.646408,0.347399,0.0311948,0.150055,0.0955806,0.3401,0.423765,0.496558,0.469318,0.206163,0.23926,0.100635,0.222021,0.357984,0.358237,0.4741,0.15214,0.389117,0.12256,0.47209,0.171993,0.184165,0.17068,0.160373,0.104943,0.0340654,0.61422,0.412178,0.788002,0.134168,0.575471,0.364233,0.510155,0.228437,0.147735,0.370543,0.469281,0.129866,0.184543,0.0446396,0.0980415,1,0.235253,0.573116,0.720041,0.341214,0.159252,0.172224,0.313949,0.597248,0.524233,0.163545,0.42428,0.230618,0.0525575,0.299926,0.149971,0.659369,0.414055,0.254486,0.328751,0.500739,0.182655,0.406897,0.25533,0.393672,0.0373576,0.377755,0.230973,0.159395,0.396197,0.282669,0.483732,0.294114,0.366598,0.328751,0.500739,0.0964223,0.235404,0.841589,0.381339,0.392584,0.644523,0.530386,0.137963,0.187475,0.809937,0.264662,0.353022,0.0753377,0.0817536,0.299835,0.223446,0.133154,0.538049,0.165398,0.53089,0.142654,0.406971,0.12889,0.534115,0.158863,0.112966,0.236735,0.162974,0.254005,0.116239,0.0798122,0.189337,0.58331,0.213285,0.240235,0.444871,0.323595,0.797778,0.401203,0.835835,0.193617,0.147883,0.191394,0.170472,0.170002,0.299835,0.223446,0.722286,0.394435,0.207509,0.241138,0.465828,0.0365227,0.572917,0.672597,0.40492,0.181062,0.301588,0.575103,0.461792,0.199739,0.162966,0.150192,0.258961,0.346688,0.234353,0.0426346,0.467465,0.169026,0.213416,0.122999,0.250945,0.127266,0.491787,0.0993579,0.214959,0.351171,0.120497,0.122652,0.105569,0.215241,0.266984,0.567149,0.322913,0.159252,0.172224,0.0730888,0.465218,0.0485646,0.574432,0.306087,0.245355,0.107711,0.230246,0.212261,0.134413,0.16477,0.0803975,0.148205,0.514182,0.108841,0.640974,0.343773,0.788138,0.437233,0.358101,0.250325,0.282682,0.389896,0.155092,0.140549,0.235395,0.24198,0.205511,0.532097,0.265932,0.163795,0.268332,0.0815191,0.139278,0.125051,0.265073,0.207741,0.146337,0.188972,0.0924223,0.116847,0.364233,0.510155,0.138912,0.26377,0.152236,0.142578,0.231115,0.616053,0.284471,0.190083,0.113485,0.148308,0.165446,0.20517,0.0759132,0.517244,0.103856,0.350921,0.168971,0.224199,0.0770731,0.346688,0.234353,0.388955,0.283493,0.493727,0.330018,0.235064,0.185215,0.16881,0.116889,0.923706,0.973468,0.177863,0.158809,0.198136,0.138486,0.103018,0.328197,0.0938724,1,0.347551,0.179505,0.237727,0.133367,1,0.139187,0.217857,0.12691,0.266958,0.044977,0.248621,0.302919,0.203227,0.159484,0.754805,0.296069,0.48332,0.400295,0.416191,0.432008,0.160257,0.65197,0.239156,0.248908,0.143396,0.0681571,0.600194,0.104665,0.376898,0.182774
0.534858,0.56076,0.599934,0.35726,0.539578,0.0858895,0.613762,0.226563,0.703962,0.510769,0.587014,0.332027,0.420854,0.272199,0.212213,0.343556,0.198718,0.43977,0.449142,0.164407,0.456329,0.405363,0.202137,0.385314,0.372325,0.413305,0.599793,0.354813,0.443532,0.508765,0.555,0.62052,0.497839,0.34373,0.568733,0.316361,0.265205,0.107298,0.426786,0.518964,0.730794,0.623356,0.556705,0.471707,0.250787,0.348806,0.465441,0.363637,0.704615,0.754158,0.317639,0.404727,0.172712,0.514378,0.135651,0.57193,0.511194,0.739022,0.312729,0.648109,0.513469,0.344954,0.579714,0.443693,0.451265,0.232309,0.414748,0.515618,0.244193,0.433469,0.798313,0.44197,0.101986,0.698398,0.495214,0.556117,0.624157,0.0642885,0.442768,0.49983,0.301201,0.446184,0.318037,0.572835,0.312763,0.166138,0.409623,0.21243,0.547409,0.214075,0.74987,0.0764823,0.112838,0.31928,0.448331,0.345132,0.749858,0.376392,0.34373,0.568733,0.53193,0.24438,0.0962742,0.238356,0.154118,0.634002,0.463382,0.129771,0.468041,0.434484,0.167163,0.636576,0.632379,0.311879,0.163,0.260239,0.423814,0.337346,0.307043,0.458098,0.373367,0.356345,0.311447,0.892045,0.128699,0.631206,0.220945,0.140659,0.404308,0.252192,0.221835,0.400448,0.14077,0.21658,0.192533,0.172724,0.68115,0.372951,0.321292,0.137079,0.26726,0.568684,0.613463,0.12765,0.326945,0.443627,0.452398,0.400715,0.456154,0.06664,0.511742,0.280098,0.0294862,0.631431,0.407678,0.163218,0.565879,0.280275,0.456613,0.176978,0.820833,0.748224,0.439166,0.181232,0.531379,0.0846688,0.481763,0.344943,0.494918,0.151268,0,0.315551,0.0916169,0.145422,0.526129,0.464051,0.408371,0.190086,0.362939,0.182723,0.526371,0.279262,0.262377,0.2906,0.172678,0.429619,0.250668,0.499217,0.303969,0.53096,0.231679,0.429619,0.309667,0.735641,0.336986,0.203136,0.219308,0.516223,0.22641,0.228109,0.230167,0.115272,0.163931,0.0555619,0.167621,0.662041,0.363664,0.050224,0.207289,0.359465,0.635807,0.224791,0.211477,0.495723,0.124292,0.236883,0.351674,0.136767,0.125254,0.51155,0.268939,0.512505,0.168523,0.385941,0.507114,0.176451,0.526855,0.0547325,0.472057,0.227925,0.256925,0.138947,0.199028,0.331547,0.555482,0.395185,0.512505,0.168523,0.172001,0.292115,0.746841,0.0912474,0.387737,0.338087,0.725707,0.661487,0.234172,0.750729,0.134032,0.390376,0.248088,0.0546554,0.168807,0.327365,0.398334,0.650244,0.357311,0.524439,0.40134,0.343704,0.144983,0.423432,0.274793,0.0953068,0.229493,0.0494078,0.163007,0.0465469,0.00273652,0.0719242,0.753022,0.260961,0.0794907,0.415918,0.102485,0.8205,0.507823,0.925588,0.119626,0.0867947,0,0.136103,0.216028,0.168807,0.327365,0.71501,0.284279,0.0203262,0.280125,0.398669,0.174627,0.597827,0.681149,0.0828933,0.186037,0.130629,0.552852,0.583799,0.24008,0.118936,0.123898,0.156361,0.46272,0.160308,0.174533,0.562367,0.0804543,0.151473,0.0856515,0.130999,0.198074,0.694273,0.163906,0.22418,0.542067,0.0330935,0.270914,0.054448,0.282597,0.274538,0.622264,0.0950525,0.050224,0.207289,0.145612,0.592566,0.261454,0.457256,0.0336598,0.321273,0.125581,0.0670964,0.201624,0.283089,0.317912,0.117007,0.315269,0.195211,0.148204,0.478644,0.18797,0.565222,0.402189,0.253143,0.38524,0.273393,0.269823,0.218063,0.134758,0.252079,0.249051,0.310096,0.445391,0.399799,0.189762,0.14797,0.0514622,0.169574,0.201446,0.31083,0.0541463,0.166636,0.199218,0.184141,0.0856737,0.309667,0.735641,0.166118,0.124805,0.121286,0.131242,0.183498,0.611679,0.311874,0.332833,0.0331463,0.166938,0.148231,0.175306,0.230427,0.429008,0.0209846,0.434829,0.10775,0.288416,0.134002,0.46272,0.160308,0.138604,0.303945,0.295304,0.266417,0.189216,0.167499,0.511554,0.152114,0.808776,0.526051,0.121664,0.188793,0.0584952,0.0343224,0.140517,0.192953,0.0385265,0.618172,0.253931,0.20225,0.320529,0.22478,0.160195,0.117646,0.0862706,0.177269,0.221748,0.256736,0.100827,0.417439,0.183837,0.207463,0.267103,0.193886,0.280908,0.30591,0.203315,0.165656,0.102125,0.728027,0.180663,0.311201,0.119831,0.126653,0.581197,0.104698,0.241763,0.310647
0.640451,0.509849,0.52933,0.684499,0.6498,0.479285,0.17751,0.0765556,0.530857,0.163603,0.189084,0.130784,0.393044,0.139746,0.276554,0.026229,0.17298,0.54832,0.440201,0.48643,0.348177,0.43341,0.577611,0.420656,0.37546,0.273834,0.560758,0.280729,0.493212,0.445349,0.521885,0.313919,0.177531,0.136695,0.379872,0.34443,0.189772,0.313366,0.335028,0.383744,0.431775,0.586802,0.460875,0.702209,0.28124,0.144525,0.316604,0.409777,0.279635,0.332841,0.540422,0.394078,0.497479,0.530039,0.164763,0.589348,0.455891,0.748389,0.340759,0.76872,0.612337,0.461449,0.335744,0.156322,0.490464,0.164489,0.253426,0.485357,0.32469,0.334954,0.718973,0.394959,0.0856478,0.503721,0.838907,0.447411,0.528796,0.0893077,0.294915,0.605613,0.186418,0.404097,0.153009,0.224978,0.214877,0.361319,0.292378,0.099655,0.512596,0.132832,0.609658,0.147447,0.0564608,0.378789,0.320523,0.0537726,0.73984,0.272719,0.136695,0.379872,0.543406,0.29564,0.204898,0.0988748,0.159314,0.499882,0.244026,0.307387,0.403599,0.33144,0.395151,0.383122,0.64553,0.652027,0.163191,0.427697,0.726387,0.579732,0.0802492,0.488551,0.347149,0.404953,0.162711,0.417233,0.1733,0.638133,0.137091,0.092883,0.663379,0.159173,0.321556,0.442995,0.663531,0.188134,0.0593662,0.291381,0.366075,0.262249,0.32823,0.207811,0.406813,0.643303,0.598844,0.47522,0.388065,0.338958,0.501573,0.661546,0.334497,0.109105,0.361854,0,0.0568343,0.582625,0.269337,0.257519,0.600023,0.32608,0.464196,0.166051,0.348036,0.702741,0.300178,0.294815,0.493782,0.0674745,0.549241,0.239407,0.441558,0.183056,0.0932542,0.614679,0.00514373,0.187585,0.30861,0.696355,0.242463,0.165215,0.467626,0.243769,0.443887,0.562893,0.215356,0.433256,0.518483,0.518046,0.363561,0.440552,0.473071,0.402949,0.390865,0.54136,0.181786,0.744073,0.254833,0.498052,0.644964,0.40444,0.202892,0.296148,0.26164,0.147334,0.227128,0.171602,0.414093,0.533704,0.300641,0.138458,0.184304,0.478228,0.437237,0.505989,0.435119,0.38206,0.20733,0.372643,0.42565,0.0963522,0.215309,0.389462,0.25456,0.587951,0.185013,0.603202,0.487129,0.289643,0.301122,0.181483,0.319369,0.140009,0.186361,0.114534,0.37753,0.517712,0.320961,0.254499,0.587951,0.185013,0.25998,0.66101,0.895173,0.435218,0.36558,0.410481,0.644389,0.723447,0.346632,0.756651,0.39804,0.667518,0.274709,0.086256,0.0767033,0.572557,0.358345,0.545826,0.492236,0.529104,0.377378,0.346449,0.218631,0.316106,0.37343,0.146805,0.455885,0.17864,0.28587,0.170321,0.105843,0.109143,0.708966,0.415991,0.259287,0.352121,0.104536,0.848778,0.544225,0.875022,0.317699,0.186093,0.191124,0.159426,0.100138,0.0767033,0.572557,0.62333,0.198875,0.262067,0.171539,0.410214,0.300378,0.598712,0.509206,0.188374,0.346593,0.220767,0.463144,0.413666,0.172306,0.0872943,0.062181,0.0849579,0.14024,0.301261,0.0859534,0.701065,0.189173,0.222112,0.0947013,0.324529,0.23053,0.630128,0.300608,0.377906,0.323589,0.181978,0.210799,0.0763741,0.245433,0.576654,0.63991,0.142053,0.138458,0.184304,0.32723,0.562078,0.093689,0.311875,0.0730084,0.502245,0.079575,0.0553206,0.403401,0.150143,0.244766,0.102885,0.166808,0.228128,0.129421,0.314431,0.412792,0.491917,0.506342,0.261197,0.535315,0.621577,0.208671,0.140055,0.264601,0.202384,0.586736,0.121135,0.47092,0.332708,0.149573,0.164198,0.21264,0.302669,0.158415,0.596823,0.177314,0.139956,0.0984235,0.122186,0.150233,0.181786,0.744073,0.133183,0.12265,0.146508,0.20572,0.0921328,0.484227,0.457925,0.653333,0.0407648,0.162646,0.140748,0.194429,0.205808,0.347934,0.0627438,0.510848,0.242204,0.14631,0.143495,0.14024,0.301261,0.0920397,0.0779627,0.356935,0.24859,0.204935,0.143792,0.235442,0.400446,0.847497,0.364513,0.203199,0.44493,0.288793,0.162717,0.242512,0.21643,0.105672,0.424988,0.0619869,0.509947,0.0455042,0.375182,0.194521,0.154393,0.290888,0.209842,0.227768,0.216555,0.160542,0.476812,0.156058,0.0783064,0.437574,0.111885,0.219071,0.411518,0.27745,0.44973,0.327486,0.676128,0.180225,0.119775,0.333154,0.585229,0.546055,0.327913,0.159375,0.133537
0.70126,0.537792,0.471136,0.153461,0.626878,0.848297,0.56345,0.0661503,0.762986,0.303307,0.348993,0.335843,0.432859,0.315214,0.283758,0.381911,0.25819,0.274054,0.607324,0.589864,0.541644,0.488651,0.134593,0.570729,0.349444,0.582205,0.484531,0.653486,0.922528,0.848106,0.691035,0.165676,0.145524,0.324357,0.720937,0.363358,0.168634,0.536331,0.364465,0.309542,0.202876,0.476622,0.351371,0.3808,0.316788,0.274838,0.531551,0.470629,0.45586,0.70554,0.395306,0.294121,0.233508,0.625628,0.242499,0.476564,0.530638,0.809366,0.597493,0.757556,0.682045,0.423655,0.427878,0.304759,0.673127,0.392984,0.46544,0.935843,0.296805,0.53241,0.78721,0.598634,0.225684,0.568324,0.348714,0.521112,0.672975,0.0781005,0.281158,0.419186,0.425323,0.347275,0.317423,0.217067,0.405048,0.307891,0.473973,0.120207,0.487769,0.290253,0.570738,0.150058,0.0887465,0.567789,0.446548,0.396918,0.644642,0.517635,0.324357,0.720937,0.441282,0.686989,0.298783,0.0224693,0.17958,0.460863,0.551837,0.25562,0.462834,0.433386,0.707097,0.534443,0.765216,0.304145,0.179212,0.425628,0.285347,0.332646,0.248127,0.439752,0.769875,0.0812094,0.215116,0.364175,0.386381,0.642547,0.167501,0.201026,0.358919,0.119531,0.37486,0.334022,0.0971795,0.259717,0.0996614,0.144473,0.587559,0.715199,0.487083,0.251389,0.371635,0.685203,0.534482,0.610678,0.387399,0.378935,0.41318,0.447179,0.537777,0.187347,0.524496,0.531312,0.0811793,0.395475,0.292803,0.160562,0.533299,0.144753,0.318157,0.1992,0.149878,0.571226,0.458336,0.143619,0.302464,0.033233,0.486003,0.40437,0.475057,0.15542,0.134213,0.25573,0.155892,0.194141,0.582419,0.179295,0.329811,0.0147985,0.317933,0.12059,0.7506,0.24262,0.221844,0.159809,0.210065,0.298319,0.127968,0.515721,0.597341,0.708076,0.19305,0.397287,0.490503,0.58716,0.511903,0.244224,0.215337,0.386647,0.185184,0.230708,0.157882,0.142899,0.136824,0.146489,0.139301,0.792797,0.108068,0.214349,0.0591226,0.319951,0.586156,0.343046,0.223086,0.505532,0.200734,0.229345,0.41159,0.20071,0.270137,0.403418,0.450622,0.503885,0.443689,0.206008,0.455898,0.323624,0.460811,0.0674101,0.38964,0.207134,0.510394,0.259453,0.353449,0.451466,0.689803,0.272716,0.503885,0.443689,0.220494,0.268284,0.900542,0.347219,0.438033,0.603648,0.774854,0.169194,0.213214,0.845498,0.13961,0.441963,0.163789,0.122703,0.256806,0.258114,0.228802,0.549359,0.26366,0.537781,0.0908859,0.415139,0.228825,0.315973,0.168412,0.120504,0.298717,0.25016,0.27099,0.231081,0.179455,0.167899,0.498574,0.179662,0.249791,0.385083,0.190361,0.65541,0.421648,0.81906,0.230412,0.149427,0.116304,0.223877,0.102694,0.256806,0.258114,0.710882,0.47332,0.211607,0.338531,0.510573,0.185379,0.745826,0.709542,0.238675,0.243457,0.209571,0.459604,0.67657,0.201865,0.11532,0.20135,0.16899,0.329045,0.395848,0.0858456,0.50063,0.192081,0.214721,0.134502,0.292692,0.162672,0.498431,0.204629,0.24967,0.363222,0.15903,0.308591,0.0693868,0.159048,0.26922,0.63384,0.176506,0.214349,0.0591226,0.238048,0.451051,0.104757,0.505598,0.10783,0.273698,0.0429334,0.44491,0.242174,0.148339,0.290478,0.0753389,0.27143,0.263824,0.22463,0.310209,0.285322,0.567473,0.42849,0.259201,0.417998,0.333596,0.466003,0.210478,0.25272,0.168076,0.229692,0.143386,0.55193,0.286648,0.0826443,0.136139,0.177904,0.295009,0.142452,0.439566,0.422987,0.119816,0.0742416,0.0991265,0.113097,0.490503,0.58716,0.164523,0.0961197,0.144583,0.186382,0.136356,0.3499,0.295922,0.466531,0.0757647,0.198024,0.167099,0.208497,0.208177,0.0712403,0.0271524,0.489086,0.199656,0.114625,0.137977,0.329045,0.395848,0.370786,0.251165,0.727111,0.215471,0.19125,0.16255,0.253517,0.175334,0.862925,0.471384,0.120196,0.215049,0.864495,0.150553,0.185365,0.301416,0.0882407,0.587767,0.0621906,0.280886,0.214396,0.201401,0.104624,0.121785,0.136855,0.125427,0.126226,0.176649,0.186306,0.439341,0.169088,0.137437,0.184503,0.184158,0.334056,0.347589,0.476161,0.345343,0.116708,0.741822,0.149525,0.111079,0.206328,0.19987,0.0873744,0.133799,0.138946,0.290076
0.637866,0.539358,0.533067,0.634289,0.601393,0.628125,0.240211,0.0688384,0.603162,0.0708142,0.0643379,0.180947,0.469359,0.0978097,0.17216,0.209637,0.08594,0.530291,0.31588,0.160612,0.458667,0.420016,0.420482,0.429788,0.562949,0.228048,0.472512,0.410691,0.391623,0.41015,0.49236,0.177918,0.119598,0.309711,0.564912,0.336294,0.124311,0,0.473217,0.47541,0.455177,0.624638,0.427543,0.654421,0.370615,0.026827,0.232055,0.280037,0.398865,0.521703,0.739426,0.415687,0.185899,0.52243,0.149753,0.556503,0.378055,0.506904,0.457906,0.461973,0.449625,0.175595,0.237719,0.163349,0.235626,0.129661,0.167515,0.619837,0.18276,0.219822,0.674243,0.247585,0.0254483,0.297555,0.720252,0.585885,0.315052,0.068511,0.187509,0.309637,0.375138,0.338305,0.170436,0.0780129,0.0816675,0.373265,0.465699,0.0442995,0.729392,0.170728,0.628111,0.122894,0.155169,0.272138,0,0.144382,0.769234,0.435191,0.309711,0.564912,0.608912,0.254672,0.0269459,0.0643621,0.176898,0.623226,0.269165,0.151488,0.326802,0.477203,0.556286,0.31004,0.704438,0.612596,0.234082,0.183956,0.836081,0.581856,0.129715,0.619429,0.529966,0.324635,0.0873505,0.910299,0.365846,0.314502,0.144639,0.0673333,0.241177,0.20852,0.193431,0.622463,0.39925,0.155869,0.143195,0.303544,0.2962,0.331312,0.266239,0.186205,0.38865,0.722629,0.804151,0.110799,0.503897,0.178706,0.525642,0.589382,0.701271,0.126603,0.382012,0.340162,0.0297667,0.74558,0.235759,0.392581,0.689704,0.312864,0.680355,0.192345,1,0.178181,0.422313,0.343827,0.625319,0.0950573,0.651578,0.122785,0.280274,0.117986,0.045392,0.638694,0.137704,0.207052,0.45557,0.703432,0.184137,0.400625,0.4802,0.297734,0.348543,0.506974,0.306858,0.454503,0.511536,0.507046,0.338539,0.447829,0.468986,0.493005,0.41335,0.632514,0.252751,0.821172,0.467243,0.443813,0.665946,0.308862,0.106956,0.226694,0.33751,0.114316,0.121234,0.109724,0.211868,0.481453,0.342685,0.159952,0.167381,0.487297,0.667822,0.262712,0.492285,0.197581,0.232305,0.436759,0.578373,0.0897236,0.265091,0.278418,0.352961,0.781826,0.153474,0.577443,0.568543,0.308517,0.438941,0.174746,0.348613,0.267253,0.166133,0.199245,0.336561,0.653388,0.229898,0.237347,0.781826,0.153474,0.19987,0.612928,0.840974,0.135808,0.376171,0.317892,0.601553,0.960124,0.538332,0.698615,0.684142,0.58502,0.511721,0.0704415,0.144346,0.468693,0.673409,0.56511,0.43023,0.534233,0.377177,0.306498,0.223757,0.496511,0.388301,0.201323,0.580988,0.175533,0.24963,0.0810223,0.141394,0.064951,0.87415,0.51628,0.251271,0.395721,0.119005,0.878381,0.300604,0.88972,0.267436,0.110587,0.156935,0.217793,0.0602443,0.144346,0.468693,0.582774,0.0864998,0.342458,0.0986186,0.364655,0.309607,0.624043,0.673212,0.11721,0.212858,0.25196,0.442903,0.570171,0.176842,0.291364,0.138703,0.0822689,0.39426,0.292599,0.122724,0.501341,0.144473,0.213152,0.092704,0.323898,0.220217,0.508607,0.279861,0.359421,0.274875,0.0962043,0.37738,0.0914966,0.201369,0.475745,0.599623,0.158503,0.159952,0.167381,0.340904,0.456251,0.123727,0.597108,0.0683195,0.403245,0.119757,0.0735216,0.453124,0.187376,0.23823,0.133248,0.220424,0.186342,0.205188,0.0653295,0.387953,0.595791,0.684894,0.0691298,0.619034,0.355004,0.264536,0.218931,0.233482,0.396962,0.549405,0.0896289,0.727469,0.781781,0.132494,0.0425652,0.24066,0.276558,0.0983568,0.222677,0.485599,0.113746,0.0617479,0.123681,0.136938,0.252751,0.821172,0.137322,0.0924255,0.113017,0.156328,0.0359275,0.985733,0.468969,0.678091,0.0272597,0.192581,0.217037,0.224771,0.498321,0.628669,0.03139,0.41412,0.152966,0.0764784,0.22939,0.39426,0.292599,0.250465,0.0845726,0.402304,0.227906,0.167705,0.146752,0.40476,0.423096,0.828014,0.710352,0.181994,0.417318,0.389558,0.137718,0.223079,0.156579,0.0784549,0.706026,0.0247412,0.365266,0.108755,0.404786,0.204824,0.134022,0.248904,0.173474,0.228752,0.188631,0.187062,0.746129,0.086531,0.0495214,0.498823,0.0667649,0.206957,0.471958,0.358861,0.653646,0.397093,0.42891,0.15703,0.0252847,0.283064,0.245315,0.805877,0.335172,0.0963925,0.356011
0.527826,0.666703,0.244217,0.391764,0.372132,0.367806,0.761079,0.0454689,0.872939,0.667456,0.758045,0.614041,0.276669,0.728976,0.442491,0.532159,0.238087,0.415005,0.390992,0.430474,0.379365,0.535308,0.199317,0.236552,0.213107,0.106019,0.543542,0.543092,0.508618,0.637306,0.526136,0.257473,0.16187,0.239648,0.403047,0.141971,0.0771343,0.200076,0.271188,0.292607,0.470679,0.337844,0.212221,0.293198,0.23932,0.72914,0.655462,0.558975,0.435684,0.572452,0.437024,0.50572,0.692521,0.590375,0.27531,0.594825,0.502665,0.90324,0.435085,0.804429,0.749999,0.458522,0.814313,0.600621,0.435795,0.57369,0.673665,0.344492,0.163158,0.536596,0.698916,0.468208,0.22804,0.387406,0.550297,0.472917,0.704185,0.218563,0.411238,0.194529,0.292577,0.180097,0.363817,0.162257,0.323525,0.236174,0.5183,0.129483,0.448093,0.349522,0.437751,0.199226,0.162212,0.271786,0.550369,0.619443,0.701249,0.0555144,0.239648,0.403047,0.345064,0.346927,0.412171,0.0896614,0.279853,0.604571,0.740877,0.0611787,0.720369,0.56095,0.430731,0.701892,0.657996,0.452694,0.117802,0.280742,0.373021,0.352981,0.188314,0.399026,0.571028,0.167266,0.645831,0.379675,0.305405,0.891642,0.319328,0.045998,0.352828,0.0681122,0.0993509,0.294552,0.132997,0.0753895,0.139605,0.210476,0.466029,0.326498,0.542935,0.0907012,0.417578,0.754532,0.533233,0.089498,0.718711,0.251809,0.448834,0.686323,0.511472,0.0374965,0.596158,0.681891,0.105529,0.596625,0.453471,0.201148,0.53484,0.340063,0.571014,0.067026,0.265617,0.548373,0.211201,0.142711,0.310706,0.0796884,0.636761,0.356957,0.56414,0.117476,0.0622123,0.334201,0.0133864,0.127946,0.485288,0.4744,0.345615,0.0734419,0.558527,0.335087,0.51169,0.40824,0.258137,0.287555,0.422309,0.646613,0.105759,0.373587,0.577474,0.489908,0.358203,0.545429,0.253371,0.808126,0.0751072,0.387979,0.610638,0.446171,0.0103306,0.261334,0.159177,0.0556197,0.366494,0.18963,0.650848,0.503342,0.304828,0.142323,0.314343,0.624909,0.567727,0.251301,0.288015,0.548167,0.170581,0.312128,0.531653,0.0458038,0.219704,0.482377,0.0264279,0.328458,0.194483,0.408692,0.44828,0.265271,0.492383,0.0787625,0.351471,0.318393,0.0747946,0.226407,0.286444,0.701685,0.670766,0.252514,0.328458,0.194483,0.0347399,0.506503,0.787947,0.0850961,0.618913,0.267406,0.903441,0.239959,0.332139,0.944345,0.360456,0.665466,0.462211,0.0213257,0.154181,0.296235,0.291282,0.500324,0.279335,0.517421,0.300956,0.479958,0.123205,0.286684,0.26369,0.135214,0.654374,0.0301269,0.251668,0.0479141,0.0498172,0.101192,0.652831,0.0544244,0.12791,0.427593,0.18436,0.805138,0.463168,0.915167,0.155291,0.0525761,0.103585,0.107731,0.0644305,0.154181,0.296235,0.700912,0.353718,0.437996,0.112379,0.389465,0.122406,0.816309,0.716027,0.189546,0.135272,0.162383,0.410571,0.532789,0,0.0690572,0.0759839,0.324503,0.433158,0.337093,0.00443146,0.842435,0.100189,0.0764071,0.0392889,0.236373,0.0931203,0.580666,0.255513,0.272647,0.195073,0.00828168,0.170762,0.0135975,0.311409,0.652099,0.770207,0.174607,0.142323,0.314343,0.155338,0.739471,0.0340063,0.538812,0.0528084,0.0948239,0.253042,0.0979357,0.200821,0.137343,0.00809325,0.0555484,0.198159,0.287049,0.115542,0.419443,0.50359,0.643,0.520812,0.238397,0.519775,0.385992,0.100666,0.105972,0.0813303,0.175717,0.680149,0.125478,0.333963,0.342167,0.0434183,0.0552386,0.108632,0.277496,0.0358408,0.244767,0.0824136,0.0535193,0.00963189,0.0845953,0.0684808,0.253371,0.808126,0.090611,0.0370966,0.0541004,0.0966279,0.0147906,0.279889,0.324348,0.384371,0.0634291,0.066788,0.0274369,0.019925,0.159357,0.25539,0.070363,0.363603,0.119831,0.0797368,0.0903479,0.433158,0.337093,0.199599,0.0841035,0.367197,0.234602,0,0.0507697,0.123642,0.345486,0.809392,0.451685,0.176582,0.339587,0.188457,0.076086,0.259834,0.0911073,0.0651542,0.400795,0.177961,0.324657,0.12641,0.382663,0.0486366,0.0728568,0.122629,0.0910246,0.352507,0.177952,0.18058,0.519646,0.0263112,0.0233418,0.0893351,0.00440986,0.206314,0.273938,0.288036,0.352846,0.320364,0.651129,0.154258,0,0.105421,0.108412,0.416452,0.196255,0,0.0712675
0.482822,0.401998,0.384403,0.448013,0.45623,0.655514,0.144783,0.0743878,0.58091,0.0127403,0,0.196353,0.277049,0.19493,0.169549,0.0555008,0.212269,0.775678,0.788305,0.674752,0.748266,0.373858,0.295575,1,0.282643,0.340792,0.746673,0.167976,0.0484515,0.426496,0.300585,0.125008,0.108094,0.346847,0.474247,0.229382,0.118686,0.905755,0.34703,0.346171,0.557342,0.537458,0.411994,0.749002,0.256323,0.163688,0.0536753,0.413566,0.596245,0.722886,0.821864,0.566895,0.225348,0.626244,0.214032,0.591888,0.469377,0.785946,0.28136,0.495247,0.535247,0.483171,0.212613,0.158955,0.336687,0.168453,0.0948688,0.405321,0.170891,0.334602,0.853662,0.839671,0.847699,0.436521,0.573056,0.496703,0.38499,0.0526843,0.223582,0.367205,0.397557,0.256304,0.103351,0.219683,0.137815,1,0.572773,0.0746008,0.781488,0.143163,0.620517,0.075961,0.134978,0.504747,0.328017,0.181917,0.619536,0.195725,0.346847,0.474247,0.392569,0.131976,0.112711,0.0488911,0.223444,0.639998,0.400289,0.625624,0.57805,0.541544,0.585307,0.226003,0.7711,0.466381,0.21476,0.385662,0.510304,0.393105,0.124334,0.554955,0.337287,0.397596,0.345595,0.358046,0.140051,0.715725,0.126876,0.0790138,0.498251,0.150617,0.315426,0.592602,0.317871,0.0956339,0.105266,0.268858,0.162855,0.23383,0.426081,0.132632,0.339013,0.615121,0.570596,0.150884,0.643584,0.22573,0.491638,0.708578,0.835079,0.0771578,0.356277,0.576104,0.0248252,0.738379,0.47661,0.327552,0.697021,0.684287,0.510014,0.0887255,0.284921,0.486389,0.262683,0.308168,0.243577,0.0425047,0.582744,0.140606,0.253314,0.125792,0.342921,0.425479,0.0835945,0.535417,0.394967,0.55255,0.226283,0.175099,0.464135,0.327892,0.234832,0.519631,0.245007,0.270985,0.498373,0.469037,0.288118,0.377199,0.4217,0.37725,0.173027,0.575618,0.386542,0.497501,0.103398,0.316915,0.486899,0.346691,0.134819,0.303827,0.180848,0.124996,0.0751167,0.335687,0.302905,0.643039,0.208067,0.163585,0.153326,0.551295,0.748892,0.23833,0.374233,0.603438,0.23287,0.407412,0.462325,0.151508,0.284631,0.285836,0.307037,0.633187,0.353796,0.353386,0.464199,0.290629,0.357541,0.1275,0.462708,0.247847,0.580143,0.226791,0.336191,0.680262,0.489013,0.22979,0.633187,0.353796,0.206096,0.40966,0.840078,0.809647,0.803703,0.401028,0.584491,0.475355,0.221835,0.731156,0.476355,0.441778,0.359444,0.055144,0.223241,0.318991,0.349328,0.502898,0.450093,0.514594,0.251482,0.633582,0.128364,0.418149,0.296488,0.148122,0.438807,0.0928061,0.23733,0.0635259,0.118164,0.274458,0.678011,0.241115,0.189978,0.188015,0.249444,0.881556,0.372073,0.846772,0.135639,0.132663,0.305948,0.11898,0.128989,0.223241,0.318991,0.637335,0.327177,0.30114,0.422155,0.636682,0.273508,0.867522,0.649653,0.30932,0.252286,0.22711,0.435058,0.680672,0.160618,0.124038,0.0543866,0.10156,0.53129,0.188054,0.0856978,0.467537,0.107092,0.169866,0.0666965,0.218213,0.261008,0.773853,0.247154,0.194905,0.187326,0.0924581,0.202304,0.0590673,0.179959,0.283605,0.812631,0.190162,0.163585,0.153326,0.281435,0.460248,0.0808548,0.681939,0.00909508,0.381166,0.0787415,0.131245,0.419581,0.185544,0.256251,0.0432335,0.145618,0.31508,0.104816,0.50875,0.410481,0.770292,0.414671,0.468779,0.261659,0.329345,0.382338,0.0823425,0.321654,0.196301,0.347464,0.15689,0.443288,0.310586,0.127468,0.117924,0.15156,0.335263,0.130113,0.262121,0.114683,0.210746,0.080061,0.124042,0.0802656,0.386542,0.497501,0.0758312,0.0909455,0.119013,0.0931694,0.0576784,0.21186,0.351155,0.406917,0.118666,0.0959278,0.140742,0.205978,0.151754,0.212659,1,0.494473,0.120165,0.122946,0.188197,0.53129,0.188054,0.396014,0.159874,0.708986,0.178344,0.125475,0.154771,0.201437,0.271496,0.85068,0.264866,0.139873,0.31922,0.335483,0.0911027,0.224773,0.184691,1,0.268809,0.0567302,0.295959,0.258297,0.34918,0.146324,0.121329,0.0944603,0.120414,0.237567,0.0928226,0.154017,0.301196,0.153234,0.0723644,0.344791,0.0649279,0.294819,0.408523,0.710521,0.387818,0.232509,0.463587,0.18551,0.07357,0.112245,0.195718,0.416493,0.269457,0.119755,0.102001
0.44463,0.492295,0.539972,0.428409,0.749958,0.696318,0.557737,0.0699666,0.587779,0.181012,0.272551,0.276517,0.43627,0.368431,0.496286,0.416889,0.365667,0.661283,0.462744,0.294169,0.565337,0.38211,0.436893,0.476251,0.262194,0.260621,0.477716,0.365483,0.547145,0.500172,0.461559,0.286475,0.190799,0.365983,0.397228,0.455573,0.186553,0.450441,0.355404,0.308148,0.320477,0.524037,0.392326,0.670278,0.456121,0.355489,0.584884,0.653317,0.239282,0.489505,0.656789,0.410859,0.916602,0.886429,0.23334,0.501912,0.557174,0.786311,0.710256,0.517626,0.378623,0.227821,0.452652,0.24466,0.279489,0.375524,0.532776,0.449729,0.379693,0.552809,0.670966,0.404049,0.100717,0.572877,0.657674,0.5172,0.683888,0.0882765,0.300417,0.438383,0.361197,0.401874,0.316179,0.250661,0.161661,0.432003,0.261526,0.168552,0.41229,0.254808,0.453475,0.268387,0.0934485,0.37575,0.439811,0.735538,0.481569,0.366779,0.365983,0.397228,0.543055,0.255357,0.509358,0.0408703,0.0479463,0.403409,0.349021,0.416482,0.483123,0.33552,0.574129,0.614451,0.634612,0.47612,0.152451,0.364175,0.416956,0.3543,0.23314,0.597272,0.582087,0.424808,0.288952,0.427137,0.310826,0.62306,0.172903,0.0793004,0.23498,0.114705,0.242667,0.30062,0.28771,0.154912,0.176936,0.263933,0.488384,0.450524,0.450725,0.202237,0.478315,0.830771,0.595397,0.200167,0.250055,0.379514,0.500778,0.408898,0.359841,0.131047,0.512073,0.487099,0.092386,0.399682,0.48925,0.288645,0.467029,0.258585,0.43155,0.22955,0.377079,0.424055,0.265158,0.232598,0.434093,0.0920511,0.561024,0.293646,0.431395,0.168872,0.215556,0.463579,0.0211709,0.157409,0.534787,0.338669,0.298114,0.096026,0.468923,0.211845,0.669545,0.431917,0.257513,0.309026,0.490096,0.610583,0.361581,0.429993,0.423872,0.531514,0.277027,0.476143,0.520585,0.896993,0.477659,0.351878,0.576655,0.442886,0.127667,0.286178,0.217488,0.152184,0.182776,0.247356,0.564034,0.625925,0.456653,0.162217,0.0980423,0.46001,0.486282,0.0655843,0.333954,0.391597,0.285898,0.419843,0.467748,0.0333371,0.314938,0.419466,0.360785,0.576842,0.273334,0.586679,0.542697,0.390006,0.510401,0.150968,0.317385,0.244248,0.309676,0.303967,0.484295,0.661271,0.605963,0.310777,0.576842,0.273334,0.225918,0.557512,0.841076,0.0868624,0.434288,0.541478,0.784361,0.486017,0.262399,0.823994,0.381782,0.47958,0.400752,0.113603,0.166363,0.349062,0.389084,0.53384,0.285748,0.534405,0.338051,0.427421,0.217303,0.446949,0.322571,0.140134,0.451742,0.174323,0.404498,0.180762,0.14274,0.085314,0.620219,0.161075,0.223321,0.457642,0.216109,0.659947,0.227124,0.829276,0.353306,0.216447,0.255865,0.224891,0.0780508,0.166363,0.349062,0.70658,0.491134,0.207126,0.165404,0.355921,0.367791,0.768183,0.803783,0.275416,0.333899,0.252567,0.438404,0.566492,0.196894,0.0973971,0.159394,0.268849,0.276027,0.281008,0.0255318,0.530314,0.181258,0.134534,0.0788707,0.487891,0.108176,0.550666,0.198917,0.282199,0.319714,0.203271,0.158629,0.104256,0.188329,0.447543,0.514235,0.187805,0.162217,0.0980423,0.421485,0.481438,0.0504787,0.461719,0.0675593,0.18668,0.0792694,0.119197,0.387955,0.150541,0.22688,0.105319,0.204313,0.256929,0.155616,0.303073,0.436645,0.49308,0.638896,0.227739,0.459766,0.380006,0.353817,0.171635,0.127533,0.31404,0.398326,0.164625,0.422585,0.416657,0.071077,0.0825525,0.259063,0.505278,0.115943,0.212531,0.164023,0.131396,0.0516372,0.114099,0.169482,0.520585,0.896993,0.101589,0.0611381,0.0937335,0.212012,0.049781,0.78895,0.309885,0.549345,0.0483257,0.157733,0.119707,0.268855,0.247162,0.360085,0.0457093,0.50095,0.236666,0.100516,0.0869674,0.276027,0.281008,0.353818,0.239124,0.625825,0.20994,0.0742142,0.13364,0.217711,0.400522,0.857494,0.376926,0.0978326,0.434875,0.188971,0.200121,0.289721,0.205972,0.122574,0.558296,0.0726148,0.552172,0.113628,0.483436,0.0618832,0.117465,0.260504,0.176624,0.171223,0.28252,0.260758,0.438453,0.116243,0.0639578,0.160559,0.0929327,0.289109,0.464315,0.39069,0.435129,0.184155,0.722472,0.215785,0.100754,0.257755,0.233138,0.554517,0.334234,0.108649,0.144942
0.417967,0.563951,0.510577,0.180829,0.517269,0.797921,0.682387,0.0815195,0.660715,0.663535,0.68608,0.374099,0.429003,0.595103,0.732057,0.597161,0.256419,0.540941,0.545099,0.456702,0.246402,0.470325,0.120995,0.406921,0.267655,0.447893,0.41998,0.49926,0.688029,0.613715,0.603226,0.544827,0.315344,0.379424,0.534879,0.382395,0.32696,0.384038,0.439672,0.426941,0.294689,0.573906,0.514428,0.483534,0.139901,0.562683,0.607357,0.39189,0.446509,0.515359,0.392867,0.265678,0.679247,0.568114,0.829208,0.338593,0.621071,0.756695,0.344773,0.61148,0.607183,0.406235,0.503172,0.548124,0.593493,0.402993,0.660565,0.510196,0.382957,0.555149,0.602358,0.417091,0.0969052,0.553769,0.234274,0.622378,0.639874,0.191422,0.443178,0.1706,0.433825,0.306954,0.38405,0.224995,0.259027,0.257241,0.318262,0.183987,0.39881,0.30706,0.729195,0.308775,0.290072,0.359125,0.462029,0.554773,0.724032,0.321227,0.379424,0.534879,0.537631,0.466817,0.384421,0.335709,0.24385,0.591394,0.428589,0.237124,0.630438,0.382056,0.0806152,0.522606,0.515105,0.256032,0.117722,0.38776,0.333775,0.182008,0.323068,0.391295,0.264252,0.0376279,0.584521,0.263671,0.316401,0.685737,0.268848,0.133326,0.528115,0.142627,0.273018,0.294709,0.0155251,0.193818,0.0162227,0.149343,0.469299,0.369206,0.430488,0.266407,0.342934,0.811128,0.475961,0.397573,0.473525,0.335493,0.542587,0.437906,0.471706,0.128815,0.446133,0.52102,0.369613,0.666536,0.385395,0.0274557,0.411613,0.492407,0.314672,0.202829,0.0855507,0.490081,0.349774,0.0257154,0.1886,0.445599,0.420315,0.370302,0.364881,0.0630451,0.201941,0.207559,0.0247355,0.177091,0.658754,0.388609,0.390758,0.122309,0.353902,0.126661,0.613539,0.24568,0.246171,0.182292,0.233922,0.346228,0.0920106,0.431796,0.614668,0.497172,0.212777,0.508794,0.454499,0.580874,0.208742,0.161265,0.353853,0.401282,0.231473,0.228184,0.0866853,0.198454,0.405003,0.211851,0.483385,0.416887,0.239033,0.188852,0.264846,0.358445,0.329535,0.37619,0.209092,0.550904,0.254316,0.281392,0.194173,0.190032,0.204085,0.421254,0.280266,0.480531,0.264419,0.143613,0.4059,0.313953,0.406543,0.129312,0.409806,0.21015,0.400415,0.211802,0.259708,0.499103,0.532277,0.316195,0.480531,0.264419,0.191608,0.236073,0.826672,0.460845,0.593986,0.450987,0.563062,0.101439,0.192468,0.802044,0.260375,0.59368,0.246693,0.089351,0.136782,0.217573,0.119832,0.538095,0.17743,0.534256,0.216775,0.353237,0.175188,0.468112,0.175522,0.108196,0.270718,0.211677,0.268257,0.135641,0.12387,0.100478,0.685745,0.156949,0.13715,0.38084,0.214645,0.854106,0.546751,0.908023,0.109555,0.0704232,0.108361,0.158985,0.140938,0.136782,0.217573,0.774155,0.404459,0.247787,0.179326,0.379934,0.0269815,0.6845,0.737681,0.291761,0.157377,0.263191,0.447277,0.66625,0.293663,0.197472,0.197387,0.205765,0.613608,0.430303,0.0774463,0.49129,0.21092,0.209923,0.140252,0.371305,0.200046,0.521397,0.258775,0.215941,0.226497,0.212091,0.165618,0.0762393,0.294947,0.389126,0.553055,0.261063,0.188852,0.264846,0.127269,0.482328,0.0952533,0.557498,0.0962471,0.31532,0.302338,0.100529,0.239013,0.147696,0.267593,0.071587,0.224627,0.378808,0.156578,0.680787,0.262655,0.638293,0.415493,0.267715,0.194422,0.25693,0.273086,0.179805,0.236089,0.195157,0.346817,0.237045,0.361032,0.275152,0.146607,0.185132,0.148596,0.237033,0.131861,0.616779,0.251119,0.189647,0.074936,0.092997,0.116041,0.454499,0.580874,0.190266,0.135881,0.109774,0.143227,0.186171,0.18018,0.296824,0.364037,0.0611827,0.172966,0.203107,0.150142,0.0795792,0.231421,0.0653067,0.392906,0.133649,0.178063,0.122133,0.613608,0.430303,0.273829,0.146177,0.507739,0.219276,0.17064,0.170637,0.184983,0.085458,0.817104,0.133394,0.185245,0.336486,0.326466,0.129133,0.146647,0.196643,0.0946131,0.144565,0.0507374,0.318845,0.180521,0.152911,0.109638,0.206865,0.238663,0.138409,0.331272,0.240009,0.199108,0.333476,0.139868,0.136194,0.276137,0.175606,0.398191,0.498081,0.390745,0.292851,0.257104,0.41494,0.217129,0.144227,0.147875,0.0759246,0.421133,0.148185,0.128885,0.269186
0.673891,0.483565,0.508304,0.33106,0.535193,0.43884,0.155838,0.27464,0.639145,0.240877,0.265785,0.108267,0.430893,0.329428,0.394625,0.237356,0.348395,0.630458,0.769545,0.661887,0.665546,0.420429,0.0834237,0.589367,0.413993,0.535109,0.23524,0.497733,0.580807,0.652933,0.522949,0.269349,0.171898,0.627525,0.651434,0.34824,0.22058,0.63185,0.271959,0.27913,0.671395,0.547749,0.449605,0.877194,0.280726,0.265088,0.189531,0.776774,0.935309,0.871698,0.659268,0.704979,0.408286,0.774822,0.152778,0.91835,0.308847,0.950965,0.619452,0.708445,0.753367,0.761929,0.364182,0.297052,0.356187,0.254991,0.164518,1,0.497347,0.487601,0.842188,0.573669,0.140024,0.590274,0.370199,0.524208,0.29495,0.0300516,0.245959,0.710931,0.396775,0.219071,0.111968,0.223193,0.368913,0.226667,0.66086,0.135364,0.258783,0.375741,0.320001,0.126581,0.403059,0.234277,0.459827,0.268686,0.689747,0.284364,0.627525,0.651434,0.483639,0.442395,0.244699,0.138913,0.199217,0.642364,0.466271,0.462426,0.640895,0.466009,0.675858,0.349291,0.74531,0.276537,0.896744,0.433836,0.151998,0.147609,0.223156,0.495658,0.483662,0.252325,0,0.527242,0.281962,0.731491,0.0850984,0.128573,0.715894,0.411233,0.237698,0.270493,0.0447438,0.371135,0.245211,0.157726,0.408036,0.557165,0.243934,0.149161,0.255268,0.236533,0.638332,1,0.362686,0.262345,0.675111,0.552393,0.304628,0.213972,0.172932,0.523218,0.0807356,0.595967,0.268857,0.223463,0.216369,0.541123,0.260661,0.508414,0.246265,0.75053,0.481007,0.277941,0.438594,0.0876943,0.516864,0.237671,0.251065,0.1335,0.372575,0.174796,0.0258926,0.281903,0.913782,0.159593,0.254783,0.277173,0.236171,0.085321,0.521064,0.313482,0.294467,0.174605,0.226588,0.540442,0.185024,0.616087,0.423342,0.676567,0.177212,0.291795,0.59192,0.530668,0.515409,0.132066,0.202831,0.211608,0.232125,0.212905,0.276627,0.19569,0.14948,0.227049,0.463298,0.737379,0.249846,0.0825023,0.197165,0.241183,0.16121,0.515448,0.137516,0.281551,0.0230351,0.298587,0.298531,0.231492,0.203927,0.250203,0.709092,0.796989,0.358692,0.472763,0.305871,0.176503,0.654057,0.0881689,0.474055,0.503726,0.5886,0.130102,0.250346,0.43382,0.657748,0.219465,0.796989,0.358692,0.276618,0.138916,0.844612,0.175989,0.300624,0.534577,0.603168,0.548103,0.191941,0.744847,0.0782473,0.2112,0.117213,0.0972822,0.524048,0.276224,0.40122,0.643784,0.202164,0.687663,0.236731,0.170337,0.203402,0.550545,0.26134,0.10634,0.242251,0.134527,0.200565,0.161269,0.166746,0.111951,0.780206,0.0993358,0.0577534,0.189451,0.367104,0.823116,0.70116,0.810863,0.184545,0.0636152,0.0490053,0.118484,0.200424,0.524048,0.276224,0.833948,0.345459,0.224529,0.406893,0.451435,0.16122,0.513404,0.779004,0.566736,0.16877,0.358454,0.506859,0.57071,0.356362,0.143495,0.181997,0.197166,0.345108,0.306374,0.12806,0.315484,0.10425,0.456664,0.0745024,0.100514,0.0998604,0.526583,0.14602,0.206413,0.0667359,0.284696,0.261196,0.14022,0.182814,0.23727,0.386833,0.367728,0.0825023,0.197165,0.149003,0.236873,0.100521,0.439562,0.0614751,0.214856,0.0688969,0.136097,0.222353,0.116389,0.386788,0.0634779,0.193514,0.390909,0.10911,0.543477,0.309122,0.811013,0.342401,0.309992,0.32495,0.360616,0.311539,0.161145,0.33855,0.419242,0.0983473,0.312635,0.550022,0.524619,0.231859,0.187981,0.0450275,0.188224,0.244323,0.341279,0.163097,0.0954501,0.153797,0.0542927,0.09411,0.59192,0.530668,0.20376,0.127366,0.0937466,0.201913,0.213011,0.48756,0.179635,0.257146,0.0500838,0.0336244,0.362014,0.228559,0.287929,0.296148,0.0797717,0.628234,0.168338,0.278065,0.146658,0.345108,0.306374,0.390215,0.424134,0.562175,0.249752,0.221849,0,0.366628,0.0529165,0.902421,0.568067,0.100291,0.544252,0.2848,0.143801,0.0644669,0.229022,0.092969,0.386629,0.23466,0,0.165259,0.248459,0.146467,0.121458,0.464183,0.0276721,0.319857,0.220809,0.111293,0.360202,0.122576,0.168187,0.449389,0.256083,0.540887,0.322426,0.372931,0.124125,0.111572,0.719845,0,0.271297,0.0240135,0.196373,0.478118,0.123097,0.169277,0.33741
0.523621,0.51995,0.522054,0.764214,0.698687,0.574684,0.384245,0.0770794,0.36758,0.315143,0.377662,0.161125,0.467237,0.409166,0.871811,0.493384,0.36933,0.530714,0.384466,0.450177,0.301,0.293181,0.39675,0.354623,0.291522,0.284193,0.3072,0.335949,0.620455,0.267599,0.351738,0.289757,0.18437,0.274009,0.243073,0.494119,0.325918,0.421348,0.424406,0.415368,0.429659,0.593232,0.431783,0.700002,0.601147,0.236122,0.731927,0.482668,0.328463,0.356635,0.591873,0.370702,0.983218,0.887142,0.131821,0.412195,0.531081,0.673824,0.543938,0.444489,0.256304,0.180434,0.407702,0.219155,0.17842,0.374915,0.667395,0.438473,0.362044,0.498223,0.447835,0.227314,0.108963,0.571306,0.856159,0.396342,0.564865,0.158797,0.313305,0.559216,0.240562,0.492922,0.22207,0.130651,0.118857,0.266516,0.241785,0.154618,0.355437,0.146681,0.583049,0.194147,0.118927,0.14042,0.4044,0.30252,0.635228,0.354393,0.274009,0.243073,0.587648,0.0863029,0.580386,0.0759969,0.150587,0.445665,0.177386,0.209672,0.324555,0.364847,0.733981,0.471685,0.430467,0.772285,0.0994321,0.40424,0.562062,0.418358,0.193113,0.497129,0.355074,0.423397,0.160576,0.432488,0.279683,0.461573,0.120566,0.0137022,0.440513,0.107805,0.202844,0.318222,0.214456,0.293224,0.2678,0.252873,0.429545,0.332509,0.326948,0.120738,0.391517,0.958714,0.634148,0.328129,0.0720662,0.306671,0.63823,0.513679,0.107004,0.0581473,0.417108,0.248401,0.0878995,0.519145,0.223104,0.740391,0.384485,0.34623,0.629888,0.185446,0.383467,0.367561,0.222506,0.574133,0.490004,0.0927628,0.759961,0.249466,0.318632,0.161785,0.235335,0.533797,0.0369522,0.168866,0.437796,0.674644,0.299634,0.0883786,0.632066,0.353288,0.305942,0.573736,0.130835,0.359186,0.401554,0.957063,0.276781,0.316996,0.506838,0.467702,0.407546,0.534778,0.227888,0.985124,0.224342,0.37651,0.690532,0.394354,0.0592635,0.201553,0.685452,0.10327,0.142261,0.273741,0.687796,0.519192,0.313337,0.139396,0.182261,0.617535,0.341953,0.321635,0.293809,0.457308,0.161368,0.366033,0.480778,0.0458476,0.249663,0.380963,0.0417941,0.691146,0.169292,0.853266,0.649685,0.253974,0.344048,0.0462493,0.378077,0.271898,0.152176,0.20895,0.309115,0.694137,0.262817,0.265428,0.691146,0.169292,0.168788,0.731294,0.854498,0.137524,0.195648,0.267878,0.760108,0.687542,0.279307,0.629894,0.391332,0.46447,0.362471,0.0267521,0.139098,0.72321,0.570293,0.536002,0.338122,0.533689,0.224869,0.379572,0.102014,0.392128,0.367044,0.129848,0.54072,0.12567,0.204975,0.0548454,0.0939145,0.0684766,0.740212,0.160815,0.100123,0.495482,0.104871,0.783384,0.259577,0.826495,0.182925,0.063807,0.239625,0.119864,0.0926914,0.139098,0.72321,0.707531,0.314487,0.211975,0.137364,0.281748,0.101348,0.461893,0.75471,0.1498,0.194843,0.0862662,0.430148,0.475798,0.219948,0.130438,0.109093,0.210617,0.376567,0.224333,0.0581854,0.49404,0.0739653,0.0311716,0.00702694,0.224435,0.105903,0.256164,0.190314,0.432179,0.266861,0.0132848,0.197747,0.0370225,0.264071,0.552763,0.395762,0.083959,0.139396,0.182261,0.329178,0.488745,0.0750939,0.487543,0.0452114,0.342262,0.0968249,0.119509,0.165369,0.150149,0.0905496,0.0426816,0.185438,0.132029,0.0692269,0.380849,0.503185,0.635273,0.540797,0.504074,0.614517,0.298708,0.279854,0.143337,0.101549,0.0768408,0.783337,0.148132,0.418877,0.450768,0.0808049,0.119975,0.190125,0.33248,0.113714,0.14141,0.122335,0.0143421,0.0286572,0.074912,0.123658,0.227888,0.985124,0.0930359,0.101798,0,0.0837156,0.0467675,0.898329,0.400475,0.593639,0.0546264,0.0419495,6.1946e-05,0.0664874,0.21245,0.574415,0.0941524,0.422714,0.110937,0.169769,0.108722,0.376567,0.224333,0.454325,0.28946,0.726768,0.317969,0.141954,0.0791272,0.200855,0.436647,0.866898,0.529398,0.133627,0.446357,0.139628,0.173571,0.222101,0.120725,0.0983484,0.587136,0.137984,0.353815,0.104041,0.386467,0.076888,0.101013,0.284093,0.133391,0.23236,0.189708,0.182009,0.538022,0.0601936,0.0122021,0.159048,0.0288542,0.181466,0.296478,0.576633,0.310187,0.341567,0.643,0.324471,0.0370156,0.184628,0.0728287,0.623061,0.284055,0.0863027,0.119739
0.639665,0.585634,0.481545,0.322652,0.450622,0.715761,0.498835,0.0563041,0.495297,0.365495,0.412186,0.331756,0.269037,0.384573,0.322767,0.410715,0.236991,0.526715,0.358099,0.408538,0.373847,0.70623,0.158867,0.209588,0.229844,0.318208,0.374844,0.433847,0.358381,0.559798,0.479576,0.234313,0.159707,0.785356,0.755419,0.294398,0.322477,0.292803,0.378265,0.384038,0.525796,0.541153,0.494376,0.574,0.234686,0.418497,0.292876,0.447417,0.712884,0.584183,0.453055,0.685946,0.643685,0.540604,0.16082,0.678113,0.274009,0.709788,0.572741,0.703908,0.650094,0.75699,0.303309,0.298947,0.793008,0.289452,0.35027,0.456917,0.458881,0.208203,0.800354,0.648142,0.497139,0.486098,0.404482,0.588434,0.333109,0.0987574,0.108817,0.284231,0.427335,0.139907,0.293093,0.111471,0.402369,0.25577,0.650506,0.138164,0.411277,0.587517,0.672073,0.123062,0.349489,0.330113,0.830227,0.512055,0.794264,0.194323,0.785356,0.755419,0.55489,0.737339,0.361669,0.0772101,0.997766,0.969972,0.430885,0.224551,0.710214,0.738571,0.346,0.342184,0.647472,0.301448,0.182987,0.325801,0.391289,0.539296,0.211749,0.462465,0.543517,0.185212,0.264718,0.305924,0.264595,0.759848,0.0728535,0.107487,0.367739,0.148677,0.334281,0.264262,0.160957,0.171627,0.124057,0.201071,0.198128,0.281676,0.527073,0.324155,0.263896,0.626508,0.573119,0.176076,0.665631,0.13812,0.801363,0.414393,0.555447,0.0438192,0.134646,0.522137,0.292057,0.769446,0.655827,0.123134,0.302947,0.623896,0.34046,0.25662,0.206918,0.667498,0.375285,0.104739,0.215756,0.342015,0.413678,0.157375,0.187687,0.13994,0.136906,0.215955,0.870396,0.280913,0.482839,0.447152,0.128372,0.174519,0.362983,0.194411,0.506028,0.260901,0.363661,0.249044,0.257277,0.384636,0.143026,0.680101,0.505737,0.437875,0.196449,0.469329,0.445583,0.45132,0.270362,0.211832,0.342094,0.128781,0.129198,0.218572,0.119342,0.10944,0.119389,0.170916,0.530184,0.431474,0.179055,0.225172,0.144997,0.381271,0.311075,0.25581,0.240487,0.355213,0.303824,0.235794,0.236103,0.209418,0.150006,0.121498,0.209181,0.588836,0.239611,0.279006,0.203538,0.308862,0.380872,0.144688,0.408046,0.272835,0.198384,0.119249,0.303051,0.486825,0.459351,0.124785,0.588836,0.239611,0.237244,0.276911,0.886696,0.456375,0.597708,0.224531,0.508705,0.361343,0.208622,0.749116,0.289797,0.421119,0.198803,0.0835184,0.420961,0.267204,0.247979,0.538322,0.215215,0.537557,0.184492,0.404245,0.200103,0.582698,0.219367,0.964686,0.299866,0.190229,0.283795,0.147489,0.212111,0.255022,0.716074,0.29478,0.212644,0.199992,0.228626,0.944832,0.642641,0.964968,0.207677,0.176445,0.112576,0.20404,0.23858,0.420961,0.267204,0.791211,0.0543436,0.756359,0.237147,0.478072,0.112444,0.774515,0.756214,0.384751,0.17317,0.249132,0.42961,0.290719,0.206916,0.199324,0.142071,0.317861,0.726382,0.308278,0.0193566,0.45969,0.148906,0.209251,0.130462,0.274642,0.212916,0.558569,0.200233,0.191624,0.333926,0.141432,0.149836,0.113218,0.139827,0.328079,0.50321,0.186572,0.225172,0.144997,0.20284,0.247242,0.060115,0.436279,0.105599,0.364331,0.128899,0.14029,0.228302,0.144944,0.104757,0.0623847,0.139805,0.299521,0.200257,0.52311,0.339624,0.65385,0.418072,0.292425,0.24187,0.327695,0.183024,0.107024,0.190196,0.270747,0.307203,0.202535,0.392412,0.240202,0.127101,0.173399,0.128191,0.218564,0.150352,0.377922,0.528439,0.125716,0.0891846,0.0986669,0.101779,0.445583,0.45132,0.131156,0.165954,0.134726,0.162405,0.124851,0.332906,0.273545,0.304312,0.123961,0.136864,0.141865,0.191678,0.125339,0.66108,0.0380684,0.577425,0.144152,0.0752601,0.161725,0.726382,0.308278,0.347761,0.218443,0.492505,0.119539,0.236352,0.0924228,0.141003,0.152116,0.823492,0.450668,0.210916,0.216453,0.326589,0.0834798,0.129163,0.234876,0.0575483,0.412871,0.0903901,0.262966,0.17243,0.214329,0.133487,0.167265,0.122739,0.0507835,0.207157,0.128276,0.152718,0.403807,0.131569,0.127528,0.28091,0.17241,0.285007,0.331153,0.482735,0.285242,0.241722,0.644251,0.188857,0.121595,0.31633,0.168557,0.671665,0.127405,0.16685,0.145828
0.709178,0.600454,0.537548,0.556358,0.695389,0.371983,0.497444,0.0773809,0.340687,0.416603,0.475578,0.408147,0.362496,0.259561,0.231935,0.203543,0.244678,0.441737,0.459532,0.595497,0.358068,0.440977,0.264224,0.286524,0.485014,0.543053,0.263294,0.564145,0.642247,0.818721,0.662538,0.716829,0.635778,0.325424,0.474297,0.354777,0.233831,0.366273,0.442278,0.480206,0.524055,0.597718,0.494061,0.301025,0.307309,0.302847,0.26466,0.429601,0.33109,0.44039,0.331449,0.511417,0.769073,0.637543,0.243119,0.623998,0.357003,0.779404,0.60465,0.71713,0.640053,0.523507,0.439312,0.288855,0.379438,0.182261,0.246937,0.493687,0.241611,0.30153,0.350337,0.273416,0.15764,0.630935,0.739545,0.469832,0.454652,0.169713,0.209569,0.374021,0.378218,0.348689,0.228275,0.215552,0.408012,0.341039,0.563129,0.08779,0.379475,0.231098,0.451257,0.113912,0.231943,0.370218,0.571769,0.485188,0.799624,0.394887,0.325424,0.474297,0.572961,0.379711,0.336943,0.368444,0.21873,0.721989,0.255826,0.274776,0.492034,0.464383,0.214484,0.425144,0.702977,0.529879,0.0827971,0.241862,0.656628,0.457124,0.117082,0.561576,0.431811,0.281619,0.40095,0.349103,0.310788,0.693385,0.131947,0.0642409,0.434801,0.225725,0.144228,0.343885,0.243013,0.225647,0.120009,0.172772,0.372033,0.296659,0.358783,0.110935,0.36692,0.543314,0.536983,0.268304,0.755429,0.147506,0.693779,0.501152,0.591745,0.0904732,0.36037,0.353847,0.0644237,0.701876,0.355315,0.217678,0.385234,0.438739,0.40086,0.233128,0.208733,0.80269,0.443895,0.208612,0.273577,0.0617239,0.565348,0.168022,0.347795,0.180563,0.192886,0.450313,0.0256592,0.221644,0.402409,0.700056,0.265186,0.132002,0.511562,0.275914,0.510125,0.445271,0.182966,0.329353,0.285955,0.775648,0.323207,0.552104,0.413126,0.436768,0.297502,0.556356,0.239114,0.628885,0.33442,0.363572,0.71373,0.286645,0.0755364,0.17023,0.248881,0.101072,0.0754353,0.181585,0.585426,0.57887,0.145231,0.135957,0.210552,0.517758,0.379154,0.31159,0.279903,0.322534,0.100393,0.143982,0.347336,0.0776721,0.182192,0.294672,0.272175,0.644407,0.164161,0.455227,0.360047,0.216418,0.462346,0.12908,0.411456,0.277578,0.193923,0.0702233,0.277254,0.54613,0.673406,0.175277,0.644407,0.164161,0.150095,0.585226,0.848922,0.258451,0.582199,0.495705,0.622295,0.513387,0.243899,0.678251,0.259883,0.404803,0.29692,0.142476,0.278386,0.540953,0.384203,0.542835,0.341602,0.543817,0.240158,0.335676,0.132115,0.399431,0.351624,0.125809,0.446418,0.0930137,0.35432,0.129053,0.087279,0.149432,0.587511,0.128382,0,0.305361,0.268342,0.882759,0.383264,0.933627,0.190708,0.0990408,0.138821,0.130663,0.118932,0.278386,0.540953,0.68879,0.472155,0.222147,0.126157,0.34937,0.111124,0.821403,0.682879,0.201394,0.23065,0.29795,0.441712,0.526785,0.202165,0.120796,0.185562,0.116614,0.429426,0.263373,0.119325,0.507297,0.156996,0.170078,0.146298,0.282101,0.0669743,0.28133,0.196525,0.26722,0.267926,0.0710301,0.26847,0.062887,0.200103,0.436068,0.378275,0.295309,0.135957,0.210552,0.0656486,0.382936,0.147867,0.420232,0.0641757,0.192129,0.124748,0.0656144,0.165632,0.15331,0.191586,0.0596652,0.204694,0.432301,0.0771885,0.436268,0.339656,0.66427,0.680735,0.291835,0.377184,0.355953,0.228255,0.0738484,0.160386,0.274999,0.689892,0.200391,0.652003,0.31061,0.101842,0.113849,0.164851,0.223432,0.0759095,0.333622,0.519854,0.0923951,0.0755082,0.0590228,0.0339795,0.239114,0.628885,0.100376,0.0472081,0.0983032,0.107998,0.0836015,0.446498,0.310044,0.614436,0.0573489,0.143136,0.0942724,0.211142,0.214465,0.305017,0.0832791,0.506422,0.138583,0.100575,0.168186,0.429426,0.263373,0.21918,0.0874119,0.44986,0.163509,0.0737815,0.0612132,0.394435,0.351375,0.874897,0.460244,0.212618,0.228778,0.112706,0.196595,0.168091,0.11479,0.0621245,0.498639,0.037982,0.234951,0.0932754,0.283096,0.0409016,0.0964908,0.292966,0.0519742,0.218311,0.116449,0.182583,0.436489,0.0893682,0.0825344,0.211821,0.1097,0.398818,0.3138,0.359963,0.168152,0.38833,0.540774,0.25895,0.0949989,0.166297,0.127582,0.481363,0.17183,0.0976881,0.152984
0.51842,0.30623,0.412744,0.280505,0.260575,0.683565,0.390338,0,0.583599,0.360359,0.404322,0.0640955,0.223091,0.468653,0.430121,0.140705,0.272781,0.611848,0.710773,0.451874,0.668693,0.470212,0.20288,0.490317,0.201177,0.212091,0.662088,0.426149,0.568249,0.551056,0.498424,0.144618,0.110216,0.554615,0.366081,0.32247,0.258925,0.53742,0.269526,0.298551,0.341068,0.467777,0.396632,0.860532,0.484485,0.162102,0.549616,0.702173,0.954672,0.874953,0.511549,0.590837,0.595246,0.751827,0.179848,0.661437,0.438432,0.813259,0.617181,0.734091,0.76213,0.448446,0.27206,0.197068,0.076813,0.446063,0.482344,0.327367,0.386176,0.467379,0.905436,0.627709,0.389058,0.483779,0.388489,0.513873,0.458839,0.0826775,0.246467,0.466637,0.374711,0.35003,0.146128,0.336306,0.35117,0.471868,0.417902,0.0394366,0.569532,0.342555,0.362295,0.186922,0.117432,0.304017,0.53357,0.309066,0.598321,0.141575,0.554615,0.366081,0.362711,0.222551,0.446754,0.0658115,0.254884,0.798044,0.509048,0.325325,0.616371,0.570606,0.640603,0.465831,0.457233,0.324973,0.419323,0.439966,0.532538,0.215735,0.220053,0.148154,0.39652,0.081029,0.202778,0.481046,0.911386,0.761833,0.085193,0.0652336,0.505393,0.135209,0.278027,0.384306,0.096686,0.0878567,0.259751,0.202627,0.281528,0.70571,0.502967,0.186211,0.364324,0.770345,0.602492,0.581712,0.487865,0.239592,0.568755,0.615378,0.580176,0.0891534,0.405245,0.825036,0.126264,0.635174,0.369484,0.127648,0.555082,0.749954,0.343794,0.066974,0.296594,0.763134,0.238736,0.120311,0.32298,0.103593,0.520485,0.279778,0.335698,0.272739,0.429576,0.265422,0.0435708,0.32696,0.511532,0.551939,0.222064,0.129298,0.413062,0.127303,0.527552,0.420901,0.225164,0.199839,0.297219,0.270706,0.085773,0.579889,0.345003,0.807345,0.262304,0.566663,0.378837,0.459486,0.135434,0.234713,0.407416,0.341736,0.0815465,0.326938,0.114473,0.107371,0.119393,0.378367,0.477474,0.654433,0.560805,0.137565,0.17101,0.425479,0.561491,0.437742,0.267712,0.727156,0.206583,0.174647,0.345204,0.114689,0.180533,0.264348,0.0992354,0.4446,0.361315,0.150608,0.358097,0.234456,0.41231,0.121077,0.462111,0.275046,0.0788079,0.21785,0.32131,0.509178,0.359351,0.204155,0.4446,0.361315,0.0869239,0.209313,0.85179,0.303357,0.436651,0.606405,0.46252,0.275763,0.418377,0.816686,0.204632,0.467531,0.217905,0.0682656,0.337713,0.226521,0.249246,0.516549,0.288955,0.532835,0.0853247,0.785862,0.202695,0.441264,0.186424,0.116187,0.402284,0.184126,0.265511,0.151457,0.101918,0.167936,0.594971,0.0936861,0.33813,0.447702,0.272081,0.867982,0.387176,0.793934,0.21689,0.121486,0.0637861,0.133747,0.090712,0.337713,0.226521,0.870893,0.361041,0.332219,0.298392,0.619817,0.125476,0.640776,0.876983,0.310531,0.24287,0.304029,0.423048,0.459373,0.110682,0.115375,0.10184,0.416543,0.191819,0.248259,0.021993,0.500662,0.13885,0.160326,0.0843949,0.356585,0.1419,0.720728,0.180429,0.250012,0.196441,0.130573,0.164933,0.0568233,0.210614,0.584894,0.709447,0.236047,0.137565,0.17101,0.244133,0.540976,0.0341267,0.6955,0.0728651,0.297278,0.0542962,0.100959,0.179972,0.219994,0.0459405,0.192339,0.11573,0.409933,0.153328,0.594761,0.42151,0.767018,0.381557,0.385104,0.241194,0.385036,0.161091,0.137504,0.040679,0.147115,0.353486,0.153375,0.456755,0.352826,0.0731297,0.0664728,0.140273,0.355101,0.102603,0.198695,0.0834108,0.346384,0.0294143,0.0401709,0.0804458,0.378837,0.459486,0.109625,0.083622,0.108187,0.17493,0.0258248,0.290112,0.292655,0.24251,0.11709,0.11342,0.0693002,0.177192,0.124276,0.369551,0.0254749,0.458271,0.159982,0.076341,0.122818,0.191819,0.248259,0.289626,0.422919,0.454819,0.195174,0.092297,0.11837,0.120324,0.216131,0.86933,0.523995,0.163639,0.285356,0.25959,0.132353,0.265045,0.164843,0.122816,0.574173,0.173193,0.283395,0.278426,0.230393,0.0625183,0.0555552,0,0.163532,0.253405,0.0873312,0.207696,0.327617,0.0327082,0.0536955,0.268117,0.0844038,0.329766,0.167281,0.358885,0.270138,0.222149,0.661223,0.0790088,0.0456507,0.114336,0.192783,0.48077,0.119052,0.063246,0.0806652
0.487901,0.839974,0.217522,0.204093,0.426995,0.52436,0.747211,0.106938,0.647258,0.890532,0.912509,1,0.162451,0.791171,0.547532,0.658413,0.249405,0.413954,0.213397,0.270665,0.256042,0.846922,0.289145,0.00939751,0.141445,0.340266,0.420353,0.652753,0.607795,0.913995,0.645341,0.610025,0.45948,0.288172,0.259568,0.203427,0.156765,0.224207,0.333081,0.382215,0.407836,0.384919,0.305858,0.0618412,0.147752,0.684342,0.590474,0.537971,0.335425,0.42761,0.340778,0.363899,0.698411,0.451676,0.241293,0.395695,0.433467,1,0.672737,0.711482,0.757013,0.531029,0.934685,0.830067,0.777095,0.5546,0.64133,0.0350382,0.482565,0.57546,0.404282,0.343255,0.0969674,0.561994,0.381036,0.545854,0.900605,0.596249,0.414407,0.237223,0.279481,0.126216,0.729431,0.151118,0.536474,0.212266,0.63135,0.691364,0.255815,0.53059,0.275687,0.186618,0.228139,0.390807,0.753752,0.892588,0.833223,0.0393965,0.288172,0.259568,0.330001,0.614985,0.420167,0.597288,0.353213,0.785037,0.361583,0.287064,0.777927,0.601431,0.151212,0.881298,0.714721,0.205447,0.186856,0.230164,0.385775,0.204613,0.359947,0.120537,0.650281,0.0900652,0.788076,0.176697,0.727458,0.896088,0.595011,0.112303,0.439922,0.176002,0.563278,0.136208,0.104844,0.263071,0.0887974,0.117344,0.903522,0.65678,0.74066,0.379831,0.612524,0.577489,0.442406,0.320941,0.771557,0.366568,0.614264,0.292469,0.387145,0.135975,0.608093,0.730642,0.0586724,0.462838,0.419038,0.0755295,0.323397,0.51142,0.245763,0.0930437,0.12447,0.458664,0.239773,0.0260859,0.197238,0.112689,0.328896,0.645881,0.88269,0.0185529,0.115194,0.1773,0.0197598,0.104964,0.46993,0.379119,0.452785,0.128663,0.323784,0.0588274,0.809354,0.194547,0.167705,0.17858,0.164306,0.129636,0.360851,0.59805,0.406986,0.71226,0.154366,0.443543,0.230742,0.366854,0.217196,0.204781,0.369408,0.530762,0.195209,0.0597112,0,0.200174,0.222951,0.147289,0.477091,0.559543,0.215461,0.23256,0.465012,0.298453,0.364322,0.451956,0.203191,0.590216,0.313555,0.29875,0.31041,0.218061,0.307183,0.602963,0.403416,0.126289,0.140771,0.102091,0.581279,0.373172,0.429115,0.258526,0.428139,0.211788,0.04794,0.222802,0.50998,0.439687,0.783699,0.373118,0.126289,0.140771,0.27693,0.186853,0.93285,0.131063,0.491123,0.208912,0.664509,0.0843964,0.214752,0.806717,0.173029,0.575509,0.86382,0.110687,0.145384,0.186956,0.241927,0.482717,0.114388,0.544369,0.286851,0.216317,0.223838,0.499738,0.155617,0.118824,0.249373,0.214931,0.373882,0.25319,0.198924,0.0704197,0.446993,0.101915,0.209918,0.587471,0.149732,0.819792,0.631872,0.851346,0.25335,0.193588,0.162161,0.519328,0.110814,0.145384,0.186956,0.886188,0.324114,0.598255,0.0600406,0.343665,0.10703,0.721446,0.82456,0.244615,0.598961,0.234532,0.447266,0.394283,0.233594,0.112036,0.226687,0.293133,0.494114,0.377579,0.0782222,0.684029,0.241506,0.155674,0.121248,0.463069,0.0842913,0.603702,0.0926151,0.247428,0.270306,0.140771,0.128121,0.114837,0.37781,0.225889,0.595478,0.146346,0.23256,0.465012,0.203585,0.7685,0.0686645,0.320531,0.246804,0.145065,0.457035,0.152836,0.170767,0.106986,0.491632,0.093094,0.255357,0.365768,0.154186,0.375896,0.240718,0.599298,0.396792,0.225841,0.311522,0.439083,0.0868285,0.313413,0.0594871,0.310225,0.266663,0.201079,0.220094,0.204824,0.119339,0.151028,0.166893,0.566755,0.11025,0.427196,0.103035,0.136867,0.0318335,0.121931,0.216295,0.230742,0.366854,0.14139,0.155457,0.136537,0.130362,0.152369,0.422713,0.137954,0.253554,0.028804,0.1925,0.0242623,0.310378,0.0103019,0.321548,0.034908,0.417572,0.275913,0.119115,0.00518002,0.494114,0.377579,0.206868,0.139084,0.467958,0.292068,0.0808512,0.115745,0.100903,0.17585,0.849391,0.301612,0.0769968,0.589012,0.205139,0.203249,0.132674,0.209282,0.0531585,0.344786,0.0151569,0.428167,0.0122227,0.270957,0.0283285,0.225791,0.274082,0.205532,0.366628,0.40606,0.304443,0.404968,0.112824,0.0572427,0.0807062,0.177237,0.225857,0.503414,0.375956,0.243729,0.190998,0.623226,0.140123,0.0684879,0.332253,0.312271,0.569334,0.218149,0.0574152,0.135338
0.341654,0.505904,0.653077,0.236231,0.625945,0.939053,0.631686,0.0611014,0.667891,0.405393,0.456999,0.441339,0.568881,0.648196,0.538426,0.426407,0.250284,0.249932,0.275783,0.583819,0.329976,0.638905,0.314999,0.558253,0.386005,0.444738,0.371836,0.579214,0.840743,0.611021,0.635852,0.500947,0.416234,0.378057,0.533955,0.431602,0.397851,0.263402,0.391655,0.441437,0.252894,0.660032,0.749985,0.655168,0.286142,0.421284,0.363469,0.433638,0.510224,0.611796,0.212896,0.326371,0.422153,0.574384,0.848573,0.466653,0.577588,0.628639,0.587261,0.604738,0.361325,0.45413,0.619641,0.473587,0.574775,0.231249,0.409109,0.507201,0.482703,0.54064,0.730984,0.388499,0.0792029,0.871833,0.356432,0.524607,0.671654,0.207844,0.479835,0.35125,0.357484,0.263106,0.492445,0.4075,0.262791,0.254641,0.42405,0.166285,0.282221,0.210564,0.575418,0.167587,0.233742,0.702572,0.61037,0.725814,0.731645,0.347189,0.378057,0.533955,0.660498,0.355226,0.286279,0.183254,0.194191,0.614531,0.335277,0.279944,0.279589,0.376095,0.505543,0.663405,0.633341,0.186312,0.0103798,0.438542,0.317649,0.0553055,0.220091,0.551646,0.472665,0.237217,0.232151,0.326991,0.264231,0.507265,0.244297,0.151944,0.606561,0.279527,0.197928,0.175986,0.0656861,0.207709,0.12249,0.131316,0.73285,0.384898,0.340053,0.492094,0.312959,0.47675,0.554153,0.624339,0.445609,0.485686,0.55341,0.281699,0.631739,0.213875,0.514347,0.517934,0.391228,0.508326,0.335416,0.0916402,0.292593,0.41332,0.246136,0.404069,0.182637,0.522656,0.409164,0.0832666,0.185673,0.451724,0.278138,0.525355,0.414029,0.26594,0.225435,0.243188,0.0371918,0.149175,0.497471,0.384093,0.386924,0.124217,0.270847,0.0301331,0.624678,0.136153,0.297325,0.116876,0.325507,0,0.134757,0.432689,0.363738,0.514077,0,0.381959,0.337767,0.479746,0.365775,0.0947261,0.117376,0.469937,0.344418,0.160715,0.0697347,0.268933,0.253289,0.243807,0.269626,0.647436,0.309134,0.163984,0.201727,0.194071,0.477939,0.453253,0.271887,0.673339,0.385532,0.166139,0.245994,0.361613,0.401869,0.423043,0.495825,0.678473,0.30896,0.151584,0.566994,0.398083,0.46298,0.226109,0.348701,0.286413,0.51679,0.317013,0.861024,0.310913,0.669312,0.356398,0.678473,0.30896,0.312053,0.113276,0.793111,0.254627,0.549009,0.414549,0.582544,0.348407,0.159603,0.760123,0.153828,0.254656,0.129247,0.115904,0.035804,0.230841,0.234544,0.555373,0.223027,0.563282,0.338477,0.307081,0.365796,0.471799,0.131686,0.133467,0.283328,0.414097,0.311093,0.166689,0.311428,0.0368323,0.680725,0.37078,0.407714,0.566784,0.309574,0.819086,0.504931,0.803298,0.291116,0.165278,0.174261,0.297531,0.249596,0.035804,0.230841,0.618651,0.339765,0.214595,0.185842,0.407529,0.198628,0.613907,0.71354,0.300753,0.280563,0.41625,0.41393,0.730081,0.28205,0.297177,0.364545,0.198813,0.357684,0.660969,0.111914,0.488499,0.182234,0.34938,0.134869,0.428992,0.231499,0.508602,0.129823,0.13463,0.695727,0.337658,0.208614,0.199645,0.263699,0.211915,0.419013,0.171246,0.163984,0.201727,0.345178,0.551545,0.135519,0.40784,0.137224,0.468223,0.32051,0.261421,0.279082,0.180885,0.266922,0.183088,0.294178,0.341051,0.219196,0.448824,0.310428,0.580413,0.547691,0.256861,0.249502,0.366465,0.439957,0.365698,0.380018,0.172516,0.0636969,0.321926,0.460753,0.231402,0.205521,0.20594,0.225147,0.595875,0.233274,0.644369,0.243922,0.233167,0.116309,0.17313,0.130292,0.337767,0.479746,0.150068,0.271257,0.306386,0.179989,0.155179,0.237458,0.214603,0.330925,0.0616862,0.39412,0.196883,0.408761,0.130569,0.086839,0.04725,0.648754,0.201326,0.179453,0.154236,0.357684,0.660969,0.196547,0.153536,0.487108,0.340939,0.184331,0.212985,0.318375,0.420008,0.822002,0.446825,0.186461,0.123284,0.687502,0.16398,0.131192,0.341494,0.156006,0.488767,0.140545,0.562026,0.170718,0.249736,0.114806,0.12619,0.196697,0.347424,0.286176,0.342064,0.170243,0.282439,0.299418,0.150404,0.209779,0.175193,0.403175,0.598034,0.288865,0.408382,0.232892,0.764313,0.147746,0.0688707,0.233734,0.254016,0.252594,0.101344,0.0939555,0.495028
0.532718,0.634755,0.304659,0.385705,0.480494,0.857287,0.358375,0.0672523,0.713323,0.265682,0.307592,0.325953,0.251746,0.389613,0.350553,0.329299,0.401261,0.752362,0.473457,0.613116,0.707585,0.408355,0.266756,0.307929,0.224333,0.148496,0.540675,0.390144,0.246459,0.689913,0.496505,0.146366,0.109948,0.4894,0.613191,0.168054,0.169948,0.377859,0.222973,0.266212,0.315619,0.418385,0.396215,0.618045,0.200739,0.33127,0.290291,0.589222,0.443905,0.510473,0.444159,0.627743,0.620734,0.762972,0.191461,0.722839,0.254699,0.828389,0.62153,0.751029,0.670961,0.628832,0.220183,0.251929,0.33843,0.204681,0.292872,0.552799,0.371483,0.482394,0.59376,0.62384,0.702819,0.530435,0.568017,0.558995,0.189454,0.0330925,0.0473244,0.237013,0.300981,0.190428,0.153079,0.123715,0.30409,0.357691,0.562919,0.27321,0.42032,0.318907,0.571673,0.0506601,0.10351,0.50513,0.493113,0.352848,0.788952,0.0863287,0.4894,0.613191,0.499739,0.574524,0.316658,0.0618291,0.254397,0.690418,0.542836,0.140884,0.54023,0.620112,0.147586,0.225931,0.621366,0.354649,0.107022,0.398725,0.468501,0.35549,0.191979,0.58174,0.554942,0.357646,0.359293,0.255841,0.0607043,0.816713,0.0862533,0.0709744,0.587489,0.153885,0.32922,0.31637,0.372551,0.122346,0.080636,0.270605,0.0410946,0.265996,0.364993,0.161075,0.308535,0.677358,0.52713,0.428685,0.792232,0.0835692,0.886144,0.56909,0.735192,0.0396425,0.14822,0.570905,0.0809471,0.674989,0.468554,0.228316,0.41514,0.615027,0.440033,0.183325,0.213816,0.646318,0.343028,0.204971,0.262427,0.0683922,0.53253,0.10457,0.157445,0.129601,0.432388,0.36831,0.0153793,0.327113,0.6766,0.522067,0.0755745,0.216748,0.401633,0.200558,0.448766,0.37296,0.308295,0.295661,0.232951,0.4964,0.230534,0.668284,0.370058,0.373486,0.238006,0.549958,0.499056,0.579404,0.34257,0.321862,0.36925,0.077577,0.141063,0.376345,0.1569,0.0918586,0.126979,0.480521,0.507437,0.603628,0.17021,0.102934,0.113909,0.409877,0.444805,0.379577,0.283693,0.412048,0.2297,0.455985,0.376176,0.159988,0.153075,0.0539115,0.190026,0.518303,0.182639,0.376273,0.211574,0.157478,0.510569,0.111278,0.457768,0.22834,0.311253,0.118573,0.330888,0.483826,0.472281,0.0674645,0.518303,0.182639,0.286649,0.352645,0.837359,0.590143,0.68104,0.468009,0.505172,0.323229,0.240463,0.757243,0.370048,0.618156,0.32924,0.0485563,0.334848,0.318184,0.234716,0.535874,0.424432,0.522372,0.220887,0.537937,0.132194,0.440073,0.262469,0.112362,0.450135,0.080175,0.198235,0.151726,0.152238,0.169439,0.645734,0.285116,0.143559,0.160477,0.50841,0.879622,0.435391,0.824574,0.166332,0.0996435,0.744475,0.158929,0.23454,0.334848,0.318184,0.637045,0.443857,0.378407,0.332435,0.547651,0.212029,0.759377,0.791068,0.339267,0.169962,0.49889,0.490633,0.429157,0.263756,0.178584,0.141748,0.124447,0.746447,0.31135,0.0708881,0.689571,0.132709,0.261742,0.133391,0.076095,0.238982,0.507554,0.278323,0.252092,0.284584,0.130894,0.181693,0.0701587,0.175294,0.268442,0.66508,0.380696,0.102934,0.113909,0.113265,0.337929,0.0681074,0.424899,0.226584,0.391745,0.0979263,0.113007,0.260163,0.15509,0.137203,0.0692495,0.104764,0.509949,0.112759,0.579375,0.313345,0.762096,0.576283,0.158036,0.335457,0.721124,0.169948,0.125708,0.190807,0.212691,0.28327,0.223247,0.406601,0.307967,0.231672,0.146611,0.118368,0.180342,0.182871,0.608783,0.508127,0.109554,0.1274,0.136751,0.0773743,0.499056,0.579404,0.113737,0.207993,0.117034,0.32648,0.119357,0.4038,0.322133,0.456626,0.0908121,0.121219,0.467786,0.14435,0.153112,0.359804,0.0177787,0.67862,0.256813,0.130794,0.166859,0.746447,0.31135,0.26832,0.0524465,0.539435,0.0879113,0.298336,0.165426,0.19187,0.111094,0.840462,0.264015,0.0827058,0.325554,0.4957,0.0659524,0.169474,0.13098,0.047304,0.262126,0.0559054,0.0731688,0.157199,0.243696,0.197095,0.119111,0.00661018,0.0975001,0.189673,0.0753976,0.173447,0.386325,0.166941,0.165922,0.363561,0.153253,0.417485,0.383391,0.41823,0.196617,0.21315,0.433726,0.171842,0.162331,0.1127,0.127884,0.529554,0.291284,0.262937,0.188236
0.407167,0.460558,0.420477,0.289802,0.609948,0.816228,0.68347,0.0529195,0.289399,0.814213,0.850515,0.330416,0.36359,0.461795,0.864922,0.3416,0.160174,0.510456,0.411707,0.390707,0.202472,0.559598,0.223749,0.423184,0.182302,0.288281,0.417707,0.592715,0.639172,0.672462,0.651279,0.397716,0.266855,0.440211,0.505206,0.290359,0.315377,0.341553,0.351073,0.431829,0.0850798,0.43816,0.468786,0.622505,0.210154,0.65975,0.705069,0.436079,0.520523,0.517581,0.581192,0.535813,0.913921,0.610371,0.988408,0.505986,0.47214,0.708767,0.59936,0.617731,0.606925,0.474359,0.60833,0.661563,0.539034,0.221817,0.426032,0.246551,0.317587,0.639151,0.562723,0.362246,0.10187,0.670772,0.281108,0.545372,0.641684,0.451358,0.423356,0.230194,0.368666,0.227369,0.334502,0.222431,0.261532,0.248651,0.526091,0.128045,0.374696,0.440054,0.800651,0.263413,0.329535,0.382165,0.592614,0.556826,0.793945,0.187688,0.440211,0.505206,0.635149,0.415864,0.442262,0.289153,0.491945,0.671115,0.17241,0.331324,0.405513,0.635152,0.513345,0.549173,0.574918,0.361684,0.0690189,0.443732,0.365773,0.179911,0.134613,0.648053,0.448864,0.0603681,0.312794,0.281768,0.45778,0.714586,0.272558,0.169531,0.725812,0.0939664,0.385371,0.216433,0.0130426,0.190369,0.139188,0.0887959,0.561518,0.436747,0.289501,0.247039,0.422523,0.652373,0.515644,0.510133,0.721754,0.61387,0.675994,0.392297,0.643555,0.107492,0.503958,0.424892,0.182698,0.65012,0.366427,0.105838,0.446086,0.556011,0.404738,0.229965,0.149343,0.430969,0.276297,0.0863152,0.188761,0.250025,0.422352,0.43609,0.53509,0.103482,0.1554,0.210275,0.0216094,0.14071,0.420584,0.368714,0.362032,0.172082,0.367893,0.131423,0.0919063,0.207025,0.190301,0.157639,0.215257,0.289112,0.160704,0.375585,0.441122,0.562117,0.168065,0.416249,0.197744,0.528777,0.0828839,0.195678,0.410196,0.57263,0.152553,0.173142,0.119548,0.155044,0.111004,0.227379,0.686573,0.682747,0.215184,0.291476,0.295699,0.366226,0.470443,0.766671,0.224564,0.623045,0.258012,0.183801,0.369784,0.150294,0.217689,0.538591,0.232928,0.718911,0.21701,0.174755,0.455923,0.28387,0.470777,0.0715453,0.292279,0.286283,0.225853,0.113738,0.412514,0.468148,0.458636,0.480712,0.718911,0.21701,0.271247,0.285325,0.879185,0.269902,0.591563,0.288806,0.508227,0.139779,0.202184,0.698362,0.290815,0.611744,0.197589,0.0509249,0.0963268,0.18903,0.259279,0.541512,0.191065,0.539647,0.162276,0.36701,0.229864,0.502099,0.165736,0.12765,0.293019,0.181284,0.309211,0.256243,0.20355,0.0799031,0.72639,0.153864,0.165708,0.417834,0.231819,0.821686,0.387937,0.797663,0.228873,0.142384,0.23284,0.116334,0.201551,0.0963268,0.18903,0.774177,0.442204,0.530336,0.140637,0.346976,0.106786,0.713163,0.710233,0.35366,0.128397,0.282364,0.433922,0.328406,0.193828,0.217304,0.184828,0.218045,0.422898,0.514668,0.0362694,0.666246,0.146784,0.202088,0.142122,0.425026,0.0994161,0.595658,0.165935,0.217527,0.256307,0.15502,0.126707,0.0725231,0.424344,0.403,0.561594,0.214057,0.291476,0.295699,0.258689,0.59587,0.0334075,0.495312,0.0790665,0.177257,0.293716,0.10751,0.170229,0.121018,0.303841,0.0786143,0.222768,0.349026,0.115705,0.582506,0.33485,0.707556,0.567127,0.3503,0.363613,0.363885,0.199646,0.162966,0.0689239,0.238976,0.300739,0.230743,0.244971,0.213123,0.0676483,0.086038,0.193337,0.395993,0.0805597,0.29104,0.179817,0.103614,0.0362893,0.103845,0.175535,0.197744,0.528777,0.159547,0.0802279,0.123058,0.148346,0.0628766,0.310068,0.286613,0.177923,0.0458927,0.211542,0.149986,0.198317,0.102125,0.573575,0.0501914,0.329654,0.17679,0.216365,0.0781033,0.422898,0.514668,0.260706,0.230862,0.385709,0.19363,0.185143,0.102794,0.112439,0.192977,0.811858,0.426464,0.198897,0.346107,0.141179,0.101546,0.198032,0.161819,0.0849316,0.454912,0.0448368,0.215823,0.140297,0.190667,0.0600787,0.122194,0.339089,0.145905,0.540815,0.356239,0.317553,0.375327,0.111048,0.101541,0.117706,0.085656,0.304726,0.318835,0.319659,0.375112,0.182342,0.613107,0.201701,0.0872102,0.051837,0.176774,0.684674,0.166476,0.072854,0.181795
0.562981,0.673633,0.61882,0.210126,0.553833,0.879578,0.662642,0.0835133,0.545935,0.565275,0.681545,0.371974,0.518124,0.438423,0.879529,0.59336,0.343542,0.305665,0.504478,0.257062,0.480011,0.459947,0.0982335,0.380672,0.235014,0.512017,0.429288,0.504565,0.631722,0.873737,0.746373,0.514435,0.348112,0.348455,0.564513,0.488796,0.30303,0.232986,0.55813,0.489145,0.260367,0.612126,0.504404,0.404011,0.245556,0.48858,0.84103,0.48642,0.298683,0.457267,0.421961,0.277897,0.844669,0.779012,0.196015,0.461848,0.578311,0.750942,0.615397,0.461278,0.436951,0.251608,0.594194,0.494589,0.522919,0.505288,0.811636,0.431405,0.574877,0.525034,0.476394,0.302119,0.104055,0.676899,0.335457,0.635456,0.807193,0.0973007,0.492759,0.320286,0.432238,0.259228,0.532925,0.220552,0.404676,0.22112,0.38859,0.149512,0.294493,0.424966,0.426329,0.364641,0.213136,0.36651,0.460896,0.64976,0.697535,0.506603,0.348455,0.564513,0.521217,0.395768,0.550116,0.18947,0.152091,0.557215,0.306829,0.10872,0.430006,0.371938,0.685183,0.617567,0.659547,0.250817,0.156567,0.616674,0.232146,0.12555,0.305934,0.513223,0.611988,0.198924,0.291384,0.324758,0.252477,0.617965,0.241175,0.141186,0.542226,0.215564,0.302894,0.254101,0.0732463,0.366443,0.10513,0.172518,0.689624,0.364861,0.402188,0.192806,0.248655,0.782511,0.527975,0.842735,0.418583,0.333086,0.534593,0.30161,0.511458,0.1403,0.556578,0.620635,0.156551,0.468596,0.342398,0.120237,0.306104,0.271809,0.32066,0.216096,0.182019,0.472469,0.374157,0.125569,0.179473,0.146696,0.44854,0.406529,0.539046,0.0698393,0.29538,0.23561,0.0245357,0.273742,0.469376,0.131477,0.476974,0.161983,0.360055,0.148777,0.746029,0.25136,0.16492,0.128757,0.197419,0.454131,0.194782,0.499884,0.348082,0.486793,0.200938,0.387961,0.496188,0.625574,0.371502,0.184806,0.3588,0.464557,0.171211,0.220098,0.156905,0.0943589,0.396525,0.332086,0.600532,0.61556,0.109413,0.148483,0.23126,0.343359,0.425499,0.726406,0.194692,0.509825,0.129306,0.211895,0.224471,0.231575,0.0846145,0.416647,0.320293,0.618267,0.261876,0.259082,0.470177,0.272931,0.351648,0.0326892,0.395796,0.307945,0.309717,0.126835,0.340666,0.446703,0.694764,0.333897,0.618267,0.261876,0.184291,0.31087,0.853816,0.217927,0.371736,0.5162,0.763496,0.220714,0.158039,0.743657,0.128238,0.342737,0.230986,0.116354,0.248046,0.210041,0.173005,0.548394,0.172585,0.544157,0.165926,0.437458,0.180421,0.336145,0.202787,0.0712884,0.287994,0.201093,0.178275,0.114479,0.244732,0.217554,0.588946,0.208277,0.269925,0.458451,0.301868,0.751978,0.329314,0.905693,0.188985,0.0946426,0.143163,0.206228,0.124427,0.248046,0.210041,0.640527,0.554169,0.247583,0.193203,0.396152,0.0768288,0.619465,0.777755,0.379017,0.129472,0.38162,0.451181,0.793218,0.265634,0.169111,0.220392,0.155478,0.427708,0.332969,0.0737491,0.454453,0.17479,0.293056,0.120759,0.257798,0.201057,0.462732,0.150871,0.185062,0.229467,0.21467,0.161725,0.0942949,0.203098,0.25834,0.496335,0.281552,0.148483,0.23126,0.148789,0.590043,0.0665744,0.371143,0.0845268,0.216393,0.140772,0.204241,0.146494,0.170748,0.126227,0.0923203,0.245156,0.47847,0.138326,0.558114,0.303909,0.651753,0.620774,0.299449,0.290647,0.265746,0.381596,0.160253,0.225426,0.230325,0.245849,0.25094,0.374764,0.296041,0.195309,0.184278,0.178519,0.165075,0.10141,0.339149,0.0939398,0.145905,0.0917866,0.105978,0.132151,0.496188,0.625574,0.160379,0.174808,0.127711,0.138268,0.21573,0.509705,0.251187,0.392535,0.14572,0.158571,0.211167,0.256247,0.0911287,0.307778,0.0389486,0.499219,0.157317,0.200511,0.105872,0.427708,0.332969,0.419207,0.282036,0.660899,0.229598,0.249719,0.116571,0.154691,0.160466,0.930776,0.386289,0.0698329,0.220017,0.109016,0.176249,0.133688,0.251998,0.0779939,0.532945,0.180645,0.354221,0.14019,0.195982,0.103202,0.148203,0.11372,0.0921208,0.153716,0.163239,0.266494,0.338728,0.172062,0.164915,0.16484,0.240145,0.462334,0.257323,0.433781,0.0788268,0.085781,0.762146,0.117688,0.128164,0.0869659,0.0709694,0.339913,0.113124,0.148437,0.207988
0.599907,0.66584,0.503042,0.387886,0.860529,0.747839,0.417918,0.168912,0.393099,0.33242,0.375663,0.276755,0.54435,0.155599,0.503338,0.116444,0.362497,0.607234,0.470002,0.334469,0.586521,0.401636,0.202006,0.542693,0.316987,0.343823,0.637655,0.619839,0.586696,0.484653,0.466195,0.348946,0.283056,0.368976,0.802779,0.304559,0.237207,0.662609,0.13033,0.231579,0.341305,0.432177,0.449146,0.787798,0.335911,0.0970502,0.26924,0.514658,0.500794,0.569478,0.472715,0.4155,0.516789,0.548809,0.147901,0.412312,0.214503,0.721793,0.736667,0.889415,0.770694,0.598406,0.0739146,0.169184,0.244697,0.255453,0.395767,0.709305,0.371814,0.371784,0.504062,1,0.876634,0.550743,0.389463,0.311639,0.195312,0.0808753,0,0.464257,0.648752,0.141286,0.0618358,0.199457,0.364329,0.741906,0.511288,0.237704,0.221206,0.343912,0.633597,0.114855,0.216189,0.600223,0.472025,0.689377,0.672752,0.14227,0.368976,0.802779,0.728598,0.449752,0.351057,0.128303,0.181338,0.48941,0.275901,0.459011,0.270161,0.524645,0.877654,0.0664355,0.467319,0.362667,0.136619,0.484911,0.392994,0.113318,0.34368,0.766342,0.702129,0.194884,0.0764599,0.416441,0.0577016,0.590183,0.0606172,0.155538,0.36268,0.230216,0.28617,0.241771,0.0852136,0.301368,0.16324,0.188068,0.120595,0.2904,0.124674,0.390179,0.287972,0.682171,0.694127,0.394714,0.356239,0.0680702,0.665661,0.359255,0.921819,0.171946,0.198805,0.784575,0.116647,0.367849,0.313666,0.0945616,0.267585,0.363646,0.375855,0.263282,0.20395,0.4747,0.313959,0.19376,0.412272,0.06716,0.4966,0.0723296,0.134535,0.0436673,0.993687,0.478201,0.0273074,0.208572,0.745598,0.316401,0.0587024,0.196518,0.281575,0.107092,0.835656,0.202819,0.15479,0.183036,0.310888,0.227168,0.252022,0.438294,0.51165,0.395848,0.23973,0.710589,0.632688,0.558151,0.349137,0.213828,0.378122,0.0982843,0.314071,0.183643,0.187175,0.20793,0.486949,0.766378,0.43476,0.419923,0.440426,0.184885,0.160213,0.197967,0.772321,0.272829,0.152544,0.103215,0.300385,0.287764,0.43863,0.186744,0.195312,0.0909671,0.704495,0.571451,0.393428,0.374933,0.260785,0.448464,0.756055,0.133938,0.443501,0.30505,0.535821,0.253295,0.471183,0.346476,0.605276,0.0363571,0.571451,0.393428,0.457294,0.366042,0.863643,0.264585,0.690848,0.467641,0.849421,0.315308,0.217645,0.710355,0.241833,0.821404,0.174789,0.201999,0.325872,0.306941,0.193559,0.64592,0.162821,0.55818,0.312057,0.487485,0.238112,0.702296,0.13294,0.137146,1,0.30967,0.265931,0.279637,0.212224,0.0806315,0.207367,0.286786,0.137148,0.250689,0.79305,0.643734,0.132149,0.761607,0.163661,0.24523,1,0.280162,0.419822,0.325872,0.306941,0.785722,0.753516,0.537009,0.226859,0.5276,0.177481,1,1,0.380234,0.378511,0.791481,0.457665,0.216982,0.439316,0.341269,0.203889,0.198252,0.425654,0.475823,0.0434725,0.780127,0.238556,0.539214,0.238065,0.626845,0.245628,0.588741,0.184299,0.176557,0.340352,0.294983,0.199894,0.131709,0.0885234,0.529641,0.61598,0.545891,0.184885,0.160213,0.48303,0.23189,0.068279,0.293694,0.142563,0.351492,0.190807,0.0895543,0.520309,0.17661,0.488983,0.21996,0.0991315,0.660154,0.29377,0.499222,0.20766,0.533737,0.805166,0.498973,0.454963,0.418711,0.32054,0.250934,0.13586,0.280139,0.277254,0.339812,0.450422,0.356723,0.390319,0.218174,0.236369,0.377319,0.217779,0.837476,0.0574163,0.20356,0.169131,0.158091,0.175177,0.632688,0.558151,0.281497,0.0738577,0.195436,0.173121,0.298599,0.355754,0.371683,0.473434,0.0276016,0.394535,0.576735,0.445657,0.135001,0.195228,0.0279944,0.39438,0.233736,0.290567,0.165711,0.425654,0.475823,0.491736,0.346876,0.636566,0.0996625,0.416509,0.161015,0.212279,0.258617,0.712266,0.164661,0.163033,0.535642,0.104009,0.213805,0.102562,0.440308,0.100207,0.333607,0.136871,0.3889,0.115178,0.290922,0.136677,0.152959,0.31453,0.0932889,0.264477,0.228272,0.51469,0.477676,0.230299,0.213771,0.36302,0.370248,0.727137,0.729637,0.607844,0.301096,0.218693,0.308805,0.101413,0.146143,0.157132,0.249361,0.2927,0.29,0.340227,0.361912
0.65385,0.509424,0.460495,0.452131,0.624295,0.724916,0.310605,0.14716,0.516457,0.0814875,0.134194,0.0813646,0.371232,0.0195305,0.141956,0,0.200679,0.452092,0.445084,0.48012,0.427543,0.392884,0.129445,0.310115,0.284729,0.26562,0.52494,0.511667,0.700205,0.428095,0.578285,0.252421,0.143934,0.336183,0.567058,0.247716,0.150533,0.379174,0.383656,0.382401,0.28955,0.523183,0.432687,0.49104,0.320818,0.185529,0.176453,0.357662,0.253986,0.399987,0.576509,0.247737,0.579707,0.508368,0.202433,0.388305,0.563435,0.799935,0.314187,0.730105,0.587352,0.407724,0.44174,0.345876,0.1461,0.000315579,0.0293134,0.925114,0.186559,0.425685,0.318225,0.13497,0,0.542126,0.646529,0.625497,0.73345,0.0664506,0.498142,0.358509,0.289338,0.396501,0.183904,0.300375,0.175779,0.127714,0.382129,0.105697,0.721145,0.155082,0.630903,0.110655,0.0233381,0.431631,0.451535,0.119161,0.774557,0.411666,0.336183,0.567058,0.54499,0.49489,0.103203,0.0987246,0.221534,0.683841,0.304983,0.255377,0.367172,0.388053,0.672563,0.372852,0.640614,0.357669,0.147238,0.319104,0.621021,0.215609,0.104294,0.643529,0.499159,0.218173,0.123993,0.233781,0.130732,0.552593,0.245727,0.172153,0.431002,0.302943,0.357481,0.657574,0.15584,0.191145,0.0887188,0.108897,0.639724,0.287335,0,0.370532,0.313121,0.724511,0.535152,0.323698,0.540392,0.393034,0.557728,0.304413,0.610167,0.164424,0.571654,0.544354,0.0660166,0.611725,0.236203,0.0974075,0.751264,0.57866,0.518975,0.241885,0.210817,0.820618,0.353125,0.132065,0.471531,0.0707594,0.318126,0.249054,0.415772,0.0292095,0.167952,0.596798,0.0476607,0.253767,0.528625,0.583258,0.424853,0.167142,0.290897,0.129577,0.488342,0.217279,0.224738,0.206788,0.203546,0.0899569,0.223713,0.523444,0.684089,0.450626,0.0741329,0.628125,0.413056,0.585096,0.429029,0.172884,0.441612,0.55516,0.18787,0.147614,0.127254,0.137086,0.103616,0.0819328,0.508479,0.588053,0.50369,0.252711,0.225075,0.364044,0.788584,0.309924,0.156378,0.395009,0.244356,0.279053,0.341036,0.408626,0.226281,0.482683,0.409754,0.67341,0.240626,0.197716,0.612385,0.286864,0.838062,0.331358,0.384166,0.165621,0.478897,0.370728,0.423944,0.27981,0.393791,0.408996,0.67341,0.240626,0.255613,0.554543,0.868623,0.234218,0.397904,0.937398,0.576655,0.379512,0.256005,0.767996,0.261719,0.37286,0.0954012,0.123694,0.106507,0.383575,0.360061,0.580092,0.166608,0.534404,0.214314,0.377101,0.259933,0.611393,0.181949,0.133316,0.281905,0.280818,0.237371,0.351083,0.232983,0.108318,0.743077,0.456384,0.352225,0.72778,0.459735,0.878683,0.36293,0.883341,0.204104,0.164585,0.107639,0.319296,0.29799,0.106507,0.383575,0.589762,0.542359,0.5576,0.364937,0.464469,0.334087,0.609736,0.580467,0.209316,0.302809,0.581782,0.512081,0.499925,0.399722,0.140039,1,0.0736998,0.420431,0.528982,0.0787192,0.503076,0.211571,0.357298,0.20405,0.265469,0.284208,0.711764,0.260179,0.177316,0.468935,0.40088,0.199999,0.160365,0.24643,0.265083,0.575866,0.481058,0.252711,0.225075,0.341838,0.734956,0.0706875,0.433191,0.12058,0.389954,0.236114,0.0699717,0.198916,0.162018,0.342271,0.144336,0.283621,0.511253,0.284789,0.35061,0.345518,0.564649,0.866898,0.0350904,0.489945,0.41393,0.349417,0.241431,0.377644,0.137072,0.210866,0.165079,0.452543,0.365987,0.337147,0.312817,0.155023,0.534532,0.225342,0.720736,0.279593,0.267615,0.164974,0.18186,0.231134,0.413056,0.585096,0.412293,0.170059,0.258794,0.175601,0.218736,0.869341,1,0.515448,0.0662768,0.265992,0.444396,0.225373,0.337572,0.326387,0.0361803,0.563831,0.12318,0.796579,0.628771,0.420431,0.528982,0.213306,0.0899731,0.48467,0.238469,0.387739,0.0959008,0.29,0.417173,0.812899,0.214029,0.948248,0.308788,0.133998,0.16828,0.184318,0.387797,0.0427912,0.356817,0.153508,0.326003,0.25905,0.348321,0.236232,0.262578,0.154217,0.213292,0.296728,0.189093,0.183029,0.439696,0.296132,0.240461,0.279218,0.400967,0.485283,0.434558,0.384973,0.422415,0.521193,0.41974,0.24801,0.236945,0.428022,0.174073,0.624812,0.36722,0.235338,0.312496
0,0.308883,0.116463,0.921002,0.294195,0.153638,0.392053,0.109684,0,0.050038,0.0769317,0.234194,0.364744,0.082027,0.227616,0.0710937,0,0.755556,0.627249,0.225316,0.511262,0.303976,0.728896,0.525744,0.324349,0.314831,0.796434,0.507896,0.599379,0.130067,0.106076,0.156851,0.137059,0.45275,0.176576,0.236601,0.0965437,0.666966,0.234872,0.416634,0.147727,0,0,0.907046,0.68741,0.13905,0.657119,1,0.554473,0.944865,0.463931,0.64662,0.10148,0.8746,0.0495972,0.699979,0.732664,0.917157,0,0.747942,0.223756,0,0.181379,0.0837009,0.0425158,0.724266,0.458541,0.419409,0.0174285,1,0.830545,0.438955,0.112515,0,0.943913,0,0.307751,0.187355,0.0695211,1,0.250203,0.558019,0.28141,0.159995,0.101641,0.457083,0.251701,0.089141,1,0.00623607,0.397798,0.167771,0.0340357,0.453549,0.0457931,0,0,0.0350666,0.45275,0.176576,0.24037,0,0.0943505,0.0506584,0.0224591,0,0.383657,0.190024,0.700712,0.0684447,0.972441,0.366918,0.0377866,0.97808,0.310062,0.585698,1,0.725526,0.283138,0.0659329,0.820223,0.380193,0.264638,0.617294,0.150977,0.657383,0.351697,0.090972,0.251264,0.118613,0.267866,1,1,0.144932,0.640804,0.442117,0.217122,0.295774,0.431099,0.165903,0.714362,1,0.745091,0.205462,0,0.173504,0.0425154,0.636686,0.157966,0.151114,0.438733,0.352657,0.0843258,0,0.257342,1,1,0.163839,1,0.0628004,0.549119,0.202938,0.283575,0.959738,1,0.0845061,1,0.223869,0.473697,0.1744,0.317735,1,0.00516376,0.164544,0,0.849721,0.210638,0.35861,0.69857,0.472203,0.096315,0.715233,0.169397,0.865962,0.948523,0.590191,0.390347,0,0.483591,0.447324,1,0.729212,0.541342,0.909095,0.304252,1,0.972375,0.330271,0.195248,0.431275,0.680261,0.173978,0.156353,0.535894,0.0954837,0.277861,0.524247,0.13107,0.133509,0.720547,0.790836,0.0882666,0.811695,0.319191,0.296782,0.840158,1,0.140972,0.449736,0.323628,0.24397,0.208033,0.407652,0.757879,0.817556,0.237681,0.271832,0.162665,0.308844,0.251251,0.0608939,0.252902,0.399019,0.968216,0.588601,0.132139,0.208033,0.407652,0.247371,0.97389,0,0.0923391,0,0.280417,0.50238,0.675201,1,0,0.50696,0.78177,0.440426,0.0912084,0.174087,0.862231,1,0.689337,0.617709,0.539371,0.586994,0.370775,0.269312,0.416593,0.402449,0.270931,0.914153,0.163422,0.33245,0.136027,0.183094,0.063031,0,0.86227,0.434507,0.510832,0.201235,0,0.227986,0,0.366106,0.147902,0.355814,0.204808,0.0830527,0.174087,0.862231,0.298982,0.217243,0.15791,0.202581,0.466714,0.420396,0,0.616399,0.111247,0.389103,0.533113,0.495352,0.281079,0.190117,0.0466298,0.151228,0.12938,0,0.252357,0.0631559,0.626727,0.165128,0.263744,0.14873,0.371286,0.359188,0.583379,0.568689,1,0.18617,0.268584,0.195753,0.122472,0.147419,0.999498,0.612108,0.293154,0.13107,0.133509,0.448881,0.532891,0.083891,1,0.067937,0.45403,0.0754328,0.0302353,0.936321,0.167878,0.25549,0.126449,0.149553,0.17304,0.15758,0.63674,0.664132,0.526281,0.828128,0.127398,1,1,0.283298,0.161837,0.482207,0.349578,0.910317,0.135964,0.489711,0.606126,0.287774,0.167027,0.299429,0.362674,0.356637,0.520563,0.0937172,0.1541,0.0889817,0.11439,0.176025,0.541342,0.909095,0.223215,0.12839,0.175248,0.210736,0.104133,0.628219,0.8036,0.794487,0.0279868,0.295676,0.577137,0.223561,0.407987,0.152118,0.0561033,0.0645192,0.266048,0.0928568,0.176715,0,0.252357,0,0.254266,0.221025,0.448857,0.191925,0.238312,0.206346,0.6212,0,0.47908,0.455679,0.597391,0.116954,0.174589,0.433422,0.177168,0.149287,0.65013,0.0443336,0.715434,0.293914,0.456656,0.157827,0.194552,0.35096,0.17874,0.196083,0.146481,0.315253,0.842584,0.235421,0.0948092,0.35482,0.142308,0.293162,0.395219,0.347579,0.676466,0.881392,0.181936,0.34163,0.16143,0.764146,1,0,0.42821,0.166033,0.157357
0.469286,0.491353,0.410401,0.530264,0.558348,0.184717,0.536776,0.109049,0.580076,0.319991,0.371831,0.444125,0.31217,0.26767,0.577259,0.190225,0.133405,0.519968,0.260372,0.737046,0.334075,0.446616,0.437872,0.331539,0.626876,0.139368,0.558192,0.374459,0.404594,0.33041,0.362981,0.15841,0.107531,0.222337,0.370283,0.188776,0.0835016,0.261669,0.321418,0.373159,0.513713,0.50182,0.36625,0.686997,0.267796,0.184967,0.36548,0.513096,0.515658,0.600154,0.593755,0.424266,0.364715,0.541895,0.165343,0.516229,0.435571,0.735833,0.257044,0.858315,0.579779,0.336542,0.499706,0.306937,0.186607,0.177414,0.192621,0.436711,0.157498,0.336727,0.751181,0.299421,0.0450417,0.463431,0.739172,0.511643,0.531162,0.443358,0.293123,0.389217,0.332645,0.441682,0.330776,0.363014,0.165269,0.283494,0.287223,0.0677343,0.623862,0.123252,0.474482,0.0784723,0.0491391,0.340828,0.337261,0.613044,0.784605,0.164038,0.222337,0.370283,0.512338,0.423157,0.0683502,0.0735756,0.17731,0.651308,0.397599,0.227605,0.4673,0.426073,0.397251,0.637376,0.600302,0.511682,0.14918,0.30361,0.765082,0.509594,0.141755,0.587385,0.407462,0.32574,0.205955,0.419606,0.179821,0.601237,0.176538,0.0563229,0.60348,0.235739,0.233414,0.443427,0.548639,0.217095,0.0817545,0.236093,0.490545,0.257183,0.364366,0.179325,0.425478,0.683913,0.536449,0.419116,0.467148,0.311702,0.412763,0.54175,0.527991,0.0816093,0.547792,0.189976,0.0319929,0.633361,0.335114,0.270583,0.658677,0.376117,0.550472,0.196853,0.38578,0.74945,0.495924,0.253639,0.374837,0.062882,0.504868,0.18959,0.375735,0.0622854,0.101482,0.544236,0.00342126,0.178051,0.649486,0.709902,0.321095,0.300702,0.403993,0.310151,0.459007,0.497538,0.319925,0.394752,0.44905,0.308276,0.442857,0.353775,0.482751,0.4031,0.284982,0.684683,0.190939,0.59484,0.327163,0.374117,0.656668,0.456718,0.106531,0.21096,0.187768,0.096447,0.133483,0.131612,0.284301,0.400675,0.314128,0.075158,0.218974,0.449134,0.746269,0.369864,0.478631,0.411045,0.162904,0.385329,0.503592,0.0107412,0.258561,0.365188,0.0334211,0.615672,0.180101,0.389003,0.52283,0.220867,0.275888,0.238816,0.432794,0.257503,0.190917,0.192077,0.324027,0.543538,0.722413,0.292501,0.615672,0.180101,0.272113,0.506346,0.83593,0.717964,0.42181,0.245759,0.630318,0.499146,0.336132,0.792409,0.586547,0.41165,0.464017,0.058466,0.240335,0.433705,0.418968,0.490285,0.435517,0.534183,0.390452,0.311431,0.107544,0.303253,0.356965,0.175125,0.34651,0.0321681,0.307232,0.101779,0.0294508,0.0701637,0.759489,0.405832,0.225228,0.41871,0.144287,0.875851,0.16066,0.881016,0.225497,0.0646184,0.102886,0.140741,0.120138,0.240335,0.433705,0.636797,0.226536,0.190875,0.114093,0.34566,0.293553,0.64763,0.694748,0.0558519,0.271032,0.238948,0.451203,0.51184,0.157316,0.117972,0.0423952,0.135268,0.223225,0.0511151,0.145611,0.524878,0.0632043,0.141944,0.0692629,0.215767,0.216891,0.634684,0.252574,0.360753,0.150133,0.0421141,0.379946,0.0205033,0.211451,0.383556,0.610427,0.128993,0.075158,0.218974,0.285796,0.534661,0.148473,0.513579,0.0225322,0.467847,0.239395,0.227111,0.421267,0.178343,0.303964,0.117392,0.287313,0.209957,0.117246,0.436078,0.374016,0.555747,0.495817,0.384173,0.426672,0.35318,0.0475297,0.0813694,0.278349,0.23747,0.453237,0.1358,0.666097,0.319166,0.0865571,0.14561,0.205515,0.313026,0.132276,0.282439,0.119922,0.134036,0.09233,0.141691,0.0879731,0.190939,0.59484,0.0582743,0.11868,0.0662309,0.169242,0.0696226,0.610237,0.323778,0.495428,0.0453554,0.066809,0.137298,0.101163,0.335686,0.443979,0.0451389,0.430971,0.165296,0.102798,0.182584,0.223225,0.0511151,0.0706624,0.146962,0.223756,0.278386,0.111889,0.144792,0.444509,0.388807,0.814433,0.401145,0.203887,0.494479,0.198204,0.0661038,0.235728,0.0848573,0.0902843,0.471549,0.108005,0.503368,0.126734,0.366274,0.172543,0.0795065,0.320446,0.169122,0.253066,0.21731,0.165352,0.470973,0.0962163,0.0852804,0.460015,0.0997232,0.219256,0.412727,0.2362,0.5921,0.335031,0.747209,0.201433,0.0918982,0.375082,0.346074,0.713763,0.375408,0.0955677,0.0784142
0.930692,0.740893,0.680485,0.154432,0.680426,0.437286,0,0.205628,0.632996,0.281654,0.275992,0.0423279,0.423336,0.211689,0,0.136559,0.466881,0.595893,0.776499,0.376657,0.503435,0.489191,0.143559,0.421182,0.341374,0.798585,0.494553,0.432904,0.292557,0.561389,0.449831,0.696837,0.736913,0.528451,0.501637,0.57385,0.434967,0.751507,0.630377,0.559593,0.705747,0.791794,0.556242,0.511264,0.247409,0.104466,0.131458,0.309969,0.606002,0.606104,0.320295,0.332872,0,0.316898,0.193663,0.507496,0.483812,0.771971,0.638646,0.629736,0.420691,0.763011,0.581056,0.387048,0.353117,0.209535,0.411986,0.544612,0.505612,0.201157,0.872722,0.55785,0.130507,0.493858,0.187854,0.763408,0.590396,0.0291868,0.459212,0.243901,0.148661,0.596399,0.37378,1,0.814966,0.285714,0.72816,0.0819602,0.384189,0.735372,0.665192,0.230519,0.337865,0.80969,0.774671,0.25422,0.836141,0.184633,0.528451,0.501637,0.648446,0.761371,0.124791,0.513054,0.264215,0.917842,0.439137,0.389524,0.400888,0.486669,0.189461,0.57345,0.826057,0.0900694,0.201708,0.466929,0.206584,0.138005,0.0402355,0.626156,0.305908,0.148751,0.335373,0.292843,0.289312,0.609127,0.212386,0.0356794,0.816988,0.185897,0.445785,0.23851,0.0690322,0.157625,0.168198,0.079716,0.55945,0.0895654,1,0.343719,0.280156,0.475639,0.465826,0.739529,0.478543,0.347047,0.616074,0.340552,0.870532,0.484773,0.441826,0.264702,0.0887308,0.899352,0.385536,0.0927429,0.35295,0.536827,0.291071,0.356686,0.217059,0.669092,0.464467,0.038906,0.153752,0.163516,0.25386,0.421269,0.35548,0.156271,0.0852428,0.161368,0.0851602,0.321282,0.310478,0.000295511,0.432565,0.129858,0.287938,0.0803941,0.58168,0.183279,0.432903,0.121533,0.338133,0.0111353,0.718344,0.553137,0.317189,0.359732,0.0286054,0.415021,0.472244,0.331184,0.316584,0.102007,0,0.431311,0.175078,0.136198,0.0801301,0.143239,0.324256,0.0397831,0.127798,0.792427,0.197842,0.249721,0.260485,0.362741,0.272387,0.81416,0.311782,0.551019,0.143831,0.204913,0.252305,0.285544,0.404286,0.40516,0.338088,0.652015,0.19697,0,0.427209,0.460386,0.428953,0.12936,0.387261,0.229987,0.553683,0.342794,0.519262,0.98257,0.284666,0.319048,0.652015,0.19697,0.356823,0.0339942,0.796963,0.727858,0.656733,0.286029,0.613241,0.175391,0.073515,0.723423,0.295526,0.247467,0.144682,0.0857609,0.581642,0,0.241951,0.526165,0.221777,0.558424,0.396366,0.439451,0.327105,0.49344,0.15405,0.144742,0.149731,0.0340658,0.545687,0.524693,0.37471,0.243403,0.700418,0.301561,0.333912,0.4543,0.38157,0.887689,0.509852,0.931661,1,0.233263,0.157696,0.170174,0.283985,0.581642,0,0.588968,0.596375,0.287048,0.161909,0.408911,0.279507,0.644867,0.813134,0.48218,0.232752,0.358498,0.484941,0.300293,0.616404,0.521046,0.378155,0.194548,0.35302,0.471252,0.172262,0.467102,0.403428,0.298223,0.384978,0.733748,0.144563,0.362071,0.175441,0.394614,0.256864,0.305957,0.265863,0.133693,0.292294,0,0.469656,0.346497,0.249721,0.260485,0.416385,0.628525,0.191329,0.498539,0.252248,0.329215,0.424353,0.167892,0.347449,0.169146,0.778141,0.234523,0.241078,0.538562,0.426732,0.710004,0.312658,0.586972,0.412768,0.327997,0.203257,0.369799,0.241141,0.363112,0.186892,0.463617,0.121922,0.488499,0.517784,0.171448,0.411103,0.242037,0.278684,0.271904,0.321988,0.978013,0.394385,0.138649,0.0853383,0.256015,0.304009,0.472244,0.331184,0.39172,0.188508,0.135468,0.312096,0.16403,0.0783176,0.178411,0.122616,0.151103,0.347397,0.152045,0.546783,0.140344,0.085243,0.0418204,0.894215,0.385678,0.233438,0.212699,0.35302,0.471252,0.238549,0.234415,0.52151,0.20872,0.513003,0.244429,0.393714,0.258059,0.833574,0.367618,0.347127,0.692931,0.0147837,0.302036,0.18838,0.420747,0.106029,0.268916,0.0514847,0.404703,0.27842,0.352375,0.200391,0.287875,0.849662,0.255907,0.314998,0.324141,0.455469,0.384231,0.314631,0.11203,0.606888,0.270281,0.623906,0.659376,0.477821,0.552379,0.211239,0.665501,0.447183,0.162995,0.615593,0.325911,0.246031,0.250109,0.389878,0.443228
0.61371,0.44144,0.388436,0.192947,0.609688,0.583776,0.264644,0.0984135,0.796659,0.359432,0.378649,0,0.261699,0.398163,0.114942,0.0608594,0.260155,0.624267,0.757248,0.675254,0.571102,0.393114,0.0466352,0.568847,0.263732,0.465172,0.430541,0.391209,0.555358,0.826758,0.766022,0.171589,0.120775,0.567512,0.572694,0.352004,0.415338,0.562302,0.337857,0.329034,0.385973,0.511883,0.407285,0.626176,0.282796,0.100465,0.34025,0.537383,0.431393,0.537344,0.453033,0.597461,0.22077,0.822458,0.0860278,0.843533,0.467075,0.90921,0.481526,0.910122,0.638644,0.745304,0.391847,0.263918,0.650261,0.20311,0.214729,0.844242,0.346289,0.395372,0.756752,0.471534,0.0887199,0.495085,0.211913,0.58002,0.492077,0.0361405,0.399514,0.206508,0.518998,0.322797,0.103033,0.405689,0.72394,0.173783,0.560479,0.0801527,0.444712,0.439206,0.642587,0.118508,0.184799,1,0.618162,0.32657,0.741468,0.219453,0.567512,0.572694,0.551818,0.560533,0.398188,0.100157,0.425871,0.744642,0.568231,0.127499,0.644431,0.544868,0.524468,0.301901,0.676073,0.198951,0.29486,0.520588,0.297982,0.0978921,0.224142,0.51551,0.424704,0.0851172,0.162673,0.322986,0.146575,0.877595,0.141999,0.170632,0.495166,0.146031,0.324255,0.47293,0.0512265,0.309102,0.170105,0.14506,0.379904,0.194683,0.750238,0.170492,0.284039,0.747411,0.594008,0.512233,0.687075,0.354467,0.808103,0.306693,0.626473,0.201061,0.361699,0.484129,0.0684545,0.667458,0.613303,0.087555,0.348314,0.668868,0.272541,0.310429,0.193745,0.834366,0.338559,0.101253,0.198039,0.116277,0.313513,0.36517,0.392036,0.0623968,0.34147,0.292339,0.0535832,0.389772,0.668335,0.260433,0.333675,0.263397,0.297034,0.0993825,0.415663,0.148533,0.724344,0.174636,0.383222,0.187929,0.29029,0.696985,0.521988,0.358542,0.152515,0.453145,0.495836,0.405993,0.211483,0.112287,0.18512,0.367778,0.0966913,0.215652,0.0729719,0.107058,0.180399,0.310887,0.340393,0.774665,0.140827,0.19941,0.211369,0.341577,0.410547,0.566134,0.210398,0.551084,0.200754,0.105621,0.222583,0.207144,0.230305,0.360594,0.484475,0.431039,0.177423,0.148772,0.37414,0.268801,0.600562,0.120185,0.354365,0.217004,0.440757,0.246604,0.414125,0.593266,0.305622,0.257711,0.431039,0.177423,0.256419,0.105317,0.862423,0.183908,0.686456,0.838257,0.565587,0.352207,0.133524,0.788408,0.19169,0.28738,0.0728019,0.150251,0.376315,0.128518,0.244734,0.594442,0.102221,0.5559,0.105879,0.394006,0.186585,0.584824,0.112251,0.11515,0.156018,0.220303,0.293911,0.362584,0.185573,0.262457,0.732072,0.281376,0.482713,0.259883,0.467602,0.857408,0.533454,0.822369,0.222295,0.271789,0.167423,0.17249,0.199096,0.376315,0.128518,0.856795,0.452389,1,0.198657,0.432493,0.156035,0.86082,0.641255,0.391049,0.203511,0.48372,0.481084,0.597325,0.359013,0.38175,0.244871,0.521228,0.348815,0.418508,0.0781627,0.383435,0.181898,0.339825,0.213963,0.41622,0.237451,0.464414,0.209137,0.179393,0.363379,0.160116,0.187681,0.138961,0.302617,0.172523,0.525225,0.63419,0.19941,0.211369,0.23575,0.402625,0.0734703,0.498977,0.112552,0.203072,0.0893694,0.101579,0.261678,0.156129,0.231135,0.094203,0.219304,0.677843,0.118757,0.702582,0.246046,0.724306,0.576215,0.482878,0.15365,0.371453,0.4718,0.21015,0.150436,0.213392,0.238326,0.223974,0.462646,0.209695,0.227824,0.193301,0.15529,0.312337,0.23255,0.535934,0.0696337,0.212878,0.073626,0.110774,0.161509,0.495836,0.405993,0.113311,0.191214,0.169781,0.233994,0.178664,0.287911,0.134517,0.244103,0.133565,0.188119,0.216637,0.312605,0.083012,0.324612,0.0409393,0.817974,0.207943,0.213174,0.0425112,0.348815,0.418508,0.364809,0.374618,0.546037,0.133411,0.253515,0.171066,0.1796,0.0953097,0.885987,0.390583,0.19078,0.267298,0.0729089,0.185377,0.0543402,0.369225,0.0516096,0.291648,1,0.403448,0.220344,0.148991,0.178537,0.231879,0.426664,0.191416,0.393743,0.250512,0.193689,0.227901,0.177851,0.175103,0.293194,0.325583,0.878803,0.468301,0.54681,0.275167,0.118298,0.640991,0.270203,0.106377,0.191317,0.23089,0.407479,0.0952568,0.184103,0.110963
0.826689,0.546681,0.307534,0.171795,0.42543,0.760209,0.520155,0.0912135,0.601478,0.427413,0.446364,0.448888,0.411533,0.385049,0.342841,0.527247,0.273213,0.607324,0.610533,0.212552,0.380901,0.426286,0.092845,0.578251,0.45857,0.491229,0.433002,0.539876,0.73233,0.690238,0.613042,0.390193,0.268217,0.684135,0.593783,0.306237,0.296499,0.507032,0.281806,0.318543,0.312516,0.394368,0.384864,0.363155,0.233844,0.375491,0.661232,0.508901,0.461189,0.594279,0.435259,0.65974,0.365396,0.922283,0.370945,0.812591,0.434049,0.742528,0.445504,0.654533,0.837115,0.720621,0.338454,0.35229,0.584819,0.536873,0.481851,0.420039,0.370068,0.617972,0.454531,0.520935,0.0823315,0.578209,0.370239,0.630933,0.476516,0.13807,0.227349,0.235635,0.554243,0.132045,0.297071,0.126779,0.142443,0.333068,0.444458,0.251414,0.495786,0.350613,0.473558,0.105294,0.394365,0.456451,0.261797,0.333497,0.616633,0.426383,0.684135,0.593783,0.469753,0.151999,0.379605,0.153488,0.329143,0.687563,0.420714,0.298998,0.705548,0.660708,0.0760473,0.348866,0.633445,0.292144,0.0854073,0.312284,0.484919,0.591174,0.471098,0.172859,0.471154,0.0498144,0.17228,0.287686,0.23636,0.667764,0.15438,0.0593351,0.324719,0.161551,0.204847,0.31709,0.0390981,0.254279,0.12451,0.146937,0.351025,0.355097,0.482686,0.17546,0.195527,0.854428,0.484624,0.532815,0.430863,0.175106,0.839381,0.450822,0.592449,0.0359538,0.405562,0.640723,0.445737,0.628449,0.634926,0.0222746,0.445437,0.397544,0.359425,0.240388,0.114956,0.167641,0.559172,0.025274,0.197285,0.485491,0.355956,0.269128,0.348059,0.0195572,0.17632,0.261135,0.66057,0.160443,0.259481,0.4102,0.228802,0.178614,0.310969,0.120199,0.531528,0.150509,0.264089,0.179242,0.179765,0.209937,0.0647496,0.539092,0.603165,0.433312,0.295822,0.489146,0.326267,0.437091,0.435908,0.167932,0.306956,0.257648,0.11593,0.2334,0.0247497,0.1184,0.405883,0.225256,0.326843,0.630602,0.320226,0.20632,0.173156,0.289862,0.594255,0.592008,0.203311,0.421238,0.219029,0.0921595,0.229835,0.198889,0.186553,0.269525,0.415186,0.360778,0.410719,0.111192,0.194261,0.287547,0.479752,0.036629,0.46662,0.285658,0.342355,0.170843,0.409589,0.541448,0.343639,0.203581,0.360778,0.410719,0.178234,0.195534,0.959227,0.283265,0.322453,0.339895,0.784665,0.169354,0.183283,0.815841,0.154006,0.435826,0.155701,0.106518,0.212793,0.238535,0.154104,0.494149,0.287933,0.530444,0.036093,0.423876,0.199249,0.616373,0.197177,0.0982897,0.293576,0.204197,0.320585,0.0164434,0.108767,0.163286,0.666911,0.185329,0.155696,0.282666,0.331226,0.843566,0.595216,0.903593,0.203776,0.102324,0.0581831,0.11698,0.173517,0.212793,0.238535,0.80514,0.513189,0.214354,0.169966,0.509737,0.0383586,0.712279,0.663765,0.364952,0.0906818,0.31239,0.492586,0.81021,0.205226,0.183735,0.168159,0.153675,0.222919,0.321712,0.249062,0.536731,0.17945,0.178038,0.0689796,0.253028,0.115802,0.507743,0.109873,0.194148,0.230933,0.0636552,0.428351,0.0792824,0.191198,0.3225,0.61838,0.390193,0.20632,0.173156,0.0918604,0.371489,0.230082,0.527169,0.0969749,0.406732,0.108668,0.0765789,0.220013,0.150023,0.153924,0.0419109,0.365666,0.559939,0.119402,0.905429,0.248474,0.785941,0.717428,0.690462,0.177944,0.243483,0.353343,0.154163,0.210006,0.150587,0.337704,0.192014,0.570239,0.249115,0.0777939,0.225003,0.120903,0.265945,0.0719068,0.369756,0.146613,0.138605,0.165024,0.0778085,0.0953864,0.326267,0.437091,0.130176,0.0852968,0.127041,0.157597,0.162885,0.450486,0.245697,0.476038,0.0802463,0.160116,0.0889738,0.101294,0.118432,0.310255,0.0274458,0.257274,0.170224,0.114589,0.133049,0.222919,0.321712,0.517186,0.107533,0.702853,0.183083,0.158571,0.0701805,0.540815,0.0834856,0.986335,0.405902,0.0507351,0,0.725415,0.176622,0.0916365,0.335641,0.0574088,0.4346,0.353211,0.155638,0.159693,0.0632132,0.311099,0.239518,0.114849,0.0723634,0.205212,0.106356,0.330731,0.241511,0.140332,0.100278,0.399075,0.214156,0.575625,0.355861,0.706104,0.200661,0.172415,0.52459,0.168261,0.132136,0.116148,0.13004,0.424012,0.0488738,0.199444,0.175066
0.380516,0.607641,0.493923,0.286903,0.461278,0.73742,0.365101,0.061486,0.425542,0.321336,0.34841,0.207538,0.343862,0.468736,0.541817,0.232329,0.277252,1,0.586975,0.581339,0.363221,0.494033,0.254823,0.331973,0.248592,0.353438,0.350622,0.363016,0.30337,0.398291,0.415207,0.230058,0.154919,0.561098,0.401383,0.3703,0.335086,0.798053,0.447183,0.459113,0.347738,0.553396,0.502337,0.740634,0.227309,0.303372,0.336565,0.525686,0.676359,0.621242,0.75065,0.623732,0.489118,0.487228,0.373457,0.648367,0.423095,0.898778,0.407966,0.658336,0.609764,0.787236,0.348773,0.281001,0.353327,0.217432,0.22015,0.318147,0.406712,0.606926,0.665958,0.456874,0.0854885,0.446496,0.447655,0.553202,0.535881,0.237063,0.35109,0.330443,0.376577,0.243501,0.207308,0.17984,0.22778,0.76984,0.376838,0.121785,0.437116,0.465494,0.662368,0.218833,0.189139,0.227991,0.484727,0.25798,0.72952,0.17023,0.561098,0.401383,0.560983,0.37048,0.307692,0.0912335,0.692526,0.711507,0.308902,1,0.691582,0.638088,0.38453,0.391055,0.488562,0.274526,0.102562,0.502505,0.515745,0.32014,0.314751,0.442135,0.318519,0.0955721,0.166135,0.272901,0.280655,0.962668,0.183151,0.104563,0.756464,0.134898,0.268201,0.318705,0.171185,0.116958,0.130794,0.147752,0.452586,0.267678,0.349553,0.197213,0.316452,0.786136,0.580794,0.421176,0.624375,0.402441,0.55815,0.474733,0.489309,0.0943497,0.362115,0.416742,0.0968944,0.766567,0.788023,0.0836232,0.44784,1,0.421377,0.169385,0.182446,0.843801,0.266379,0.0808983,0.169943,0.0569472,0.391786,0.259811,0.429184,0.214188,0.231155,0.242906,0.0421019,0.151096,0.278136,0.577512,0.266136,0.234688,0.336231,0.151932,0.384253,0.284523,0.251216,0.239358,0.270587,0.441775,0.205339,0.645461,0.4578,0.437038,0.206708,0.501679,0.248198,0.503662,0.141038,0.230894,0.451723,0.424464,0.152909,0.171381,0.0990418,0.123783,0.099025,0.286947,0.414077,0.549199,0.262036,0.255473,0.24202,0.314958,0.441809,0.659732,0.213948,0.370817,0.252334,0.128795,0.247956,0.121809,0.168204,0.382428,0.297498,0.496253,0.230003,0.294758,0.36414,0.287693,0.365303,0.0971197,0.382448,0.267272,0.257735,0.199704,0.404555,0.494257,0.299662,0.371176,0.496253,0.230003,0.222068,0.282995,0.838677,0.591992,0.368158,0.30477,0.371566,0.29499,0.221284,0.742035,0.445039,0.534266,0.192002,0.0891752,0.233708,0.244298,0.263624,0.524197,0.188605,0.534913,0.211213,0.352199,0.214399,0.555891,0.225222,0.138951,0.28201,0.17113,0.303243,0.106672,0.18691,0.0811769,0.638085,0.258941,0.228733,0.2905,0.210366,0.908162,0.514947,0.837674,0.197642,0.177366,0.113239,0.165106,0.156044,0.233708,0.244298,0.695831,0.412714,0.413277,0.13622,0.350533,0.150225,0.538868,0.757518,0.33091,0.197443,0.28354,0.435196,0.361056,0.177794,0.180716,0.119612,0.569019,0.591192,0.442959,0.0376909,0.534556,0.198982,0.197249,0.118744,0.311191,0.157592,0.41112,0.172218,0.160387,0.228482,0.142146,0.134353,0.0772042,0.304632,0.378906,0.514313,0.219668,0.255473,0.24202,0.167039,0.513621,0.0394888,0.458079,0.0437109,0.445537,0.174738,0.108112,0.295622,0.143826,0.22263,0.0560101,0.17646,0.411912,0.0689561,0.775962,0.291202,0.728142,0.304975,0.222008,0.278963,0.382826,0.206827,0.119769,0.189159,0.216328,0.366253,0.217184,0.338255,0.213524,0.12617,0.152778,0.154912,0.182292,0.130587,0.516973,0.399406,0.0737204,0.0621928,0.0732203,0.167872,0.248198,0.503662,0.109041,0.203146,0.106813,0.113142,0.0858842,0.299821,0.276089,0.48079,0.0438331,0.199493,0.162267,0.511253,0.102348,0.678791,0.0645358,0.651191,0.178561,0.193876,0.146285,0.591192,0.442959,0.148887,0.206266,0.343424,0.170708,0.228592,0.114193,0.201588,0.138037,0.850112,0.416438,0.23597,0.253639,0.191625,0.169211,0.123447,0.307291,0.0925094,0.324277,0.0762582,0.373604,0.145781,0.196515,0.14356,0.117329,0.217965,0.13047,0.482656,0.19537,0.24246,0.398354,0.128399,0.100793,0.379133,0.151217,0.294477,0.429141,0.283974,0.406679,0.242824,0.533652,0.183427,0.10756,0.267954,0.171754,0.746438,0.230863,0.131936,0.131257
0.731696,0.435115,0.525126,0.276741,0.714269,0.705264,0.555731,0.0335896,0.563643,0.266357,0.328361,0.262774,0.686525,0.332389,0.217078,0.272709,0.321661,0.36702,0.460035,0.140307,0.193091,0.648908,0.167932,0.360652,0.431062,0.439963,0.493384,0.481983,0.653421,0.604512,0.689337,0.338256,0.218329,0.555284,0.528212,0.393233,0.162691,0.414107,0.530905,0.491743,0.253113,0.594315,0.405242,0.693271,0.179963,0.250072,0.531313,0.4613,0.537189,0.637617,0.271928,0.467639,0.587698,0.624167,0.719971,0.565822,0.85573,0.695602,0.556522,0.558302,0.662787,0.408245,0.627199,0.548812,0.530212,0.171308,0.437434,0.522095,0.386098,0.496652,0.516113,0.265279,0.022892,0.40189,0.282973,0.604888,0.888701,0.0628241,0.636605,0.256159,0.343065,0.275635,0.28381,0.251437,0.217828,0.176228,0.593666,0.207404,0.375122,0.204994,0.367589,0.185869,0.315785,0.600375,0.545182,0.468635,0.79056,0.332622,0.555284,0.528212,0.665942,0.721865,0.297598,0.134587,0.271909,0.650147,0.377926,0.156489,0.448543,0.562786,0.751776,0.546812,0.720356,0.27239,0.153367,0.277925,0.372731,0.113279,0.0952553,0.672339,0.466742,0.0266293,0.370411,0.493411,0.482618,0.571772,0.305747,0.0607762,0.584792,0.204129,0.635634,0.265979,0.0748097,0.189487,0.11374,0.1566,0.901723,0.586182,0.260406,0.467078,0.348049,0.5297,0.555878,0.352198,0.69636,0.543842,0.600309,0.516713,0.715157,0.0228465,0.595302,0.446703,0.608327,0.703143,0.207951,0.0918435,0.438449,0.573474,0.25469,0.288842,0.225432,0.825958,0.397195,0.108634,0.192294,0.358996,0.379898,0.492964,0.539152,0.247302,0.237989,0.258844,0.00647686,0.16989,0.409363,0.235257,0.459024,0.136017,0.293248,0.119846,0.398776,0.309074,0.503416,0.146793,0.25544,0.195853,0.239565,0.551532,0.433254,0.78588,0.122437,0.411901,0.391988,0.498199,0.46348,0.204856,0.224568,0.595739,0.0999495,0.216939,0.114797,0.15526,0.129875,0.259779,0.486839,0.736782,0.199691,0.111301,0.307803,0.300344,0.471281,0.382976,0.562668,0.65188,0.225739,0.164237,0.290417,0.126675,0.112605,0.587412,0.276165,0.616346,0.274676,0.217107,0.603697,0.310887,0.470514,0.0979766,0.389514,0.293839,0.582279,0.113675,0.421203,0.511011,0.536115,0.492305,0.616346,0.274676,0.109561,0.16946,0.802915,0.892805,0.503313,0.600377,0.543191,0.403736,0.23318,0.677503,0.227293,0.43715,0.127289,0.106084,0.180252,0.156797,0.308693,0.537221,0.30316,0.52424,0.0366496,0.396838,0.20652,0.360775,0.187436,0.286141,0.274326,0.229658,0.269285,0.0509539,0.153144,0.0978437,0.628722,0.248857,0.171356,0.408579,0.354263,0.861535,0.383893,0.872469,0.206868,0.177716,0.0956746,0.164269,0.0595976,0.180252,0.156797,0.63736,0.230417,0.212848,0.2509,0.489359,0.172484,0.655819,0.659991,0.369564,0.34573,0.526275,0.398839,0.536162,0.147846,0.130477,0.255347,0.142367,0.331017,0.512503,0.128005,0.534457,0.137162,0.30484,0.0805264,0.553781,0.175976,0.537172,0.137512,0.169688,0.104326,0.102848,0.247792,0.124258,0.408514,0.223781,0.640336,0.26333,0.111301,0.307803,0.338969,0.745194,0.155904,0.509416,0.0415175,0.109936,0.281424,0.112628,0.100544,0.153145,0.386862,0.0914995,0.295453,0.423017,0.177874,0.425708,0.829391,0.647817,0.481741,0.148106,0.289001,0.39512,0.320183,0.155537,0.0785863,0.271822,0.282255,0.164918,0.684911,0.398918,0.035393,0.0440762,0.19728,0.247218,0.041936,0.378907,0.0969754,0.177786,0.0390771,0.0775999,0.0822795,0.391988,0.498199,0.136655,0.135349,0.0679242,0.115463,0.016956,0.112571,0.334649,0.144242,0.0472922,0.230187,0.22474,0.364188,0.213145,0.0896752,0.0327238,0.674624,0.156949,0.141081,0.239407,0.331017,0.512503,0.277621,0.0223723,0.48217,0.362275,0.0530973,0.108905,0.35268,0.223499,0.842717,0.301798,0.203075,0.392427,0.675412,0.131844,0.132375,0.151358,0.120165,0.275096,0.109871,0.261617,0.142884,0.209311,0.0662294,0.0848559,0.305135,0.163055,0.469688,0.378536,0.268964,0.3027,0.107298,0.0847717,0.0773488,0.0893543,0.41555,0.19082,0.421835,0.282609,0.254696,0.555667,0.0861483,0.0458776,0.393665,0.0943863,0.260565,0.211022,0.107887,0.0981377
0.670009,0.551635,0.346103,0.745396,0.216682,0.33356,0.491865,0.0636561,0.584433,0.367118,0.403254,0.280654,0.264122,0.497265,0.351116,0.384518,0.273874,0.687711,0.437378,0.427536,0.243785,0.527061,0.346476,0.451071,0.365742,0.245843,0.51768,0.391069,0.273939,0.521262,0.424935,0.000472366,0,0.390078,0.713715,0.187815,0.0325569,0.895102,0.307973,0.339882,0.412279,0.544404,0.316772,0.877845,0.302237,0.32915,0.482671,0.633546,0.602962,0.62083,0.582306,0.834381,0.749747,0.845237,0.326325,0.914595,0.147403,0.788166,0.555706,0.39286,0.59604,0.414581,0.173069,0.145011,0.419724,0.357837,0.497885,0.456443,0.24644,0.210323,0.642446,0.461368,0.137384,0.0577172,0.558823,0.535799,0.286675,0.0733511,0.101727,0.351843,0.229524,0.123939,0.304041,0.318035,0.21517,0.833587,0.530874,0.116051,0.573926,0.210942,0.536094,0.177664,0.134193,0.131421,0.466479,0.358275,0.775133,0.286004,0.390078,0.713715,0.411024,0.407253,0.240904,0.050307,0.468321,0.742385,0.402246,0.381808,0.584844,0.710295,0.466562,0.245376,0.573041,0.530612,0.263048,0.13479,0.555206,0.276389,0.0912936,0.17666,0.536425,0.287981,0.157694,0.451927,0.201561,0.789994,0.0697948,0.0763226,0.421658,0.199046,0.296801,0.480475,0.116999,0.2825,0.246453,0.26821,0.133948,0.367522,0.449555,0.31264,0.322222,0.458927,0.619464,0.0498618,0.912032,0.0988931,0.653409,0.469336,0.605396,0.140673,0.22646,0.291469,0.0304211,0.802637,0.491094,0.226681,0.603805,0.824264,0.5253,0.175664,0.263566,0.723544,0.467538,0.274108,0.450089,0.126051,0.57256,0.016922,0.244484,0.190347,0.0557599,0.440892,0.0273195,0.202737,0.66619,0.370456,0.133101,0.129737,0.369075,0.202492,0.305474,0.32145,0.0794503,0.28171,0.243898,0.27133,0.282194,0.788312,0.484964,0.486003,0.28668,0.580339,0.245503,0.718098,0.328775,0.261392,0.468872,0.162921,0.153408,0.186685,0.3059,0.14836,0.145792,0.0384669,0.553605,0.632263,0.283806,0.23483,0.180859,0.395429,0.56619,0.173606,0.317376,0.202463,0.356193,0.315413,0.520585,0.133686,0.215524,0.13301,0.436115,0.354292,0.212007,0.534937,0.269162,0.312445,0.368735,0.136316,0.361144,0.23092,0.15046,0.157606,0.328155,0.552352,0.447486,0.0957648,0.354292,0.212007,0.239495,0.446722,0.830075,0.191537,0.506964,0.511945,0.358439,0.494623,0.32506,0.725696,0.136688,0.56399,0.141784,0.101246,0.321861,0.291799,0.239489,0.551152,0.294429,0.537797,0.222508,0.412405,0.285038,0.580893,0.238602,0.106325,0.329252,0.204965,0.259771,0.180747,0.271006,0.114727,0.677132,0.301135,0.171528,0.163081,0.238282,0.84197,0.575318,0.804705,0.252024,0.143119,0.139157,0.076067,0.168529,0.321861,0.291799,0.610595,0.228356,0.369481,0.236978,0.475909,0.154091,0.682002,0.619161,0.274973,0.271992,0.167194,0.430613,0.217896,0.258221,0.124325,0.161794,0.342119,0.558179,0.314149,0.0813989,0.717563,0.171409,0.352266,0.125771,0.267637,0.147061,0.614293,0.158769,0.285508,0.230033,0.158616,0.269197,0.111026,0.123739,0.406361,0.731024,0.205824,0.23483,0.180859,0.329544,0.231835,0.108264,0.481087,0.0990051,0.180328,0.170291,0.144986,0.259419,0.170285,0.28368,0.0777575,0.220242,0.443456,0.126446,0.419404,0.285361,0.79878,0.567986,0.175923,0.49695,0.364455,0.112946,0.22175,0.114726,0.146656,0.188405,0.155809,0.541773,0.448244,0.225643,0.178042,0.239593,0.350306,0.193446,0.214299,0.0860676,0.0782473,0.0815213,0.131633,0.10248,0.245503,0.718098,0.126318,0.183261,0.10846,0.193516,0.135733,0.537822,0.383156,0.243681,0.0301737,0.172936,0.173756,0.307117,0.288444,0.508358,0.0276578,0.423133,0.150787,0.0524104,0.163533,0.558179,0.314149,0.340542,0.164722,0.501092,0.245698,0.275765,0.0852513,0.427917,0.237533,0.853695,0.433433,0.0689871,0.21806,0.0115003,0.112942,0.209081,0.294083,0.108587,0.48666,0.17625,0.442465,0.214624,0.207709,0.10488,0.119173,0.0968258,0.156091,0.302015,0.210654,0.131801,0.624883,0.213894,0.163881,0.228924,0.155948,0.169452,0.534612,0.448189,0.485067,0.22746,0.500094,0.126809,0.103422,0.135956,0.249166,0.697162,0.234686,0.113412,0.161022
0.375667,0.446684,0.394259,0.221923,0.143232,0.630706,0.472059,0.0789175,1,0.441728,0.462929,0.27391,0.184706,0.422788,0.394625,0.386143,0.262188,0.499398,0.77768,0.519205,0.610106,0.277169,0.112302,0.341547,0.251957,0.202028,0.6168,0.3762,0.394712,0.436832,0.440321,0.179178,0.13938,0.586486,0.523616,0.255111,0.29372,0.189639,0.293393,0.319755,0.688069,0.433148,0.460561,0.69936,0.301993,0.40014,0.385031,0.578248,0.806737,0.653326,0.483686,0.669716,0.525444,0.599405,0.248026,0.679448,0.374072,0.918174,0.271191,0.8722,0.846233,1,0.413442,0.427851,0.235993,0.284468,0.401775,0.440689,0.374454,0.398474,0.833297,0.635262,0.110654,0.598519,0.304072,0.560573,0.49764,0.100943,0.277008,0.298746,0.342123,0.235528,0.197468,0.271624,0.424947,0.396409,0.483129,0.154647,0.587393,0.429169,0.49135,0.145625,0.189148,0.357604,0.647766,0.433598,0.728721,0.12242,0.586486,0.523616,0.400575,0.39607,0.355584,0.0276787,0.572579,0.881538,1,0.443133,0.681305,0.856873,0.408077,0.395293,0.482487,0.301628,0.458995,0.332295,0.446301,0.214233,0.210088,0.248773,0.669258,0.0733407,0.333548,0.237204,0.303623,0.9316,0.12407,0.0720366,0.322915,0.157161,0.327246,0.404145,0.0484004,0.164081,0.176083,0.215797,0.326301,0.3207,0.585148,0.266831,0.30022,0.749047,0.496891,0.113278,0.514643,0.233974,0.137404,0.725932,0.63183,0.146398,0.286616,0.613261,0.198683,0.769576,1,0.0612068,0.498465,0.896902,0.429865,0.162573,0.1309,0.422067,0.293981,0.0597837,0.15269,0.217467,0.43557,0.347225,0.262668,0.064723,0.152503,0.195412,0.139183,0.190192,0.325363,0.418351,0.26356,0.0961934,0.487909,0.129621,0.478343,0.217282,0.225128,0.206477,0.305224,0.251619,0.201723,0.512487,0.546377,0.483693,0.260027,0.518536,0.347151,0.457558,0.15999,0.192201,0.34789,0.273424,0.128105,0.283264,0.0777629,0.132167,0.206617,0.169527,0.46953,0.575586,0.31286,0.130476,0.269201,0.536947,0.574381,0.177664,0.198681,0.709615,0.297681,0.172198,0.334297,0.207954,0.209602,0.245164,0.155394,0.384509,0.221261,0.170794,0.288641,0.330663,0.494402,0.126389,0.550088,0.229051,0.194551,0.211264,0.407215,0.493947,0.57086,0.250195,0.384509,0.221261,0.164706,0.250271,0.897653,0.296598,0.394724,0.586325,0.5918,0.122988,0.204701,0.899399,0.26299,0.435695,0.144379,0.0971422,0.49228,0.230716,0.174644,0.594726,0.256051,0.543667,0.0941175,0.646064,0.183903,0.558529,0.165272,1,0.320222,0.205043,0.298565,0.172747,0.172956,0.123917,0.566254,0.178123,0.189802,0.283307,0.247573,0.920799,0.53522,0.927198,0.248981,0.148868,0.0622843,0.199965,0.278589,0.49228,0.230716,0.688207,0.352016,0.355918,0.401083,0.616632,0.0483157,0.653319,0.760387,0.362481,0.133819,0.299987,0.469328,0.582995,0.215648,0.236941,0.214805,0.986946,0.456911,0.293263,0.0505955,0.598221,0.206061,0.19086,0.141302,0.337274,0.173814,0.80069,0.200785,0.199564,0.168736,0.160753,0.127279,0.0941991,0.233102,0.334927,0.783592,0.248352,0.130476,0.269201,0.160647,0.441166,0.0540961,0.547324,0.0883204,0.257664,0.271696,0.0977918,0.305639,0.14726,0.298297,0.0613096,0.13857,0.380014,0.125758,1,0.429114,0.678531,0.392566,0.31054,0.237484,0.309763,0.347995,0.260708,0.169171,0.244973,0.30451,0.259279,0.345657,0.21055,0.136087,0.148368,0.148725,0.299922,0.145348,0.404058,0.0205314,0.119804,0.0799012,0.118493,0.141677,0.347151,0.457558,0.140475,0.146108,0.15161,0.0779475,0.109675,0.298953,0.259499,0.205172,0.073042,0.153242,0.180354,0.250482,0.122671,0.463056,0.0500501,0.556977,0.168884,0.152225,0.120632,0.456911,0.293263,0.328162,0.188705,0.44747,0.259876,0.203386,0.09585,0.103097,0.0813533,0.787046,0.563084,0.189024,0.369952,0.0121564,0.241951,0.157587,0.201251,0.0481603,0.504568,0.177845,0.364642,0.235807,0.229648,0.11086,0.107352,0.21926,0.116386,0.324566,0.231615,0.286346,0.363484,0.142131,0.132983,0.205846,0.14209,0.361621,0.227682,0.403775,0.368297,0.187309,0.826219,0.114195,0.103848,0.240452,0.129054,0.543522,0.126053,0.121381,0.267983
0.587257,0.449269,0.429445,0.205595,0.590027,0.585713,0.595758,1,0.497165,0.703049,0.755945,0.324247,0.236689,0.180123,0.495744,0.301308,0.15478,0.402007,0.235642,0.503375,0.531369,0,0.267984,0.152223,0.71028,0.497307,0.579882,1,1,0.790297,0.75782,0.114601,0.0666877,0.723293,0.664575,0.296991,0.117187,0.29686,0.390569,0.554338,0.36305,0.313152,0.227409,0.277222,0.134645,0.186553,0.838641,0.702848,0.498384,0.533251,0.29617,0.54612,0.627009,0.654221,0.098433,0.426871,0,0.742853,0.426939,0.767927,0.928622,0.373708,0.0396994,0.259249,0.509788,1,1,0.576188,0.232532,0.720049,0.53128,0.388908,0.0900716,0.434808,0.501306,0.15295,0,0.13053,0.0202997,0.281346,0.437746,0.143102,0.751642,0.147282,0,0.101862,0.513924,0.82498,0.606332,0,0.466558,0,0.0798069,0.684476,0.364157,0.47857,0.787164,0.358247,0.723293,0.664575,0.681072,0.00271547,0.0834624,0.0793538,0.0472225,0.43403,0.651193,0.171707,0.668568,0.705389,0.381174,0.268948,0.262234,0.318912,0.0279781,0,0.516927,0.226362,1,0.430339,0.756426,0.964977,0.0822231,0.284419,0,0.725155,0.1556,0.417961,0.171768,1,0.349782,0.546023,0.143424,1,0.141236,0.254237,0.279587,0.574386,0.0786665,0.22173,0.380071,0.89364,0.561044,0.0522808,0.907359,0,0.320486,0.487668,0.642831,0.146406,0.291711,0.514431,0,0.321446,0.664332,0.160153,0.763391,0.640902,0.563467,0.752396,0.188317,0.480081,0.899755,0.20209,0.589728,0.0494391,0.286537,0.0452666,0.316647,0,0.0756624,0.335535,0.00930081,0.204641,0.472946,0.640073,0.300854,0.463425,0.245254,0.0421524,0.416821,0.168285,0,0.157029,0.185086,0.708254,0.681599,0.114621,0.501423,0.81135,0.836619,0.454921,0.750438,0.478038,0.477973,0.266484,0.457304,0.0388098,0.399895,0.25333,0.35401,0.0755709,0.271578,0.0486951,0.60886,0.488705,0.779935,0,0.156242,0.2194,0.775804,0,0.219625,0.123244,0,0.483931,0.250307,0.339752,0,0.100558,0.33303,0.40782,0.16169,0.193761,0,0.0779382,0.660419,0.395126,1,0.588174,0.291021,0.22225,0,0,0.610384,0,0.40782,0.16169,0.216079,0.37358,0.674375,0.211634,0.592457,0.363127,0.625701,0.177623,0.22716,0.408955,0.131998,0.458203,0.0752893,0.232058,0.513364,0.258413,0.482832,0.649738,1,0.556688,0.823487,0.374954,0,0.935311,0.550444,0.13266,0.109414,0.0792572,0.00544685,0.0408968,0.0835745,0,0.26733,0.952214,0.0370175,0.265777,0.21559,0.753594,0.390241,0.745444,0,0,0.086637,0.259595,0.490048,0.513364,0.258413,0.726486,0.331887,0.0251309,1,0.344119,0.495626,0.809947,0.854677,0.0586593,0.143452,0.28452,1,0,1,0.371558,0,0,0.390229,0.0720483,0.195174,0.908412,0.0720064,0.521539,0.19946,0,0.602132,0.769386,0.171889,0.706343,0.962585,0.0920742,0.458351,0.0565053,0.0487162,0.116893,0.744213,0.209805,0,0.156242,0,0.273385,0.405633,0.45076,0,0.6627,0.142174,0.0774471,0.304112,1,0.370235,0.214364,0.45132,0.21382,0,0.35866,0.175529,0.770805,0.597409,0.106871,0.422563,0.268444,0.278102,0.0873232,0.85657,0.61848,0.00878238,0.600793,0.542166,0.389036,0.542165,1,0,0,1,0.561654,0.0894592,0.719138,1,0.714343,0.0753158,0.750438,0.478038,0.316304,0.663024,0.194556,0.295707,0.838466,0.486011,0.813727,0.566498,0.019293,0.0662308,0.506763,0,0.643085,0.386718,0,0,0,0.860485,0.664209,0.390229,0.0720483,0.284284,0.335603,0.220457,0.105492,0.295688,0.10612,1,0.0682096,0.604334,0.20031,1,0.162966,0.0351735,0,0.0253298,0.4614,0,0.363055,0.845657,0.0249777,1,0.257654,0.714507,0.158023,0.0941846,0.247182,0.105441,0.203893,0,0.35602,0.770777,0.800778,1,0.888448,0.133811,0.530677,0,0.308965,0.152376,0,0.267218,1,0.223354,0.223524,0.4278,0.295379,1,0.649247
0.97162,0.778844,0.636885,0.185354,0.789072,0.685455,0.194,0.0970226,0.740405,0.25607,0.308174,0.267284,0.524111,0.162932,0.166801,0.289306,0.257609,0.370113,0.688179,0.397616,0.540264,0.5067,0.167989,0.617756,0.372504,0.62533,0.486115,0.513996,0.783082,0.733837,0.589929,0.680492,0.568956,0.645849,0.847964,0.451201,0.249372,0.745831,0.41904,0.415277,0.597689,0.609858,0.417484,0.233981,0.273713,0.168531,0.453664,0.458057,0.314841,0.472063,0.367825,0.347359,0.26042,0.70286,0.32155,0.552208,0.43367,0.643465,0.912039,0.843168,0.70759,0.458721,0.252547,0.204878,0.506138,0.378593,0.428124,0.806654,0.552702,0.450138,0.460926,0.329529,0.0536819,0.406704,0.279169,0.649582,0.482873,0.0352311,0.200515,0.449799,0.752566,0.332772,0.280934,0.608118,0.491472,0.311666,0.584159,0.155656,0.448843,0.540482,0.524375,0.13247,0.216382,0.381431,0.473238,0.291713,0.669777,0.563964,0.645849,0.847964,0.650604,0.415323,0.291425,0.411012,0.260861,0.60645,0.508862,0.103167,0.474997,0.435463,0.666401,0.484457,0.8162,0.26192,0.156497,0.337335,0.319857,0.11123,0.273161,0.4106,0.690742,0.162838,0.184745,0.523569,0.111463,0.44632,0.0977312,0.142099,0.185891,0.236637,0.329625,0.418889,0.0339177,0.18387,0.118799,0.193531,0.444563,0.324252,0.552584,0.283497,0.19402,0.591022,0.65813,0.307594,0.370585,0.305831,0.829703,0.466278,0.664553,0.211354,0.399751,0.779719,0.133602,0.538375,0.247146,0.100214,0.386114,0.365055,0.244867,0.370899,0.287451,0.434082,0.553889,0.118534,0.282034,0.168951,0.445356,0.266737,0.34393,0.0865097,0.17984,0.24707,0.0199366,0.198427,0.624574,0.216228,0.304125,0.351291,0.281958,0.1402,0.859374,0.269951,0.271173,0.124408,0.0701752,0.327848,0.220201,0.549872,0.507699,0.433051,0.179676,0.419997,0.625148,0.567277,0.54199,0.139236,0.238058,0.327746,0.235614,0.312736,0.183004,1,0.158829,0.175419,0.147641,0.939991,0.222544,0.220374,0.0242497,0.247503,0.624001,0.159205,0.186315,0.486048,0.13453,0.154994,0.250007,0.290123,0.178246,0.31695,0.533586,0.584641,0.435689,0.315343,0.371923,0.348844,0.526205,0.0411098,0.43192,0.433531,0.583496,0.140179,0.399561,0.528591,0.601153,0.253675,0.584641,0.435689,0.259219,0.177342,0.771734,0.219265,0.595925,0.595068,0.675075,0.450239,0.142971,0.812046,0.0551642,0.317952,0.0861423,0.151881,0.327144,0.245742,0.293682,0.623039,0.209191,0.549895,0.158447,0.521449,0.207313,0.715109,0.184257,0.0944516,0.338538,0.237707,0.200768,0.171647,0.243014,0.164671,0.56793,0.285728,0.266784,0.357495,0.385727,0.678083,0.26969,0.853513,0.199021,0.0875674,0.0787599,0.244296,0.23464,0.327144,0.245742,0.809949,0.625666,0.325078,0.360489,0.543365,0.0417868,0.884363,0.826228,0.382982,0.170902,0.453079,0.445045,0.627559,0.307216,0.111082,0.239532,0.118219,0.308041,0.331752,0.137349,0.462441,0.217453,0.371649,0.126006,0.333253,0.238806,0.569752,0.173924,0.198188,0.357756,0.248144,0.309473,0.0849222,0.191969,0.21787,0.584692,0.29461,0.220374,0.0242497,0.173312,0.308507,0.110693,0.428984,0.107286,0.380541,0,0.0971644,0.149666,0.181367,0.234092,0.121988,0.250655,0.438749,0.199429,0.416913,0.179014,0.774992,0.51259,0.193008,0.247421,0.244554,0.401787,0.263219,0.233971,0.1903,0.0776362,0.266721,0.583691,0.40604,0.198831,0.243661,0.222428,0.230717,0.175528,0.572327,0.640172,0.181829,0.119706,0.101322,0.179801,0.625148,0.567277,0.221682,0.199303,0.163924,0.18124,0.154573,0.48534,0.29755,0.252928,0.0728825,0.234006,0.325432,0.247286,0.188715,0.254231,0.0712676,0.461675,0.18276,0.146932,0.179472,0.308041,0.331752,0.495081,0.292621,0.692582,0.241431,0.299497,0.150351,0.288367,0.102184,0.927104,0.258577,0.0925118,0.0923553,0.666626,0.204323,0.0668739,0.412007,0.103957,0.395828,0.136747,0.206528,0.225859,0.157189,0.1249,0.16577,0.129354,0.107895,0.143853,0.124489,0.178542,0.364636,0.200637,0.20933,0.203023,0.268752,0.564022,0.315828,0.541556,0.0427038,0.0787363,0.46652,0.0759567,0.20331,0.114754,0.231459,0.247214,0.0410885,0.170958,0.273032
0.602305,0.433601,0.58727,0.328439,0.566178,0.755584,0.68761,0.0785285,0.728403,0.597102,0.632681,0.488925,0.432718,0.858565,0.427783,0.742756,0.230249,0.339713,0.404661,0.200985,0.345306,0.48977,0.203284,0.324929,0.399262,0.349149,0.505812,0.441543,0.506974,0.680983,0.727036,0.309805,0.218438,0.302981,0.479351,0.265204,0.210022,0.147286,0.403514,0.473734,0.39601,0.615819,0.498047,0.660887,0.29538,0.692086,0.495334,0.402843,0.695698,0.715133,0.238863,0.444257,0.467325,0.683738,0.109618,0.6558,0.510265,0.683753,0.426888,0.568503,0.484999,0.324525,0.67511,0.561809,0.483743,0.341694,0.49244,0.427946,0.359257,0.523304,0.820786,0.401544,0.106695,0.557137,0.521617,0.526368,0.618387,0.177299,0.543488,0.370408,0.281035,0.328709,0.411262,0.232529,0.294576,0.212623,0.37009,0.187132,0.369784,0.198199,0.670528,0.146081,0.294178,0.538741,0.699247,0.674094,0.819525,0.264113,0.302981,0.479351,0.632143,0.561623,0.223239,0.0765682,0.20471,0.644847,0.456658,0.206614,0.513795,0.436428,0.397715,0.694602,0.596874,0.327163,0.151475,0.399731,0.38504,0.290704,0.21888,0.612021,0.37286,0.220012,0.779131,0.531531,0.201602,0.632283,0.24916,0.0756444,0.57366,0.214248,0.181566,0.231829,0.167639,0.210992,0.184724,0.177865,0.611247,0.327821,0.412285,0.063233,0.29197,0.535053,0.58272,0.345953,0.564934,0.367258,0.463798,0.454837,0.592074,0.0271095,0.564261,0.593729,0.183962,0.578863,0.383195,0.178222,0.43036,0.422214,0.343996,0.21608,0.315502,0.559921,0.383017,0.161957,0.314307,0.120606,0.465363,0.340025,0.448044,0.143358,0.0492882,0.306357,0.0434941,0.133837,0.498711,0.40751,0.446186,0.125816,0.389736,0.242422,0.503426,0.326026,0.235117,0.222844,0.361213,0.388232,0.198047,0.347342,0.41696,0.477115,0.194187,0.405575,0.299707,0.592866,0.312059,0.249464,0.354442,0.475989,0.0864328,0.241164,0.14958,0.0729577,0.342298,0.112703,0.465429,0.627981,0.200433,0.106479,0.28454,0.384926,0.426072,0.300768,0.221824,0.569232,0.159858,0.230521,0.342698,0.140702,0.217109,0.42635,0.166198,0.617098,0.175132,0.347849,0.44092,0.258986,0.396316,0.116093,0.360956,0.260304,0.183987,0.170939,0.318998,0.448383,0.801905,0.335585,0.617098,0.175132,0.112076,0.348711,0.748401,0.181695,0.584611,0.305753,0.532459,0.455892,0.215437,0.698548,0.344767,0.360696,0.374073,0.0666761,0.283212,0.286365,0.247035,0.523904,0.329902,0.524071,0.180667,0.418861,0.16191,0.361764,0.259422,0.120982,0.336252,0.105472,0.246982,0.157277,0.149248,0.0555013,0.681334,0.147762,0.1416,0.44393,0.149251,0.831294,0.356617,0.826956,0.211122,0.0873554,0.09241,0.139137,0.0787003,0.283212,0.286365,0.664779,0.273369,0.192991,0.25753,0.383433,0.195732,0.684439,0.757546,0.133961,0.112159,0.182773,0.437121,0.39363,0.107413,0.126948,0.104471,0.18965,0.23258,0.339073,0.105205,0.491887,0.139069,0.0971191,0.0781161,0.34903,0.162588,0.521644,0.154069,0.189604,0.177444,0.179113,0.303215,0.0616282,0.335683,0.364698,0.524436,0.104007,0.106479,0.28454,0.142623,0.627659,0.117585,0.415297,0.0421092,0.209652,0.210166,0.140661,0.315547,0.148817,0.265796,0.108869,0.31264,0.205906,0.143456,0.499784,0.294432,0.547462,0.38215,0.37251,0.326198,0.324385,0.158207,0.178397,0.203784,0.138012,0.338729,0.237291,0.541431,0.411139,0.110891,0.126988,0.15311,0.205732,0.0872331,0.161849,0.0993851,0.0304631,0.0585388,0.0759352,0.0838983,0.299707,0.592866,0.0653508,0.0564375,0.0881099,0.0408719,0.0626572,0.134349,0.493533,0.462943,0.0238874,0.149172,0.0842119,0.143473,0.201096,0.11961,0.0361558,0.347305,0.159165,0.116855,0.242266,0.23258,0.339073,0.163866,0.254735,0.444751,0.195644,0.343616,0.135323,0.327008,0.234386,0.731105,0.553386,0.182448,0.17215,0.369357,0.158582,0.205277,0.110462,0.0749223,0.597831,0.0489889,0.283885,0.0650122,0.236445,0.0444477,0.0803486,0.198782,0.126605,0.317153,0.137006,0.205916,0.393297,0.0766514,0.0983632,0.133336,0.0868381,0.235074,0.284107,0.281615,0.240027,0.241489,0.728121,0.20672,0.088338,0.251838,0.1487,0.302384,0.164476,0.0748586,0.144317
0.93301,0.459938,0.451761,0.0932833,0.207866,0.366984,0.151255,0.107525,0.974336,0.49541,0.581829,0.325431,0.0748223,0.155386,0.251898,0.332087,0.339323,0.364799,0.0873569,0.471185,0.217721,0.26769,0.0448058,0.398312,0.261792,0.633299,0.73819,0.545418,0.96487,0.888988,0.882335,0.412544,0.358395,0.441497,1,0.36161,0.195432,0.32641,0.0505366,0.0498743,0.541919,0.476651,0.261447,0.487244,0.195611,0.12985,0.493951,0.337938,0.440666,0.584278,0.391233,0.506451,0.896898,0.801266,0.201223,0.952259,0.551396,0.584256,0.62813,0.499662,0.692577,0.52203,0.51688,0.321023,0.965331,0.273377,0.435324,0.788339,0.500406,0.479362,0.71663,0.530037,0.0630434,0.483392,0.293652,0.193038,0.441545,0.0380969,0.2169,0.128849,0.561217,0.757083,0.386973,0.486518,0.456601,0.339411,0.49713,0.118903,0.550993,0.680429,0.564676,0.185753,0.0401307,0.943621,1,0.145226,0.680905,0.878924,0.441497,1,0.376796,0.335083,1,0.22259,0.254884,0.580869,0.591654,0.315339,0.364746,0.334327,0.92169,0.496618,0.314401,0.263235,0.127732,0.335634,0.250807,0.123101,0.130789,0.350906,0.64401,0.042153,0.286502,0.54654,0.0949707,0.514775,0.0974385,0.0944413,0.258981,0.186342,0.485618,0.398165,0.0018333,0.457989,0.0775075,0.269677,0.899051,0.252696,0.393601,0.189334,0.286414,0.407614,0.665903,0.545617,0.69915,0.141632,1,1,0.668233,0.102946,0.694384,0.720395,0.0741394,0.333105,0.281006,0.0768576,0.501181,0.0644037,0.288401,0.317609,0.170709,0,0.589166,0.0682201,0.447627,0.0763993,0.541883,0.539065,0.648882,0.063744,0.125978,0.345024,0.0107143,0.116205,1,0.183029,0.5342,0.277637,0.378865,0.107457,1,0.290991,0.194691,0.176143,0.318449,0.380362,0.228747,0.814513,0.331567,0.435571,0.115175,0.459284,0.467201,0.628027,0.698944,0.138565,0.149763,0.186583,0.196155,0.489697,0.101443,0.213,0.171337,0.214218,0.779241,0.230156,0.257619,0.169898,0.0602058,0.47041,0.794142,0.350937,0.219185,0.902022,0.310267,0.149208,0.391847,0.198373,0.249982,0.310329,0.32185,0.433115,0.529502,0.249471,0.498247,0.373008,0.597448,0.183451,0.347663,0.33402,0.534478,0.154701,0.566313,0.279343,0.530469,0.104863,0.433115,0.529502,0.305908,0.183456,0.791923,0.115184,0.656774,0.823775,0.792774,0.372729,0.230189,0.803982,0.101903,0.419248,0.0645223,0.109691,0.327307,0.219085,0.241296,0.65795,0.467336,0.544845,0.12598,1,0.217113,0.860441,0.165523,0.0933471,0.327474,0.280067,0.213587,0.230769,0.238345,0.107861,0.326334,0.277636,0.258995,0.885564,0.545046,0.671566,0.351013,0.793068,0.18171,0.160913,0.0973715,0.28876,0.124711,0.327307,0.219085,0.874201,1,0.143725,0.721919,0.857852,0.0568224,0.9041,0.865871,0.205296,0.193272,0.400911,0.441784,0.574192,0.373666,0.182337,0.212975,0.226153,0.331491,0.363779,0.0444736,0.578156,0.248385,0.326004,0.152031,0.431733,0.17061,1,0.222497,0.343982,0.258052,0.170024,0.176903,0.117257,0.161038,0.496876,1,0.2026,0.169898,0.0602058,0.326719,0.654792,0.0657568,0.463507,0.0736848,0.533068,0.0930101,0.446866,0.313942,0.197762,0.321784,0.117436,0.398322,0.653449,0.279309,0.0899569,0.29042,0,0.588483,0.153283,0.316291,0.421837,0.839566,0.261832,0.178745,0.145974,0.104537,0.325357,0.494227,0.489894,0.169807,0.191216,0.14848,0.347624,0.269504,0.385469,0.0999096,0.249605,0.13693,0.159064,0.159569,0.467201,0.628027,0.157631,0.166698,0.168762,0.171908,0.17044,0.787012,0.341952,0.254545,0.0428002,0.206889,0.151992,0.218526,0.194462,0.279778,0.0582407,0.124212,0.211667,0.154564,0.15931,0.331491,0.363779,0.193461,0.139967,0.546568,0.150097,0.218338,0.124478,0.132317,0.194002,0.733636,0.0670086,0.208539,0.309051,0.814648,0.150167,0.152584,0.306361,0.125889,0.349951,0.101157,0.265363,0.263969,0.196658,0.245219,0.162036,0.660703,0.124974,0.140475,0.131164,0.141666,0.372769,0.23895,0.160923,0.384987,0.213036,0.732009,0.366276,0.298617,0.253012,0.108972,0.426594,0.0718204,0.186506,0.12239,0.130156,0.318295,0.0946487,0.173918,0.298896
0.591938,0.452102,0.221226,0.474326,0.441699,0.659818,0.386779,0.0633952,0.479764,0.229827,0.249623,0.197864,0.179683,0.279385,0.212633,0.135648,0.182506,0.733872,0.800228,0.756123,0.675079,0.23609,0.17723,0.389633,0.225581,0.0992822,0.396821,0.284126,0.151211,0.393021,0.355704,0.139955,0.063296,0.462242,0.425378,0.216518,0.114464,0.898895,0.271264,0.292066,0.637426,0.391441,0.295449,0.646362,0.206182,0.215247,0.294041,0.521305,0.724745,0.698227,0.571667,0.684781,0.387116,0.549406,0.302781,0.7263,0.630153,0.933149,0.397922,0.572919,0.647727,0.391039,0.626624,0.575598,0.0818583,0.0134303,0.12625,0.434166,0.228147,0.417487,0.909183,0.635122,0.173039,0.452791,0.698083,0.539055,0.708591,0.0624082,0.398055,0.367496,0.12252,0.628491,0.593642,0.327434,0.116804,0.524942,0.675066,0.0665227,0.487986,0.227647,0.428756,0.0564227,0.104198,0.356013,0.432879,0.231011,0.766717,0.0907616,0.462242,0.425378,0.485606,0.397736,0.0674716,0.0748881,0.361294,0.768198,0.4384,0.473945,0.678514,0.675754,0.0848793,0.608718,0.800335,0.497706,0.234249,0.30495,0.656206,0.366615,0.129223,0.735626,0.305855,0.20918,0.274076,0.312464,0.220292,0.840572,0.288602,0.235104,0.601488,0.0739856,0.181476,0.317484,0.131629,0.139381,0.143384,0.163364,0.622975,0.219195,0.255753,0.100985,0.34287,0.567827,0.49633,0.409559,0.5301,0.472176,0.139473,0.60398,0.342699,0.0862063,0.638825,0.307222,0.0275632,0.861512,0.733694,0.171829,0.598258,0.904339,0.395083,0.171203,0.378828,0.773973,0.237169,0.159295,0.199414,0.0654924,0.458583,0.547507,0.55811,0.346506,0.215763,0.340564,0.0185324,0.183957,0.189498,0.622331,0.483597,0.12755,0.434328,0.203018,0.307086,0.383574,0.0700406,0.255961,0.332746,0.348062,0.119645,0.428059,0.349942,0.391416,0.206519,0.485661,0.207351,0.51689,0.0320654,0.261416,0.505468,0.610069,0.0911624,0.321829,0.163809,0.0954174,0.0751267,0.321352,0.308005,0.36029,0.267934,0.0850568,0.392103,0.507159,0.479266,0.688937,0.303954,0.502143,0.214867,0.340049,0.36283,0.548546,0.159966,0.580335,0.129216,0.545344,0.231389,0.358659,0.453693,0.195165,0.380022,0.121378,0.390975,0.256924,0.0941108,0.147495,0.264241,0.412457,0.387464,0.500449,0.545344,0.231389,0.180616,0.362054,0.926492,0.795138,0.370496,0.484622,0.686172,0.541964,0.204425,0.746596,0.363489,0.457473,0.487404,0.0213924,0.248011,0.340107,0.361889,0.473786,0.290299,0.518108,0.255914,0.395964,0.132395,0.40516,0.295257,0.154428,0.414679,0.102273,0.233675,0.147795,0.0515937,0.0997305,0.711135,0.179596,0.130045,0.531388,0.207958,0.967449,0.430703,0.934269,0.142898,0.046491,0.11064,0.16099,0.059067,0.248011,0.340107,0.785772,0.229824,0.0809157,0.150957,0.376135,0.0789567,0.699883,0.70611,0.286781,0.161762,0.303017,0.443588,0.296148,0.259065,0.140424,0.143359,0.109059,0.425338,0.268728,0.0475102,0.529585,0.111144,0.0802526,0.0656711,0.126265,0.0484134,0.483949,0.276379,0.227514,0.239002,0.345512,0.226762,0.0829415,0.435899,0.329977,0.602505,0.242724,0.0850568,0.392103,0.0915593,0.68964,0.101194,0.510333,0.235548,0.171718,0.295597,0.0701392,0.209635,0.158869,0.206208,0.0565173,0.206271,0.397163,0.306272,0.716676,0.394838,0.96964,0.476181,0.23336,0.267056,0.347525,0.503365,0.129267,0.0894298,0.131993,0.457196,0.0943338,0.345715,0.283503,0.148196,0.100118,0.0937084,0.462936,0.111044,0.431597,0.295388,0.1666,0.160007,0.124859,0.143254,0.207351,0.51689,0.0653825,0.0787237,0.0470145,0.0400321,0.078244,0.15958,0.261245,0.35263,0.0728781,0.128149,0.157108,0.294718,0.150913,0.223367,0.0539129,0.406622,0.175795,0.291446,0.117084,0.425338,0.268728,0.106665,0.161979,0.27735,0.278999,0.129231,0.115135,0.155434,0.245026,0.888413,0.553715,0.0944015,0.280114,0.111888,0.0845517,0.150111,0.0981754,0.0712204,0.567652,0.0486722,0.162011,0.163402,0.264266,0.0870842,0.125761,0.197529,0.151673,0.429223,0.199417,0.0691781,0.291468,0.136008,0.00622463,0.646232,0.0742554,0.331532,0.810547,0.264783,0.421541,0.26031,0.708474,0.158878,0.0267889,0.271017,0.126237,0.527177,0.102272,0.053158,0.0326101
0.555022,0.37188,0.444163,0.321075,0.641699,0.836914,0.500816,0.0604574,0.422086,0.5416,0.616075,0.195559,0.465815,0.200741,0.60857,0.244611,0.268988,0.491523,0.565198,0.317547,0.174269,0.484742,0.270297,0.353037,0.283468,0.4914,0.241519,0.687442,0.871773,0.572006,0.534218,0.407048,0.271947,0.497951,0.272175,0.449054,0.294963,0.314473,0.353167,0.394325,0.0949955,0.466028,0.354595,0.536386,0.243023,0.534756,0.732074,0.497038,0.32181,0.487892,0.535427,0.270573,0.59609,0.538653,1,0.290656,0.580267,0.780102,0.416759,0.576063,0.567564,0.215675,0.436809,0.371967,0.281364,0.502552,0.550567,0.19181,0.239651,0.772986,0.571162,0.53922,0.0835622,0.520185,0.475063,0.4718,0.565479,0.16799,0.366871,0.382926,0.376605,0.334816,0.286939,0.145315,0.143842,0.254613,0.305817,0.0684059,0.39034,0.288429,0.572315,0.227615,0.155316,0.227836,0.30987,0.263279,0.635282,0.479965,0.497951,0.272175,0.647356,0.167227,0.325766,0.137855,0.27842,0.440163,0.299076,0.16221,0.554152,0.381591,0.531527,0.435342,0.476809,0.494037,0.133436,0.415658,0.730666,0.336378,0.17941,0.660777,0.219477,0.107834,0.214154,0.310145,1,0.65521,0.274039,0.103589,0.424687,0.0753008,0.216908,0.261024,0.0818099,0.147907,0.104866,0.150607,0.508951,0.987572,0.302693,0.167321,0.423173,0.833949,0.551548,0.432749,0.487756,0.504124,0.398492,0.339764,0.458843,0.0371599,0.626488,0.359247,0.285019,0.557188,0.339648,0.107401,0.47205,0.33402,0.598645,0.114347,0.295502,0.516416,0.346444,0.102811,0.25225,0.404327,0.457883,0.411388,0.47371,0.0719816,0.140522,0.453415,0.0194841,0.101301,0.585468,0.785676,0.375003,0.119186,0.371842,0.136061,0.39052,0.231946,0.207597,0.258026,0.301686,0.223946,0.0537159,0.320695,0.685383,0.953058,0.386475,0.87517,0.328562,0.949715,0.0904915,0.268684,0.537511,0.571858,0.0712108,0.0916975,0.095851,0.0800531,0.134508,0.25225,0.473855,0.572219,0.301156,0.27798,0.196331,0.340603,0.497402,0.609191,0.251999,0.40018,0.206157,0.243694,0.415862,0.0632582,0.187161,0.487411,0.224685,0.407907,0.282772,0.424026,0.574742,0.30157,0.400086,0.187974,0.310449,0.224991,0.306398,0.424665,0.190062,0.557782,0.498561,0.413963,0.407907,0.282772,0.152117,0.421253,0.833035,0.229159,0.444548,0.318137,0.606809,0.282204,0.300925,0.699519,0.343178,0.426645,0.258004,0.0425196,0.0849957,0.429718,0.252561,0.519103,0.179088,0.547176,0.228666,0.285727,0.169334,0.420267,0.222042,0.171978,0.306348,0.0669932,0.414678,0.125764,0.0913165,0.0710678,0.674849,0.205761,0.0715016,0.407019,0.219911,0.740443,0.457911,0.767013,0.239105,0.207524,0.160004,0.0753918,0.798815,0.0849957,0.429718,0.689823,0.276863,0.267103,0.0160307,0.193268,0.138115,0.699118,0.659701,0.200524,0.18388,0.225342,0.448662,0.638323,0.138345,0.0835131,0.100195,0.313571,0.373159,0.210611,0.202216,0.548751,0.102852,0.468417,0.117767,0.387703,0.13419,0.449698,0.102636,0.235412,0.109526,0.145622,0.265843,0.075664,0.242296,0.460448,0.39771,0.19078,0.27798,0.196331,0.226659,0.516788,0.153642,0.466903,0.103965,0.520933,0.128152,0.110857,0.595587,0.135232,0.180346,0.0882141,0.275171,0.295546,0.0956628,0.41599,0.245919,0.618584,0.498091,0.0837985,0.402261,0.329785,0.286597,0.0728119,0.0972299,0.153324,0.527229,0.132009,0.406327,0.380715,0.0871297,0.193051,0.148786,0.137509,0.196497,0.209532,0.185537,0.074594,0.070684,0.0831905,0.145343,0.328562,0.949715,0.163776,0.0210738,0.0681519,0.121809,0.165024,0.653426,0.319458,0.367949,0.0351178,0.0661858,0.177454,0.11838,0.184954,0.410437,0.0764882,0.300241,0.194779,0.18283,0.0773215,0.373159,0.210611,0.166403,0.187158,0.278407,0.419106,0.304066,0.336262,0.380197,0.21658,0.892017,0.35329,0.199168,0.381391,0.362253,0.15201,0.161358,0.132307,0.10017,0.415721,0.121383,0.233594,0.205076,0.217821,0.21576,0.115947,0.162475,0.139044,0.26539,0.1003,0.285996,0.3965,0.0991788,0.0478443,0.558927,0.746805,0.310875,0.700628,0.265054,0.681492,0.331435,0.600791,0.237532,0.0546975,0.341142,0.219609,0.596433,0.215696,0.0685986,0.105688
0.299816,0.409142,0.742031,0.293962,0.604259,0.642009,0.486894,0.0300662,0.632939,0.285611,0.33498,0.255725,0.496896,0.329721,0.799476,0.367812,0.408509,0.522582,0.41043,0.174449,0.407894,0.312674,0.20558,0.310001,0.566576,0.619794,0.302786,0.437328,0.683718,0.482663,0.709632,0.00811626,0.00270223,0.246663,0.348116,0.735654,0.421519,0.155779,0.659122,0.580406,0.262814,0.814604,0.568622,0.697707,0.278079,0.338822,0.749897,0.39508,0.365069,0.418855,0.364715,0.306348,0.724134,0.648044,0.0600661,0.465842,0.578416,0.592686,0.33266,0.308944,0.15458,0.138366,0.391023,0.323717,0.687069,0.577189,0.860281,0.796321,0.62429,0.318242,0.422049,0.222395,0.143132,0.561349,0.296974,0.478287,0.514816,0.0680469,0.397022,0.395444,0.522826,0.292066,0.457894,0.154986,0.153494,0.238311,0.294657,0.125958,0.296566,0.327928,0.72321,0.220884,0.182734,0.523705,0.343183,0.213655,0.682994,0.647492,0.246663,0.348116,0.727767,0.345365,0.513273,0.0497625,0.266662,0.529028,0.287733,0.232496,0.442714,0.376617,0.666307,0.382914,0.334481,0.296558,0.0669454,0.691164,0.269383,0.077717,0.221353,0.705584,0.477568,0.114273,0.252396,0.459896,0.270753,0.593798,0.294637,0.217155,0.718131,0.216114,0.668225,0.177788,0.118076,0.417754,0.184202,0.112086,0.658712,0.405509,0.311801,0.229401,0.371818,0.63191,0.742892,0.757447,0.351571,0.360248,0.461232,0.279023,0.28198,0.145241,0.508363,0.450108,0.101365,0.520963,0.202737,0.119428,0.312297,0.383652,0.38811,0.28157,0.25211,0.235029,0.405966,0.088751,0.31681,0.114403,0.411099,0.460983,0.409868,0.233984,0.0894385,0.24353,0.0342335,0.146497,0.468634,0.176748,0.321354,0.259762,0.262499,0.118021,0.476569,0.24066,0.409758,0.239883,0.319666,0.160778,0.105862,0.603388,0.226183,0.503129,0.574364,0.448432,0.471517,0.84467,0.412136,0.138158,0.209663,0.3577,0.253445,0.187156,0.0736348,0.197084,0.123548,0.115764,0.567147,0.337189,0.0238104,0.259394,0.371539,0.199512,0.477624,0.831283,0.279824,0.511805,0.201205,0.262304,0.333584,0.169654,0.586558,0.322711,0.0493042,0.726657,0.481526,0.403499,0.577923,0.420036,0.314646,0.383398,0.385594,0.29426,0.467825,0.332495,0.560129,0.353555,0.317859,0.245679,0.726657,0.481526,0.230966,0.31239,0.714792,0.124388,0.161291,0.526262,0.505731,0.649908,0.466975,0.692489,0.956514,0.351789,0.128955,0.399029,0.23388,0.241799,0.300217,0.538872,0.219474,0.54727,0.170082,0.321064,0.289453,0.666604,0.192752,0.33931,0.199247,0.275461,0.284382,0.405242,0.362832,0.0365915,0.812503,0.2115,0.421469,0.362856,0.170077,0.805346,0.732373,0.860581,0.364622,0.166916,0.322138,1,0.143389,0.23388,0.241799,0.593384,0.235042,0.416423,0.217672,0.293526,0.30709,0.337292,0.680115,0.240812,0.396509,0.314462,0.483694,0.749077,0.0748143,0.211211,0.311358,0.0899137,0.357792,0.348878,0.38056,0.568855,0.249037,0.326411,0.169112,0.452563,0.217378,0.444102,0.239895,0.154539,0.652342,0.272777,0.265354,0.116766,0.301708,0.450972,0.408424,0.0795169,0.259394,0.371539,0.272275,0.532357,0.182882,0.484049,0.0757857,0.305847,0.439813,0.0572087,1,0.252436,0.315021,0.14175,0.302069,0.235078,0.179724,0.360307,0.599242,0.41607,0.587107,0.199828,0.437857,0.474569,0.138962,0.620562,0.208942,0.284506,0.120245,0.156876,0.494051,0.482008,0.173798,0.176875,0.194402,0.532431,0.198163,0.526847,0.122799,0.54786,0.0922359,0.1484,1,0.471517,0.84467,0.530232,1,0.104511,0.164259,0.108394,0.740729,0.417278,0.277745,0.0429062,0.178994,0.311119,0.271248,0.252852,0.427809,0.0551029,0.667132,0.153336,0.252388,0.186485,0.357792,0.348878,0.136174,0.203214,0.402518,0.287588,0.281379,0.170987,0.394234,0.642162,0.810954,0.431738,0.222138,0.52214,0.480871,0.701391,0.211387,0.226467,0.124761,0.588805,0.333928,0.4305,0.118175,0.783783,0.0992605,0.277664,0.0933795,0.152652,0.284081,0.251022,0.296261,0.577258,0.06989,0.141708,0.379331,0.173329,0.271067,0.32689,0.267296,0.330497,0.258588,0.592423,0.463962,0.153124,0.997804,0.561585,0.584267,1,0.649201,0.281269
0.534133,0.537702,0.71372,0.265693,0.777464,0.943219,0.583573,0.0484615,0.323542,0.651398,0.72616,0.418425,0.56956,0.547011,0.463891,0.455844,0.234394,0.416733,0.264337,0.526326,0.236298,0.570067,0.182677,0.231999,0.499942,0.575353,0.406743,0.675877,0.763007,0.586767,0.595221,0.471012,0.374306,0.386172,0.485974,0.597723,0.498806,0.416331,0.564218,0.537874,0.0693333,0.676442,0.652138,0.415664,0.230895,0.502329,0.38961,0.280164,0.353112,0.410616,0.348384,0.18741,0.192921,0.206582,0.509857,0.300949,0.475909,0.687378,0.755791,0.610762,0.601795,0.530166,0.54548,0.437594,0.341108,0.196976,0.446658,0.526699,0.594258,0.68952,0.313961,0.143947,0.0871942,0.677397,0.290964,0.521892,0.533274,0.100097,0.351361,0.34186,0.452327,0.314582,0.432656,0.0583491,0.46136,0.237801,0.499777,0.268759,0.378006,0.354292,0.440028,0.264266,0.62761,0.543728,0.997889,0.645744,0.904727,0.359708,0.386172,0.485974,0.800551,0.881804,0.205116,0.183257,0.225642,0.761874,0.309925,0.237738,0.222084,0.646005,0.56403,0.537339,0.568768,0.263101,0.130887,0.42785,0.34584,0.11162,0.317614,1,0.648845,0.0908235,0.289452,0.337039,0.20875,0.702436,0.197565,0.152448,0.640874,0.208133,0.260998,0.303601,0.0704485,0.343446,0.128826,0.194556,0.558284,0.250935,0.287583,0.241013,0.276618,0.50753,0.51305,0.613081,0.610758,0.347285,0.741047,0.3465,0.615297,0.0963071,0.406044,0.529668,0.197977,0.599985,0.35932,0.148514,0.403474,0.692852,0.370843,0.421813,0.17378,0.710707,0.519673,0.128257,0.144566,0.128063,0.432001,0.261689,0.427103,0.0690209,0.156481,0.288274,0.0157153,0.175038,0.634973,0.265835,0.285036,0.17521,0.337876,0.133208,0.621599,0.239269,0.363343,0.165709,0.231318,0.237898,0.191631,0.474717,0.356399,0.422781,0.135458,0.475739,0.562114,0.45347,0.355874,0.164016,0.302952,0.408773,0.158542,0.151546,0.122841,0.140167,0.140754,0.14738,0.251171,0.836015,0.185926,0.156037,0.243195,0.351168,0.506318,0.48501,0.191639,0.435677,0.210633,0.179464,0.325202,0.154553,0.197007,0.356484,0.237196,0.617142,0.423703,0.210163,0.345315,0.278746,0.561517,0.0638096,0.341365,0.38049,0.57037,0.122345,0.421726,0.414778,0.434571,0.265981,0.617142,0.423703,0.23188,0.230691,0.720824,0.316682,0.567861,0.59782,0.512668,0.220208,0.180743,0.622479,0.181614,0.318766,0.301556,0.06076,0.48174,0.213416,0.18224,0.548381,0.281163,0.530536,0.163271,0.366012,0.19004,0.623623,0.19643,0.161375,0.276464,0.137676,0.251649,0.17224,0.175804,0.07951,0.583538,0.123574,0.143034,0.379125,0.395282,0.830012,0.555958,0.847437,0.1727,0.149674,0.0998815,0.101054,0.157407,0.48174,0.213416,0.713127,0.467102,0.387615,0.217535,0.615924,0.119033,0.653634,0.81276,0.345027,0.205046,0.500554,0.403613,0.496545,0.24473,0.241062,0.184376,0.165085,0.592077,0.431922,0.257429,0.492151,0.184952,0.343943,0.0951069,0.350674,0.0512658,0.368429,0.176936,0.16679,0.193543,0.0928408,0.365986,0.10563,0.264358,0.336602,0.485007,0.354377,0.156037,0.243195,0.174689,0.461634,0.191219,0.475888,0.080866,0.145323,0.233072,0.131361,0.119682,0.12782,0.419001,0.0575175,0.315951,0.428398,0.144685,0.698906,0.277683,0.630707,1,0.358546,0.295399,0.321245,0.392742,0.152898,0.0457559,0.305712,0.283201,0.195845,0.564422,0.26076,0.185642,0.0920139,0.225883,0.288441,0.0147287,0.288844,0.167127,0.10936,0.0688841,0.0683481,0.129414,0.562114,0.45347,0.0719471,0.130993,0.0959462,0.107992,0.056664,0.216395,0.237446,0.311616,0.0480224,0.207466,0.120701,0.113221,0.199517,0.201337,0.0279782,0.681269,0.144539,0.0949446,0.160869,0.592077,0.431922,0.185794,0.248153,0.429574,0.214734,0.185259,0.141218,0.464401,0.0963942,0.730115,0.372836,0.111238,0.190642,0.258753,0.0549814,0.183366,0.144653,0.0308042,0.416073,0.0356696,0.223196,0.163599,0.591069,0.0663451,0.103372,0.262906,0.517633,0.299822,0.185344,0.187018,0.365349,0.118023,0.0443901,0.138404,0.083256,0.49704,0.337604,0.311977,0.193333,0.19986,0.573066,0.254512,0.0770316,0.204012,0.151948,0.357915,0.150589,0.0895513,0.140877
0.759403,0.463723,0.449511,0.238364,0.759194,0.662504,0.416076,0.0700748,0.645039,0.43868,0.442225,0.280351,0.349766,0.258963,0.401506,0.211879,0.142081,0.389503,0.699288,0.30594,0.518618,0.546009,0.0517334,0.605456,0.578742,0.322162,0.517325,0.323975,0.570597,0.603246,0.63255,0.185825,0.145781,0.629614,0.626155,0.37681,0.262926,0.492013,0.260196,0.276996,0.531134,0.531257,0.398274,0.732098,0.279501,0.365685,0.295899,0.305601,0.763111,0.795872,0.44257,0.477996,0.466291,0.658161,0.251723,0.553157,0.384045,0.854977,0.670874,0.750323,0.572599,0.456758,0.317033,0.267751,0.472217,0.24041,0.146851,0.531964,0.423244,0.204165,0.628289,0.425688,0.0839159,0.313919,0.228581,0.616494,0.341918,0.850281,0.129427,0.322745,0.70508,0.134088,0.264405,0.286539,0.429196,0.259809,0.396817,0.137064,0.58714,0.723137,0.769978,0.22927,0.112312,0.627198,0.822632,0.423188,0.792234,0.266185,0.629614,0.626155,0.737883,0.591552,0.332029,0.104658,0.361475,0.769882,0.518547,0.218497,0.471917,0.593336,0.552511,0.335794,0.482837,0.205357,0.284178,0.507007,0.343085,0.131842,0.261831,0.49249,0.634215,0.0511623,0.410997,0.361256,0.288605,0.735681,0.0765798,0.120892,0.492059,0.29649,0.451871,0.583087,0.0225976,0.29802,0.17487,0.173191,0.245295,0.359284,0.565567,0.268117,0.227534,0.722925,0.602445,0.571787,0.558743,0.17168,0.711382,0.44163,0.627522,0.170371,0.147184,0.15659,0.0596617,0.668216,0.450438,0.0502643,0.510259,0.61534,0.282046,0.355062,0.136616,1,0.500741,0.100957,0.200703,0.064971,0.422925,0.273118,0.0909702,0.266832,0.229021,0.222444,0.0510903,0.202403,0.64169,0.312825,0.234455,0.227827,0.299349,0.0861494,0.681335,0.21213,0.649175,0.154282,0.165083,0.192023,0.170057,0.632448,0.494105,0.491424,0.139001,0.468959,0.561966,0.413372,0.459336,0.0917166,0.145404,0.160522,0.136998,0.375622,0.135386,0.110912,0.124803,0.216309,0.336338,0.872129,0.1487,0.15904,0.193211,0.282722,0.58728,0.60102,0.166299,0.471362,0.129503,0.0537322,0.154974,0.242294,0.228845,0.103074,0.365918,0.603306,0.256959,0.214631,0.164288,0.36428,0.379087,0.126635,0.45729,0.321116,0.581994,0.252596,0.412882,0.629186,0.71451,0.128377,0.603306,0.256959,0.282209,0.125083,0.884434,0.81789,0.534925,0.665911,0.437373,0.294145,0.212743,0.719102,0.149408,0.392116,0.105843,0.132894,0.381383,0.233264,0.203605,0.573884,0.257041,0.554201,0.100398,0.427974,0.198012,0.589873,0.202087,0.123001,0.204976,0.24235,0.254772,0.238564,0.235831,0.147816,0.606095,0.189625,0.293473,0.244407,0.265659,0.857537,0.242794,0.815278,0.183762,0.0867546,0.0248575,0.221978,0.221284,0.381383,0.233264,1,0.706556,0.427667,0.214179,0.601875,0.0684144,0.606747,0.863259,0.531068,0.13997,0.315846,0.439271,0.541276,0.310546,0.266863,0.258471,0.164115,0.742833,0.37438,0.17947,0.486133,0.176899,0.30226,0.131216,0.311315,0.101757,0.67757,0.173314,0.207223,0.22517,0.211,0.31407,0.160857,0.153879,0.376806,0.626693,0.123511,0.15904,0.193211,0.201978,0.26075,0.215251,0.637712,0.0983534,0.148725,0.134518,0.122233,0.169278,0.150583,0.29115,0.136506,0.250384,0.398843,0.112102,0.285775,0.261278,0.753974,0.541654,0.242174,0.161675,0.194676,0.408683,0.25948,0.189058,0.219905,0.120355,0.269702,0.561469,0.280769,0.1473,0.147709,0.114734,0.23182,0.19047,0.49109,0.191146,0.199699,0.0782487,0.0418801,0.201075,0.561966,0.413372,0.11442,0.183815,0.124508,0.155303,0.0786,0.280134,0.252198,0.136922,0.0604244,0.264296,0.21476,0.253031,0.199766,0.252978,0.0356404,0.688842,0.185864,0.145768,0.149138,0.742833,0.37438,0.219936,0.232128,0.428033,0.12433,0.1903,0.15879,0.42748,0.0637427,0.874726,0.299593,0.218431,0.236124,0.126731,0.134843,0.109319,0.233551,0.0924811,0.37242,0.098707,0.294675,0.26983,0.123887,0.086915,0.123757,0.252567,0.177165,0.279584,0.175983,0.152344,0.332408,0.14462,0.153788,0.147402,0.161345,0.444964,0.241496,0.302088,0.356639,0.100254,0.524872,0.135836,0.108991,0.216053,0.151309,0.401993,0.144872,0.163876,0.237235
0.558771,0.607492,0.464805,0.431363,0.411036,0.62988,0.639225,0.0594289,0.811129,0.590098,0.63918,0.311481,0.251432,0.501799,0.636852,0.522969,0.298123,0.376125,0.492754,0.422697,0.512934,0.749383,0.147622,0.383899,0.281022,0.327606,0.372638,0.640012,0.618176,0.619642,0.523957,0.21026,0.143561,0.575233,0.609705,0.185909,0.196959,0.516076,0.337738,0.421451,0.650203,0.562805,0.53315,0.258024,0.176064,0.521039,0.611054,0.430698,0.618027,0.548016,0.285473,0.479447,0.514306,0.31,0.815164,0.43507,0.301613,0.711018,0.306315,0.658171,0.64189,0.690038,0.429552,0.499776,0.395612,0.262344,0.526249,0.377195,0.365504,0.32127,0.606174,0.457473,0.261522,0.586203,0.459461,0.635456,0.446725,0.210818,0.205524,0.189713,0.309763,0.109282,0.305607,0.27971,0.3418,0.226301,0.732933,0.181072,0.361035,0.439841,0.318697,0.179578,0.467554,0.46231,0.59225,0.602809,0.795664,0.306853,0.575233,0.609705,0.494142,0.988698,0.273149,0.0682303,1,0.790143,0.441983,0.14988,0.68272,0.771722,0,0.413102,0.762456,0.283248,0.0997861,0.344906,0.395606,0.213785,0.225208,0.57077,0.447079,0.170519,0.507644,0.218889,0.223738,0.709722,0.13693,0.0928567,0.541369,0.166334,0.264085,0.318168,0.168194,0.214178,0.0507851,0.167183,0.307546,0.266978,0.479385,0.234084,0.29524,0.554037,0.492312,0.233884,0.655991,0.143587,0.675001,0.57644,0.686942,0.10072,0.219362,0.483828,0.0488633,0.785536,0.800917,0.0858686,0.388418,0.580035,0.317588,0.290067,0.220877,0.605448,0.424762,0.0850011,0.174066,0.0332394,0.385617,0.177583,0.265626,0.113845,0.119266,0.256399,0.021628,0.178582,0.397086,0.411521,0.185471,0.283521,0.355186,0.17825,0.503388,0.254466,0.398052,0.224705,0.318024,0.360702,0.178425,0.640484,0.634509,0.428496,0.191801,0.482739,0.305566,0.472054,0.292539,0.199632,0.384231,0.188995,0.180296,0.160201,0.0946217,0.159995,0.19609,0.130251,0.393823,0.551964,0.142519,0.26818,0.220123,0.337074,0.31029,0.485059,0.227383,0.264419,0.220341,0.189416,0.248197,0.147014,0.228938,0.19065,0.244853,0.233243,0.265105,0.287379,0.204682,0.3027,0.435712,0.143707,0.483152,0.232903,0.271747,0.179845,0.402107,0.487616,0.449407,0.162977,0.233243,0.265105,0.195449,0.293854,0.968491,0.248369,0.655616,0.189781,0.603928,0.227811,0.160903,0.865426,0.258948,0.447408,0.207201,0.0894715,0.252341,0.236806,0.166583,0.553831,0.209965,0.53525,0.139678,0.366907,0.22729,0.401022,0.223068,0.142607,0.357369,0.166612,0.27589,0.132137,0.152135,0.100311,0.6342,0.223755,0.166668,0.238397,0.477461,0.896586,0.596324,0.895445,0.262681,0.108171,0.381067,0.209338,0.145262,0.252341,0.236806,0.595993,0.188823,0.645361,0.188668,0.398664,0.18149,0.78495,0.524228,0.358833,0.2064,0.429702,0.426122,0.582236,0.226172,0.228377,0.17471,0.190897,1,0.288416,0.17893,0.493698,0.171084,0.182278,0.156416,0.306119,0.105137,0.463194,0.166487,0.169662,0.256284,0.189997,0.206166,0.104023,0.213406,0.347424,0.637313,0.435165,0.26818,0.220123,0.209995,0.318188,0.144439,0.418034,0.113633,0.419058,0.244549,0.645318,0.169529,0.124296,0.250416,0.0681107,0.198017,0.596445,0.21227,0.899004,0.262602,0.759852,0.365873,0.222834,0.267324,0.330291,0.0996277,0.173049,0.15835,0.133111,0.320079,0.178237,0.443498,0.195602,0.114384,0.184968,0.142454,0.252316,0.128847,0.60204,0.723029,0.126479,0.0818729,0.0885648,0.0865047,0.305566,0.472054,0.143899,0.258711,0.119305,0.116754,0.0957883,0.147215,0.291377,0.422747,0.0261821,0.162837,0.216413,1,0.117146,0.258087,0.0675597,0.652036,0.151445,0.0612185,0.171898,1,0.288416,0.240947,0.115614,0.441796,0.115964,0.213545,0.108803,0.253501,0.127974,0.901165,0.379624,0.162825,0.170585,0.316105,0.110094,0.143335,0.260416,0.111655,0.44087,0.175122,0.227931,0.132862,0.243735,0.156552,0.126313,0.15135,0.0927087,0.263591,0.182029,0.173699,0.395085,0.129699,0.116267,0.329264,0.136463,0.425715,0.372467,0.421252,0.455793,0.255789,0.64695,0.225881,0.0997772,0.145569,0.129375,0.414136,0.109536,0.14336,0.168886
0.406652,0.210097,0.921611,0.217695,0.903926,0.823352,0.297894,0.204772,0.334178,0.295578,0.344053,0.114465,0.460545,0.121692,0.620552,0.184426,0.863215,0.322866,0.277657,0.578756,0.256038,0.514015,0.101878,0.064691,0.342556,0.976077,0.46156,0.582975,0.724533,0.655444,0.710902,0.369921,0.29717,0.844799,0.394421,1,0.741519,0.551843,0.835121,0.74592,0.245071,0.9353,0.711649,0.576728,0.305127,0.333376,0.521435,0.232197,0.171334,0.26635,0.339474,0.296184,0.667915,0.626732,0.108413,0.519081,0.428653,0.473784,0.896947,0.52271,0.65155,0.351447,0.407065,0.365003,0.517676,0.179242,0.456568,0.58203,0.742639,0.256115,0.224216,0.28887,0.153339,0.661054,0.2526,0.646039,0.471492,0.114489,0.30981,0.293312,0.427017,0.492823,0.237797,0.0891916,0.315531,0.111594,0.172838,0.322936,0.533496,0.33477,0.681473,0.36191,0.228231,0.525836,0.53932,0.723161,0.751911,0.727362,0.844799,0.394421,0.858736,0.465601,0.432702,0.113589,0.173699,0.659838,0.31135,0.1114,0.139757,0.543709,0.602948,0.40568,0.191203,0.224445,0.273192,0.742574,0.317482,0.067331,0.233835,0.835825,0.55475,0.142271,0.0329766,0.383412,0.204269,0.435863,0.143498,0.121804,0.906818,0.231034,0.356936,0.443061,0.0668558,0.197394,0.262498,0.136674,0.628466,0.593617,0.0104395,0.0946156,0.247895,0.469808,0.663849,0.763953,0.529661,0.405174,0.722986,0.315588,0.343219,0.0856258,0.393648,0.31977,0.135733,0.673266,0.125028,0.057319,0.550033,0.545196,0.359772,0.69635,0.224589,0.521071,0.450655,0.0784555,0.24046,0.0745216,0.288062,0.286232,0.384259,0.350617,0.122888,0.316641,0.0110128,0.137542,0.675101,0.252952,0.318453,0.284387,0.277803,0.119333,0.451823,0.16058,0.136218,0.133347,0.232986,0.109876,0.130794,0.578639,0.29987,0.547033,0.1718,0.382897,0.478781,0.78494,0.446084,0.117759,0.146946,0.436317,0.159424,0.175119,0.153832,0.120081,0.560378,0.127439,0.633431,0.578575,0.275238,0.0498575,0.154136,0.254602,0.668148,0.674911,0.142022,0.475352,0.158477,0.138793,0.251523,0.201361,0.119221,0.349896,0.16323,0.765826,0.198769,0.249534,0.33539,0.176759,0.578536,0.133119,0.457925,0.395756,0.346091,0.143934,0.246442,0.28234,0.16071,0.285661,0.765826,0.198769,0.191471,0.198638,0.611166,0.270936,0.568911,0.456695,0.211924,0.626257,0.153186,0.480732,0.117753,0.334894,0.12495,0.127542,0.496623,0.209809,0.412624,0.645151,0.258786,0.523034,0.19707,0.242769,0.110134,0.683135,0.204809,0.115,0.192735,0.0944404,0.210309,0.12109,0.0483055,0.0878505,0.800201,0.261151,0.170965,0.365339,0.466599,0.79807,0.69079,0.794451,0.16205,0.0852248,0.14813,0.0987584,0.228371,0.496623,0.209809,0.776954,0.262266,0.226585,0.282943,0.566862,0.182134,0.653429,0.881472,0.298376,0.109512,0.477139,0.499963,0.275466,0.391149,0.23585,0.136187,0.112269,0.475208,0.293412,0.15271,0.464823,0.0726332,0.253853,0.118004,0.204944,0.155747,0.526572,0.0718589,0.204127,0.540088,0.156887,0.257959,0.0539316,0.241891,0.240454,0.589764,0.384428,0.0498575,0.154136,0.184296,0.370278,0.183485,0.438372,0.0462587,0.309024,0.116271,0.110443,0.080136,0.229178,0.232479,0.146131,0.246512,0.583803,0.180178,0.12184,0.448423,0.739682,0.593959,0.354245,0.250836,0.282342,0.312183,0.0959883,0.179198,0.20154,0.189783,0.276105,0.540907,0.317307,0.178811,0.277064,0.0846402,0.0914947,0.31373,0.387906,0.608178,0.145073,0.208912,0.146298,0.074868,0.478781,0.78494,0.0757662,0.179959,0.0990216,0.150508,0.250652,0.307286,0.56226,0.206953,0.0605049,0.160046,0.215325,0.0511706,0.246527,0.289353,0.161307,0.670901,0.0843599,0.248485,0.346631,0.475208,0.293412,0.220967,0.18003,0.402029,0.270349,0.222036,0.134612,0.440222,0.114236,0.818764,0.534121,0.445387,0.132219,0.263153,0.0585876,0.0646587,0.306925,0.0815687,0.480467,0.153131,0.104823,0.232233,0.12022,0.15848,0.0772395,0.0540523,0.112028,0.227693,0.109378,0.077398,0.256238,0.210328,0.258006,0.206042,0.338745,0.581264,0.273644,0.303236,0.189409,0.854719,0.425694,0.13271,0.302475,0.145566,0.141352,0.408806,0.242747,0.232366,0.227407
1,0.737046,0.37724,0.123144,0.395745,0.77353,0.714597,0.0457401,0.694631,0.930514,0.970235,0.342672,0.347696,0.693917,0.397895,0.845735,0.265806,0.479638,0.361066,0.560048,0.286286,0.640389,0.0509254,0.229619,0.225442,0.199697,0.435035,0.48064,0.53557,0.794163,0.552717,0.721503,0.603577,0.759538,0.131394,0.274682,0.403912,0.357958,0.304315,0.393188,0.414827,0.405961,0.542638,0.394329,0.199465,0.644992,0.67602,0.463485,0.432037,0.53621,0.371603,0.420039,0.381511,0.463229,0.75082,0.422417,0.394567,0.906768,0.515596,0.647381,0.555905,0.343916,0.573448,0.523919,0.685058,0.397785,0.585554,0.538857,0.33401,0.368009,0.989186,0.646435,0.135567,0.746619,0.102926,0.831864,0.473061,0.842858,0.284103,0.43087,0.258023,0.159955,0.466433,0.242679,0.353672,0.199496,0.608838,0.120378,0.447732,0.569046,0.486082,0.532042,1,0.389794,0.599037,0.57589,0.790531,0.0596975,0.759538,0.131394,0.476873,0.810509,0.305997,0.455937,0.503403,0.72177,0.390785,0.0476846,0.800191,0.789463,0.383582,0.458327,0.622874,0.168088,0.112249,0.369661,0.258562,0.161846,0.316906,0.393141,0.465936,0.0718797,0.356235,0.17227,0.304443,0.90096,0.196562,0.252014,0.324336,0.0563041,0.377176,0.360254,0.0547112,0.981252,0.155423,0.107732,0.270112,0.254404,0.561657,0.280613,0.159308,0.732456,0.410098,0.352171,0.444055,0.23084,0.569811,0.348629,0.339021,0.0626656,0.243514,0.783084,0.0463114,0.829441,0.546731,0.0689312,0.472857,0.432481,0.224148,0.217865,0.0389296,0.775559,0.417279,0.0200221,0,0.0484182,0.230771,0.236496,0.356789,0.0972081,0.547954,0.143308,0.0730615,0.132632,0.305278,0.186429,0.297256,0.19817,0.224712,0.0210786,0.379079,0.171014,0.314414,0.109082,0.185187,0.197194,0.181511,0.614367,0.480284,0.3708,0.130961,0.395695,0.498967,0.379759,0.423963,0.144436,0.255142,0.225706,0.161751,0.104606,0.0660682,0.122566,0.295151,0.717638,0.271393,0.431863,0.150524,0.1338,0.226459,0.211064,0.579985,0.48476,0.155299,0.461628,0.154058,0.12495,0.193577,0.165267,0.149644,0.287609,0.372506,0.373067,0.345367,0.144384,0.157915,0.327965,0.21372,0.0211547,0.287701,0.287723,0.49883,0.0737837,0.352599,0.591719,1,0.173393,0.373067,0.345367,0.225803,0.103212,0.811719,0.243571,0.42258,0.595722,0.477611,0.258058,0.146279,0.676463,0.156372,0.28694,0.180748,0.0281899,1,0.255596,0.199765,0.413417,0.164464,0.462931,0.200142,0.334186,0.169642,0.333662,0.133455,0.122241,0.198397,0.140901,0.321968,0.116233,0.113892,0.105952,0.724818,0.138463,0.130262,0.241332,0.49053,0.867361,0.563589,0.822796,0.250463,0.118278,0.109337,0.189304,0.172949,1,0.255596,0.748338,0.421332,0.272536,0.257254,0.363206,0.0460881,0.472018,0.67931,0.473784,0.0781292,0.390149,0.315732,0.537274,0.309978,0.278245,0.171466,0.236135,0.210976,0.290975,0.0664222,0.408285,0.201218,0.190242,0.125891,0.326115,0.179419,0.595734,0.159945,0.0813582,0.146174,0.16231,0.168085,0.0732904,0.248231,0.387725,0.596553,0.463949,0.1338,0.226459,0.16318,0.482361,0.0932925,0.551756,0.07587,0.235813,0.251975,0.0924488,0.0863938,0.109028,0.340967,0.113064,0.178135,0.585975,0.296834,0.618281,0.0884208,0.851372,0.0507073,0.552633,0.271401,0.249656,0.0595202,0.183894,0.148272,0.301259,0.307708,0.266332,0.425219,0.113526,0,0.046398,0.191188,0.19534,0.0901637,0.11217,0.0907428,0.0965641,0.0802169,0.190654,0.173489,0.498967,0.379759,0.152365,0.110281,0.189164,0.140644,0.0872693,0.27072,0.190664,0.376661,0.0502288,0.175198,0.100794,0.0663811,0.0524753,0.459202,0.0470712,0.555123,0.159186,0.104249,0.105243,0.210976,0.290975,1,0.486045,0.768505,0.101394,0.114551,0.146328,0.216828,0.0259407,0.880697,0.604423,0.0431624,0.408063,0.124637,0.137951,0.133339,0.104939,0.0507528,0.644019,0.0968766,0.412118,0.163666,0.174958,0.0997516,0.112518,0.177877,0.163695,0.26586,0.177631,0.338532,0.331849,0.0631942,0.125059,0.174493,0.137391,0.598049,0.282826,1,0.310808,0.0934776,0.792491,0.187971,0.0903131,0.0368528,0.163351,0.607182,0.111474,0.107066,0.199456
0.650025,0.699502,0.680089,0.353147,0.769865,0.970583,0.486821,0.206971,0.488582,0.468579,0.475598,0.533369,0.509786,0.443821,0.552507,0.448387,0.380323,0.29727,0.443239,0.644027,0.40372,0.490724,0.2444,0.534166,0.394848,0.727283,0.00522383,0.356205,0.572379,0.717397,0.474516,0.564961,0.550698,0.584736,0.719474,0.595433,0.608029,0.612623,0.457764,0.475948,0.417658,0.617324,0.60474,0.691999,0.341563,0.375843,0.358925,0.362521,0.439344,0.470224,0.241218,0.576174,0.606032,0.895808,0.141413,0.604319,0.45412,0.752338,0.719699,0.368113,0,0.434556,0.587631,0.554248,0.449196,0.375101,0.367588,0.781872,0.411062,0.173525,0.54887,0.643319,0.5248,0.658845,0.509579,0.447082,0.565478,0.126688,0.378625,0.293181,0.426809,0.436741,0.576243,0.191733,0.509121,0.140435,0.352349,0.170713,0.295156,0.429718,0.442922,0.24653,0.267327,0.742125,0.506852,0.594595,0.554191,0.322327,0.584736,0.719474,0.652109,0.419999,0.589287,0.141809,0.202843,0.902551,0.290881,0.320167,0.54413,0.0754153,0.816529,0.581464,0.503416,0.284458,0.163578,0.445174,0.26011,0.158995,0.293805,0.773284,0.29066,0.138182,0.152331,0.27989,0.170294,0.540979,0.144171,0.222146,0.556846,0.334761,0.523015,0.301599,0.0956298,0.315316,0.1301,0.0865627,0.509249,0.355475,0.75071,0.562932,0.215759,0.684198,0.618124,0.647208,0.0213812,0.333644,0.604305,0.05463,0.474425,0.306373,0.294756,0.652547,0.0618852,0.61695,0.182143,0.161101,0.137687,0.4998,0.384239,0.6504,0.0817721,0.639301,0.425904,0.0888297,0.248722,0.102619,0.357543,0.240734,0.254749,0.204414,0.319724,0.305268,0.0379927,0.415901,0.527302,0.266428,0.31803,0.119509,0.246127,0.059309,0.630037,0,0.456265,0.154167,0,0.525111,0.231397,0.480935,0.455669,0.520105,0.12458,0.377583,0.383361,0.77946,0.270238,0.0408039,0.416182,0.331062,0.336448,0.023593,0.220578,0.285335,0.44431,0.116189,0.332012,0.506458,0.169912,0.217483,0.227118,0.244825,0.260012,0.400119,0.207955,0.229106,0.251398,0.145797,0.178806,0.362368,0.237391,0.266804,0.617159,0.758994,0.0271558,0.456415,0.361812,0.488577,0.527315,0.419976,0.426844,0.324519,0.438426,0.42246,0.52053,0.348398,0.502347,0.249596,0.758994,0.0271558,0.452906,0.37928,0.908121,0.2686,0.599861,0.605131,0.56866,0.601671,0.126727,0.754557,0.311404,0.0706375,0.249405,0.209699,0.477779,0.359027,0.210023,0.679723,0.011058,0.594114,0.469071,0,0.272048,0.501422,0.197487,0.14541,0.131094,0.572313,0.260549,0.421606,0.245554,0.213355,0.455039,0.32261,0.261803,0.299093,0.537703,0.884588,0.377052,0.889584,0.343116,0.243229,0.199622,0.476171,0.359086,0.477779,0.359027,0.882945,0.537827,0.522951,0.0510824,0.044273,0.0705549,0.819554,0.859533,0.472817,0.106702,0.513286,0.50436,0.515615,0.541495,0.36331,0.341371,0.404258,0.141937,0.513579,0.224694,0.278044,0.331308,0.518068,0.25021,0.457177,0.260548,0.0392712,0.0970862,0,0.604358,0.315042,0.158412,0.175093,0.216357,0.294271,0,0.59965,0.217483,0.227118,0.369231,0.214632,0.150076,0.348361,0.169359,0.252809,0.486295,0.0959648,0.184478,0.0940179,0.64762,0.213644,0.203143,0.590067,0.325519,0.289743,0.227959,0.525434,0.482667,0.337821,0.353178,0.0750756,0.34473,0.249821,0.202185,0.405432,0.363102,0.295949,0.497528,0.131635,0.518222,0.333735,0.310597,0.479333,0.241589,0.553585,0.317989,0.366207,0.21774,0.288892,0.188333,0.383361,0.77946,0.65151,0.280216,0.343471,0.210154,0.23353,0.216675,0.140728,0.5376,0.148224,0.359197,0.252169,0.579838,0.145961,0.171957,0.134957,0.489962,0.2453,0.21676,0.0983851,0.141937,0.513579,0.412315,0.421541,0.701903,0.229204,0.402763,0.224837,0.319469,0.170613,0.878082,0.323133,0.197041,0.676454,0.340644,0.240622,0.0967314,0.439447,0.0827389,0.264584,0.142842,0.454002,0.258274,0.347236,0.0700258,0.205937,0.391605,0.120123,0.392177,0.362475,0.440213,0.401162,0.40689,0.21374,0.21089,0.371629,0.756967,0.632669,0.632892,0.463346,0.00919621,0.543989,0.363848,0.242042,0.521861,0.366849,0.0621581,0.15188,0.310348,0.318952
0.675309,0.638493,0.566011,0.0613878,0.588444,0.662864,1,0.10266,0.795968,0.930746,1,0.772025,0.43014,1,0.650483,1,0.344301,0.140483,0.137335,0.421691,0.277869,0.423579,0.17109,0.134396,0.416591,0.27244,0.599675,0.527402,0.713843,0.668871,0.595829,0.397635,0.239738,0.183333,0.448646,0.329383,0.235464,0.147549,0.324061,0.336448,0.339695,0.550677,0.620821,0.186814,0.247089,0.906348,0.780933,0.431188,0.456385,0.639341,0.211445,0.106578,0.545765,0.503103,0.197663,0.276006,0.520879,0.792109,0.480911,0.445887,0.481066,0.244713,0.65782,0.609691,0.623379,0.827758,0.864009,0.641698,0.474908,0.729439,0.40445,0.191425,0.0934155,0.82327,0.290739,0.471977,0.843776,0.319663,0.430385,0.213509,0.334803,0.240125,0.830069,0.0905372,0.320967,0.23572,0.137901,0.361445,0.446682,0.146314,0.645935,0.19549,0.210635,0.293713,0.634002,0.854182,0.690355,0.377404,0.183333,0.448646,0.503902,0.542679,0.375932,0.090138,0.0913555,0.661347,0.422552,0.13404,0.709794,0.214858,0.177459,0.808439,0.411987,0.254207,0.118388,0.383731,0.198943,0.217314,0.422955,0.605573,0.60882,0.0374144,0.859256,0.310849,0.508798,0.739858,0.273356,0.0884234,0.321399,0.20524,0.242425,0.343851,0.00439805,0.310546,0.0307616,0.169598,0.638098,0.623539,0.774316,0.155483,0.279996,0.779619,0.530141,0.387776,0.379727,0.208631,0.449428,0.41224,0.392805,0.121437,0.595633,1,0.842839,0.351147,0.242884,0.0697107,0.539985,0.264461,0.408723,0.197452,0.148634,0.580243,0.469234,0.0434895,0.282404,0.936984,0.446302,0.373749,0.518276,0.0132507,0.163215,0.348053,0.0155861,0.130185,0.762051,0.138921,0.450253,0.0423463,0.362477,0.0988643,0.948128,0.253537,0.157513,0.14787,0.306226,0.231333,0.120814,0.321633,0.506618,0.671766,0.225481,0.501247,0.479172,0.680088,0.533552,0.210497,0.313237,0.364546,0.122637,0.238032,0.0572113,0.0951741,0.513403,0.143498,0.32646,0.318066,0.254466,0.207014,0.213199,0.373309,0.630391,0.20293,0.214837,0.732478,0.276467,0.185853,0.325165,0.136539,0.161888,0.424443,0.299862,0.344071,0.280376,0.207257,0.505978,0.27005,0.462654,0.12411,0.48984,0.26298,0.374794,0.224481,0.332277,0.425348,0.697189,0.210349,0.344071,0.280376,0.184401,0.300971,0.823528,0.110076,0.433137,0.50809,0.735444,0.124618,0.177363,0.83663,0.266101,0.461711,0.377482,0.0926698,0.26674,0.234645,0.183444,0.509439,0.225152,0.528558,0.19237,0.426039,0.154368,0.329505,0.20006,0.123268,0.314864,0.112432,0.321173,0.144155,0.182187,0.0590634,0.412187,0.19593,0.158227,0.555582,0.66256,0.720726,0.200648,0.882129,0.149287,0.107432,0.2519,0.156703,0.0880052,0.26674,0.234645,0.821604,0.671823,0.314666,0.39396,0.481503,0.0932951,0.690483,0.9169,0.162777,0.20411,0.737405,0.480509,0.642937,0.190254,0.115172,0.120866,0.39322,0.545862,0.248984,0.0967112,0.493499,0.151707,0.241208,0.0967973,0.183616,0.188907,0.704115,0.199879,0.196132,0.219289,0.169896,0.278371,0.0618294,0.218506,0.361974,0.723677,0.509965,0.207014,0.213199,0.269013,0.561959,0.125858,0.496005,0.0820001,0.338543,0.176478,0.118328,0.200103,0.203578,0.239763,0.101562,0.353992,0.664231,0.176269,0.229148,0.336342,0.41462,0.510446,0.25792,0.315291,0.364179,0.231279,0.231734,0.130924,0.185239,0.331737,0.207206,0.522479,0.291183,0.160999,0.140484,0.153666,0.330744,0.149166,0.238589,0.36324,0.108433,0.100388,0.130799,0.13011,0.479172,0.680088,0.174994,0.0624704,0.115406,0.171355,0.187935,0.413438,0.257596,0.469229,0.0414764,0.139636,0.150283,0.168674,0.136078,0.063672,0.0329536,0.387621,0.10921,0.0419611,0.130144,0.545862,0.248984,0.19709,0.158283,0.512463,0.197384,0.1332,0.131189,0.257535,0.17048,0.822006,0.430538,0.0655847,0.108415,0.160348,0.150791,0.174957,0.232348,0.0950828,0.566029,0.0663055,0.310862,0.181448,0.293415,0.114105,0.0945416,0.308066,0.147591,0.141093,0.143209,0.232471,0.372643,0.148623,0.110265,0.290084,0.166352,0.62774,0.349926,0.235613,0.446106,0.159687,0.661517,0.195308,0.0896739,0.108444,0.225478,0.243554,0.29843,0.15115,0.159296
0.746469,0.376682,0,1,0.106468,0.505677,0.185037,0.0764132,0.611297,0.0511082,0.0876904,0.209417,0.327452,0.156845,0.194656,0.193453,0.108576,0.124359,0.206399,0.589786,0.407242,0.507175,0.615357,0.157765,0.419893,0.119679,0.246897,0.113728,0.00285987,0.0224038,0.0149179,0.294541,0.190706,0.051181,0.0297246,0,0,0.351007,0.257259,0.322018,0.147198,0.136091,0.0503695,0.29707,0.733674,0.532572,0.226506,0.212606,0.140727,0.26176,0.13314,0.616873,0.271818,0.479821,0.40978,0.644947,1,0.684722,0.194646,0.215839,0.323293,0.079341,0.832939,0.743656,0.32346,0.303202,0.00636794,0.176064,0.112335,0,0.551718,0.401531,0.144039,0.0472777,0.974618,0.266709,0.957232,0.112761,0.92663,0.670049,0.281708,0.947028,0.475977,0.124308,0.0762734,0.244007,0.262212,0.105833,0.520487,0.0664679,0.285589,0.137068,0.0701201,0.262767,0.1404,0.684649,0.641676,0.0501547,0.051181,0.0297246,0,0.04181,0.173471,0.134969,0.0512831,0.514585,0.289565,0.203837,0.51504,0.579089,0.227984,0.853478,0.525996,1,0.119459,0.394281,0.812808,0.809029,0.10616,0.413332,0.0212724,0.430398,0.260494,0.324216,0.124591,0.57782,1,0.11076,0.510141,0.150327,0.16904,0.396898,0.776431,0.140885,0.854877,0.374098,0.738673,0.209438,0.332925,0.13848,0.553931,0.35443,0.503288,0.175,0.34887,1,0,0.508265,0.479409,0.0317728,1,0.259027,0.0818825,0.785633,0.0913029,0.400543,0.609969,0.449414,0.846415,0.095164,0.495128,0.497698,0.255655,0.370339,0.654692,0.121723,0.703773,0.696527,1,0.916246,0.143314,0.857369,0.0841477,1,0.273037,0.702591,1,0.0668042,0.787925,0.486216,0.0667132,0.56951,0.296125,0.755757,0.642973,0.584798,0.515432,0.192378,0.55716,0.375542,0.578959,0.664926,0.100281,0.858552,0.115716,0.681409,0.960212,1,0.0957593,0.331703,0.288873,0.201345,0.156793,0.205971,0.35652,0.674475,0.462605,0.149598,1,0.871778,0.31762,0.314142,0.594603,0.490871,0.1989,0.499658,0.735047,0.0796363,0.418064,1,0.0929144,0,0.119578,0.721074,0.932586,0.310621,0,0.212881,0.256153,0.176082,0.0440118,0.308948,0.375339,0.725023,0.0862322,1,0,0.119578,0.204121,1,0.938872,0.087496,0.407463,0.117516,0.794493,0.608813,0.350297,0.821426,0.506066,0.664911,0.693626,0.0267996,0.104333,0.496697,0.417758,0.498182,0.390819,0.526516,0.392568,0.269878,0.152599,0.0341954,0.452011,0.17317,0.691425,0.0833621,0.395513,0.123919,0.0785606,1,0.239771,0.244942,0.216713,0.759527,0,0.906136,0,0.984237,0.358528,0.178023,0.24999,0.0997839,0.0438857,0.104333,0.496697,0,0,0.13728,0,0,0.310718,0.828187,0,0,0.300422,0.0923115,0.575677,0.409144,0.104478,0.0503548,0.119561,0.0714869,0.95313,1,0.10004,0.472521,0.0822458,0.129959,0.110402,0.432519,0.226207,0.164371,0.151224,0.336806,0.344681,0.198959,0.176582,0.082776,1,0.516689,0.210056,0.0978595,0.149598,1,0.456905,0.974867,0.10307,0.463197,0.063665,0.162462,0.473601,0.171181,0.450281,0.144233,0.0548495,0.130523,0.207773,0.0684417,0.124489,0.0111341,0.575632,0.461566,0.565845,0.14103,0.798381,0.278833,0.0240161,0.320631,0.198255,0.264068,0.803237,0.238434,0.671813,0.44425,0.133054,0.115491,0.303155,0.550401,0.109919,0.52279,0.0144261,0.0358699,0.0665088,0.212652,0.0959264,0.100281,0.858552,0.140967,0.0808663,0.0827179,0.181784,0.0730747,0.256957,0.599777,0.556003,1,0.162126,0.148308,0.045501,0.173649,0.0308136,0.0263986,0.137842,0.136179,0.645052,0.0978828,0.95313,1,0.0422291,0.175493,0.265269,0.277245,0.131299,0.212135,0.604058,0.55467,0.767217,0.650595,0.179926,0.828312,0.00594643,0.0750592,0.405985,0.121311,0.0960808,0.562055,0.0315234,0.801115,0.0949673,0.602279,0.0523514,0.1117,0.222368,0.182392,1,0.519715,0.306843,0.802222,0.126625,0.060853,0.161541,0.0973595,0.161111,0.51397,0.216129,0.629686,0.338157,0.50354,0.432372,0.0444775,0.467967,0.369932,0.194881,0.404221,0.1175,0.00879891
0.904938,0.494802,0.469428,0.250356,0.349652,0.511423,0.345252,0.112901,0.517659,0.386078,0.410388,0.251362,0.45212,0.22751,0.349935,0.207806,0.345908,0.49375,0.821977,0.308837,0.67743,0.51138,0.24457,0.289543,0.266685,0.524661,0.470524,0.486542,0.623903,0.600392,0.528435,0.524827,0.376848,0.442549,0.554394,0.351666,0.213816,0.409493,0.390217,0.340957,0.395659,0.49503,0.36426,0.841262,0.296889,0.336034,0.49199,0.612294,0.502074,0.54216,0.510984,0.479904,0.456334,0.568813,0.257288,0.541999,0.450185,0.914713,0.729554,0.772632,0.709604,0.647411,0.305077,0.22122,0.423378,0.360462,0.496527,0.449549,0.421855,0.49181,0.607051,0.397649,0.118834,0.371869,0.332334,0.595696,0.479989,0.142116,0.217762,0.41052,0.526919,0.340937,0.256725,0.325667,0.298256,0.409072,0.517526,0.392995,0.480931,0.57997,0.417759,0.204521,0.164977,0.397042,0.432153,0.237573,0.719147,0.284338,0.442549,0.554394,0.407977,0.347094,0.329298,0.2977,0.313364,0.791014,0.385014,0.452116,0.602521,0.600559,0.453953,0.3795,0.58732,0.286735,1,0.395838,0.344434,0.495494,0.338617,0.2548,0.608769,0.0480713,0.360009,0.315195,0.221569,0.858043,0.110162,0.103933,0.599756,0.107077,0.254722,0.370628,0.068504,0.199852,0.171235,0.140243,0.325539,0.29865,0.432745,0.187978,0.364084,0.818464,0.490958,0.542116,0.463302,0.25993,0.813808,0.390618,0.700679,0.133095,0.3355,0.569096,0.212934,0.647774,0.393756,0.108409,0.476142,0.528327,0.410056,0.24568,0.135722,0.292427,0.416426,0.110759,0.450111,0.220111,0.473609,0.287126,0.243189,0.136263,0.127005,0.272221,0.506498,0.143549,0.403764,0.292953,0.247858,0.1827,0.360639,0.143511,0.651593,0.260288,0.253779,0.182267,0.231452,0.365221,0.126375,0.589587,0.576293,0.439561,0.302354,0.48051,0.579161,0.560046,0.336243,0.192131,0.356717,0.30725,0.19771,0.169341,0.100269,0.128394,0.125297,0.159025,0.364013,0.757165,0.274349,0.214935,0.175456,0.355499,0.573686,0.453769,0.181943,0.3511,0.262747,0.184013,0.356484,0.220042,0.247498,0.233852,0.256417,0.551207,0.287825,0.273675,0.346703,0.332184,0.787267,0.111117,0.521363,0.339195,0.215551,0.269322,0.399035,0.524656,0.464524,0.199759,0.551207,0.287825,0.167096,0.274749,0.911059,0.245442,0.451964,0.57499,0.472217,0.147638,0.214533,0.702574,0.267099,0.601597,0.169066,0.0829803,0.305478,0.22795,0.187075,0.55462,0.192243,0.536945,0.191317,0.394805,0.243876,0.646993,0.196737,0.121964,0.230235,0.25269,0.376976,0.157579,0.204912,0.061226,0.533671,0.17682,0.196213,0.278617,0.404429,0.836869,0.331096,0.788279,0.202463,0.203425,0.0897166,0.179976,0.170766,0.305478,0.22795,0.783367,0.552605,0.922362,0.182743,0.480339,0.0952185,0.570456,0.77893,0.551914,0.198216,0.502662,0.456038,0.550255,0.217409,0.201207,0.204589,0.227409,0.331717,0.43794,0.0738352,0.634559,0.202823,0.215155,0.150805,0.379181,0.162294,0.512125,0.151447,0.210404,0.260394,0.179064,0.164241,0.129056,0.209483,0.329873,0.571861,0.368137,0.214935,0.175456,0.205317,0.547562,0.0786155,0.473755,0.0905765,0.256807,0.171317,0.0630482,0.159025,0.158186,0.151413,0.100848,0.155081,0.475709,0.201848,0.363327,0.258068,0.743253,0.548935,0.22525,0.356377,0.494424,0.46593,0.224131,0.181911,0.236081,0.309124,0.223145,0.419591,0.300493,0.160248,0.135775,0.190168,0.300658,0.120402,0.454633,0.115214,0.14138,0.0855776,0.084903,0.117684,0.579161,0.560046,0.155995,0.0934434,0.129782,0.167001,0.0892813,0.0637785,0.275521,0.303829,0.035934,0.206172,0.187632,0.307971,0.113444,0.0279699,0.046365,0.449637,0.15274,0.109503,0.134225,0.331717,0.43794,0.25939,0.253707,0.465096,0.242179,0.160656,0.170019,0.190201,0.121508,0.84986,0.409664,0.164704,0.125849,0.260655,0.141251,0.182357,0.20827,0.0856074,0.438302,0.0810295,0.363606,0.167195,0.184012,0.109878,0.117952,0.239685,0.130563,0.290927,0.172531,0.262711,0.39578,0.146627,0.121069,0.179264,0.107665,0.516353,0.290321,0.360601,0.33193,0.237833,0.623479,0.205363,0.109496,0.158215,0.0790511,0.0465872,0.0530063,0.14716,0.146607
0.401785,0.54064,0.384142,0.280695,0.446664,0.857986,0.864199,0.0440982,0.679288,0.807971,0.864642,0.736839,0.291591,0.840914,0.910638,0.839355,0.203136,0.509016,0.400299,0.368904,0.279975,0.622891,0.162579,0.299552,0.354318,0.242954,0.402114,0.629565,0.764499,0.697469,0.594465,0.267355,0.173134,0.364864,0.424274,0.313571,0.282895,0.414094,0.298387,0.327898,0.370574,0.4713,0.456855,0.431553,0.189751,0.89713,0.678342,0.541365,0.476554,0.565179,0.516391,0.261485,0.772095,0.621537,0.553666,0.382225,0.669877,0.81408,0.435702,0.536146,0.385584,0.254819,0.839407,0.892218,0.486782,0.58238,0.678959,0.372511,0.398227,0.515374,0.47067,0.288784,0.108039,0.651828,0.258711,0.50504,0.79484,0.522791,0.580116,0.304798,0.17369,0.407853,0.897471,0.17095,0.326157,0.232656,0.298394,0.548948,0.274286,0.422243,0.538074,0.236575,0.249574,0.46822,0.631038,0.842676,0.698811,0.20979,0.364864,0.424274,0.47809,0.446655,0.537487,0.125611,0.255623,0.637215,0.414674,0.225548,0.717053,0.422112,0.299249,0.771243,0.347076,0.22325,0.110337,0.614368,0.322792,0.0663155,0.608975,0.107006,0.574098,0.129647,0.777615,0.277854,0.488426,0.778325,0.356942,0.402861,0.67785,0.187115,0.430628,0.170603,0.0588546,0.293171,0.109723,0.142727,0.614587,0.642233,0.496636,0.24396,0.186375,0.742289,0.509817,0.65803,0.595391,0.382928,0.538672,0.274854,0.393063,0.103625,0.604067,0.796072,0.0902588,0.468007,0.338831,0.0916078,0.289883,0.498612,0.329623,0.260851,0.135898,0.476464,0.392835,0.0629989,0.145973,0.15542,0.35335,0.658511,0.645037,0.0531622,0.215736,0.176164,0.0166561,0.107476,0.613268,0.275298,0.427374,0.152728,0.281859,0.067364,0.77352,0.164392,0.325332,0.150267,0.20732,0.0904232,0.105564,0.539067,0.239576,0.679063,0.183312,0.392179,0.408976,0.460946,0.27075,0.120204,0.178837,0.449839,0.163894,0.15367,0.102813,0.194606,0.437879,0.237715,0.453749,0.534441,0.158591,0.176792,0.249941,0.288669,0.381212,0.456128,0.290658,0.681508,0.225145,0.0846988,0.257716,0.177132,0.167963,0.471091,0.37801,0.450814,0.435266,0.111027,0.436038,0.26224,0.397574,0.234163,0.342422,0.341124,0.384886,0.46927,0.386666,0.410714,0.832505,0.30232,0.450814,0.435266,0.231124,0.152749,0.788496,0.210037,0.379251,0.417102,0.348107,0.091025,0.132822,0.727418,0.217919,0.298478,0.675556,0.10102,0.225977,0.134549,0.0452868,0.502297,0.153984,0.522778,0.125859,0.317742,0.226698,0.547579,0.129816,0.237605,0.283873,0.291282,0.286268,0.189213,0.266865,0.0442714,0.489941,0.195614,0.165484,0.581617,0.178871,0.830657,0.235859,0.834493,0.24459,0.161381,0.150012,0.175423,0.157346,0.225977,0.134549,0.825179,0.255096,0.377159,0.176568,0.347914,0.0717274,0.593166,0.729534,0.205225,0.19574,0.195813,0.462725,0.436702,0.127052,0.195021,0.26613,0.284927,0.432177,0.278816,0.0758837,0.452357,0.18246,0.323906,0.0697356,0.32724,0.167518,0.405236,0.124267,0.170595,0.0243508,0.171325,0.207884,0.085932,0.325637,0.0738308,0.443535,0.174549,0.176792,0.249941,0.249865,0.597223,0.0908211,0.420278,0.0916987,0.288318,0.429695,0.20699,0.177481,0.145251,0.161379,0.0905169,0.380637,0.203161,0.202751,0.409802,0.23988,0.620256,0.344767,0.263314,0.267412,0.380274,0.176988,0.123754,0.265044,0.18488,0.128632,0.107039,0.425231,0.241926,0.0954687,0.15509,0.199978,0.374187,0.115122,0.314913,0.575344,0.210563,0.0479099,0.0253955,0.130697,0.408976,0.460946,0.19064,0.168064,0.112784,0.231859,0.190178,0.576481,0.220375,0.159327,0.0261885,0.409264,0.113936,0.194296,0.12237,0.376591,0.0616657,0.333513,0.201703,0.151515,0.117394,0.432177,0.278816,0.255796,0.200076,0.400878,0.26785,0.218284,0.137148,0.254015,0.123991,0.781949,0.372086,0.222406,0.103979,0.280074,0.177693,0.12133,0.22811,0.0983035,0.44439,0.349817,0.526773,0.116522,0.165234,0.0804802,0.125411,0.138928,0.118467,0.250488,0.185109,0.131086,0.296453,0.0507936,0.114339,0.291245,0.171471,0.290775,0.531945,0.347618,0.295625,0.176132,0.530233,0.0667878,0.11373,0.267439,0.152126,0.497691,0.0373647,0.114594,0.181523
0.633716,0.282732,0.3928,0.437698,0.420228,0.617429,0.201877,0.0605931,0.585845,0.34471,0.397092,0.00141612,0.312512,0.422356,0.415065,0.00254206,0.236194,0.778092,0.665011,0.632343,0.590001,0.383165,0.215237,0.459183,0.212668,0.283581,0.695866,0.332675,0.245297,0.617332,0.481306,0.222964,0.152168,0.517413,0.492352,0.33065,0.264516,0.537767,0.37116,0.389956,0.408666,0.460146,0.37306,0.941633,0.441285,0,0.253251,0.688621,0.79552,0.820627,1,0.637883,0.881828,0.89524,0.21695,0.766307,0.501456,0.80511,0.429038,0.654237,0.755974,0.488921,0.262732,0.131043,0.128171,0.179128,0.238049,0.424764,0.220197,0.459411,0.847121,0.490592,0.0676236,0.501537,0.303038,0.543267,0.529458,0.0255862,0.308962,0.489341,0.35908,0.408216,0.0888636,0.234017,0.239488,0.580852,0.480759,0.0505495,0.568142,0.390987,0.567468,0.094819,0.29782,0.3081,0.477186,0.0668703,0.603278,0.196984,0.517413,0.492352,0.459279,0.0632246,0.719814,0.0878636,0.218041,0.626861,0.49873,0.360534,0.477984,0.582083,0.642395,0.386766,0.582145,0.386361,0.595734,0.645207,0.407861,0.157248,0.170755,0.372802,0.330866,0.186133,0.136511,0.467444,0.55519,0.69165,0.142069,0.068855,0.700417,0.164072,0.384622,0.386425,0.0807184,0.0935527,0.25652,0.235621,0.328359,0.488025,0.183269,0.239733,0.305183,0.722927,0.525987,0.587929,0.567018,0.372606,0.497269,0.634755,0.440225,0.0889275,0.479742,0.43956,0.124393,0.712501,0.453822,0.249952,0.543324,0.565875,0.373209,0.0972091,0.213204,0.70347,0.255945,0.212847,0.285178,0.110584,0.59571,0.351521,0.418526,0.196851,0.117355,0.237751,0.0334282,0.234682,0.549187,0.389282,0.29225,0.120331,0.459173,0.227747,0.380527,0.403789,0.113773,0.18489,0.490915,0.383744,0.12204,0.577336,0.44651,0.575049,0.149953,0.456216,0.367412,0.475868,0.229529,0.188974,0.355189,0.418346,0.145471,0.356159,0.212768,0.10995,0.207249,0.189411,0.798083,0.667414,0.325403,0.151007,0.186882,0.479302,0.539852,0.492024,0.221157,0.742686,0.186256,0.183237,0.436788,0.162277,0.216184,0.367069,0.152942,0.40651,0.279665,0.20855,0.505971,0.258114,0.46712,0.0620427,0.475371,0.297894,0.208573,0.111538,0.336872,0.612342,0.551069,0.322465,0.40651,0.279665,0.209111,0.222535,0.770566,0.204901,0.444379,0.531476,0.590495,0.251381,0.235334,0.72885,0.140983,0.452921,0.157701,0.0679594,0.323445,0.150856,0.237131,0.535033,0.280759,0.533261,0.124809,0.716634,0.11715,0.399403,0.191781,0.2962,0.373453,0.132421,0.24294,0.116046,0.153796,0.123572,0.64992,0.189948,0.0979462,0.352482,0.218524,0.814584,0.553214,0.775893,0.160976,0.123698,0.0602625,0.144251,0.126497,0.323445,0.150856,0.667754,0.392136,0.343674,0.327138,0.628727,0.101641,0.647708,0.766337,0.361234,0.204632,0.271563,0.443217,0.473405,0.231545,0.13703,0.134272,0.5036,0.407708,0.308807,0.0368195,0.512429,0.172021,0.24105,0.0558858,0.273604,0.163943,0.702894,0.20876,0.260142,0.276062,0.076639,0.178192,0.0503901,0.191735,0.207912,0.721403,0.210772,0.151007,0.186882,0.0702626,0.552041,0.0574974,0.589047,0.0519062,0.297098,0.163484,0.151304,0.286951,0.168371,0.236328,0.0653994,0.149919,0.361229,0.0986155,0.59317,0.467753,0.765439,0.312576,0.332715,0.238094,0.394337,0.409549,0.133305,0.193172,0.0845091,0.311654,0.166628,0.454467,0.400173,0.071798,0.124181,0.172524,0.194982,0.174618,0.410587,0.401335,0.148694,0.0593708,0.116309,0.0862056,0.367412,0.475868,0.115683,0.112558,0.142807,0.0256004,0.112872,0.188536,0.224771,0.166821,0.0904388,0.179686,0.185855,0.146792,0.135137,0.228532,0.0298232,0.580457,0.103445,0.146127,0.0758769,0.407708,0.308807,0.255525,0.360356,0.463942,0.238601,0.119476,0.0985828,0.184128,0.17515,0.78316,0.541482,0.104572,0.140817,0.418657,0.121355,0.134708,0.133391,0.110032,0.473643,0.0493642,0.119288,0.21894,0.201568,0.0769295,0.129049,0.0239516,0.0974313,0.29561,0.178321,0.130243,0.240898,0.14634,0.139284,0.20726,0.123669,0.36079,0.363511,0.332364,0.434037,0.141076,0.689501,0.0892153,0.102183,0.135881,0.117317,0.352039,0.231735,0.0938559,0.061721
0.731371,0.603011,0.334279,0.212819,0.473041,0.596276,0.283657,0.0982179,0.647233,0.753002,0.783639,0.219131,0.335628,0.120344,0.391885,0.587453,0.269304,0.298984,0.322691,0.0384586,0.570585,0.426352,0.377218,0.181319,0.281187,0.491824,0.505242,0.607365,0.706452,0.990043,0.788127,0.320501,0.186425,0.767229,0.694734,0.259212,0.19443,0.108226,0.339456,0.363261,0.302355,0.414856,0.400223,0.570641,0.30464,0.08135,0.675241,0.486875,0.317438,0.470612,0.403057,0.568112,0.475154,0.702801,0.319236,0.606019,0.45173,0.855817,0.769509,0.637589,0.753508,0.628165,0.245166,0.350003,0.32366,0.568537,0.521055,0.217526,0.591082,0.709957,0.313741,0.327092,0.0633163,0.585495,0.391879,0.696571,0.4876,0.455858,0.243251,0.258056,0.413608,0.135854,0.185793,0.0625741,0.463048,0.198422,0.565247,1,0.531974,0.47644,0.52516,0.183742,0.107986,0.175346,0.588129,0.136672,0.755273,0.402892,0.767229,0.694734,0.50487,0.369516,0.226959,0.0985662,0.302214,0.829922,0.432423,0.290843,0.653621,0.592177,0.2627,0.259245,0.635907,0.342489,0.08354,0.254993,0.434101,0.251309,0.205602,0.440796,0.579933,0.078088,0.027479,0.255267,0.314897,0.762849,0.0961654,0.233773,0.282847,0.169152,0.380471,0.438205,0.0362049,0.4193,0.154497,0.148718,0.380209,0.472559,0.687028,0.564017,0.392818,0.776948,0.526063,0.163351,0.448006,0.248842,0.848563,0.546332,0.37466,0.193441,0.466852,0.671176,0.0617557,0.671305,0.443771,0.025811,0.610246,0.393556,0.543557,0.201338,0.119168,0.509342,0.459493,0.0472608,0.218448,0.0243489,0.43495,0.264649,0.371491,0.0805599,0.117717,0.274583,0.043948,0.0738743,0.31389,0.466951,0.240805,0.188441,0.332141,0.0864428,0.552275,0.269597,0.303492,0.199215,0.193594,0.408759,0.384047,0.539376,0.528561,0.522377,0.310546,0.589679,0.47414,0.669816,0.435107,0.258411,0.477713,0.343058,0.209455,0.178619,0.0149093,0.270987,0.131992,0.223953,0.3625,0.678519,0.335084,0.371465,0.171999,0.262665,0.658869,0.30223,0.177888,0.414434,0.346955,0.241337,0.509025,0.201352,0.175217,0.284963,0.533592,0.121869,0.490281,0.331224,0.29423,0.31457,0.479098,0.284752,0.58498,0.315349,0.164878,0.417326,0.452573,0.419689,0.307715,0.228657,0.121869,0.490281,0.207871,0.377076,0.923389,0.154412,0.640828,0.390137,0.636967,0.133192,0.221703,0.732755,0.191955,0.761515,0.133397,0.121921,0.372631,0.218885,0.285073,0.558018,0.172669,0.583289,0.222423,0.539068,0.306013,0.535224,0.177579,0.150877,0.342796,0.407745,0.373717,0.154851,0.222113,0.0450161,0.497174,0.193557,0.267678,0.408912,0.317129,0.822871,0.458094,0.860895,0.227381,0.282421,0.124765,0.181033,0.111419,0.372631,0.218885,0.823891,0.79261,0.436675,0.187054,0.641161,0.128927,0.847883,0.812485,0.275374,0.0791301,0.288687,0.467171,0.706128,0.325079,0.105613,0.247298,0.210845,0.526415,0.595862,0.135163,0.775912,0.22794,0.265526,0.256,0.318149,0.120941,0.679594,0.190953,0.279287,1,0.216458,0.199627,0.14894,0.251475,0.342857,0.731602,0.266113,0.371465,0.171999,0.258904,0.793869,0.108157,0.527203,0.0857571,0.341816,0.206638,0.0906427,0.347922,0.134329,0.409979,0.106598,0.166926,0.571964,0.2928,0.573111,0.158788,0.757205,0.660859,0.179627,0.426285,0.51339,0.477759,0.16182,0.164756,0.311954,0.306695,0.198153,0.470097,0.278882,0.144145,0.158511,0.184807,0.473036,0.0968221,0.427765,0.107428,0.165649,0.0969193,0.136569,0.130592,0.47414,0.669816,0.398884,0.194168,0.254646,0.185637,0.0859713,0,0.366502,0.385751,0.0286598,0.195187,0.249526,0.232151,0.186547,0.0531463,0.0547492,0.354184,0.172339,0.132492,0.122042,0.526415,0.595862,0.298048,0.0732372,0.433273,0.325865,0.0750765,0.162305,0.236149,0.358017,0.935123,0.518338,0.12901,0.448603,0.204292,0.224068,0.244462,0.257791,0.151954,0.517494,0.0260925,0.387714,0.201564,0.406509,0.122464,0.186464,0.190571,0.18545,0.346547,0.171842,0.228694,0.488728,0.144137,0.08967,0.255891,0.137175,0.410813,0.547925,0.354207,0.499539,0.344181,0.608398,0.25301,0.179174,0.118392,0.154145,0.0942837,0.181061,0.216266,0.231627
0.559313,0.427588,0.341283,0.299666,0.601963,0.599846,0.328917,0.0298614,0.454191,0.113785,0.139405,0.145248,0.35319,0.402543,0.482362,0.262396,0.461671,0.629323,0.542332,0.640872,0.67976,0.449452,0.262831,0.4023,0.166374,0.376674,0.376113,0.415204,0.520367,0.441969,0.36724,0.263903,0.172862,0.475751,0.289508,0.497075,0.397013,0.610497,0.444722,0.398556,0.243901,0.449846,0.42882,0.960766,1,0.422661,0.598778,0.811284,0.539698,0.620245,0.379455,0.656478,1,0.923258,0.194879,0.773189,0.521707,0.710277,0.589894,0.495436,0.52215,0.296265,0.280487,0.23318,0.468724,0.304727,0.608689,0.441057,0.347722,0.436404,0.357019,0.396913,0.228188,0.580856,0.405245,0.536285,0.695572,0.0891274,0.270662,0.470714,0.308024,0.439497,0.182153,0.348783,0.142757,0.340318,0.424804,0.0525572,0.402596,0.591302,0.25638,0.178163,0.151769,0.0777934,0.00461109,0.287563,0.612654,0.123173,0.475751,0.289508,0.507963,0.114947,0.716112,0.13002,0.363028,0.613091,0.35024,0.274455,0.468295,0.339586,0.547368,0.430844,0.633298,0.360756,0.142959,0.655454,0.459376,0.257208,0.0731131,0.341909,0.350272,0.160749,0.0863312,0.449825,0.176269,0.598938,0.277146,0.0570965,0.796812,0.0972487,0.317625,0.360923,0.189185,0.0963853,1,0.176084,0.629636,0.24455,0.334652,0.198122,0.372712,0.672475,0.538116,0.769537,0.351227,0.398557,0.662827,0.349445,0.113951,0.0643664,0.451564,0.277234,0.0680538,0.399837,0.290994,0.175131,0.477048,0.525188,0.42056,0.166382,0.336835,0.340485,0.187841,0.165332,0.30213,0.0908241,0.441207,0.3712,0.638222,1,0.208652,0.267039,0.0613897,0.171575,0.385937,0.422824,0.259523,0.111643,0.399993,0.131836,0.404023,0.290664,0.106732,0.225986,0.277119,0.312327,0.118811,0.699083,0.332341,0.381642,0.322646,0.398406,0.388836,0.633061,0.184317,0.270591,0.434976,0.473166,0.156203,0.165578,0.147357,0.0835443,0.132497,0.260922,0.79182,0.525212,0.355669,0.232358,0.228544,0.401138,0.436908,0.913594,0.260255,0.358622,0.327785,0.245142,0.432147,0.094029,0.223555,0.511277,0.220686,0.467594,0.170251,0.310072,0.529502,0.208957,0.513289,0.0808914,0.385237,0.233768,0.166503,0.289259,0.334541,0.783333,0.165606,0.332348,0.467594,0.170251,0.129771,0.324478,0.897321,0.239721,0.397056,0.434207,0.618603,0.304379,0.289504,0.802609,0.224347,0.396847,0.215422,0.0548228,0.197823,0.273612,0.406918,0.5145,0.12541,0.538131,0.142018,0.311412,0.203635,0.391389,0.206621,0.129801,0.326092,0.125307,0.286746,0.102709,0.133587,0.131898,0.507229,0.150599,0.492911,0.335807,0.232025,0.819008,0.710226,0.844451,0.245661,0.153021,0.211132,0.136678,0.0601526,0.197823,0.273612,0.624804,0.338902,0.252311,0.147874,0.411567,0.10834,0.642799,0.634734,0.409751,0.22752,0.383591,0.423208,0.592468,0.176732,0.126917,0.188197,0.404703,0.339346,0.373553,0.0226685,0.535109,0.302056,0.0316245,0.0944744,0.578831,0.129338,0.507218,0.176776,0.245682,0.2087,0.190774,0.120535,0.100095,0.217284,0.371027,0.495349,0.305657,0.232358,0.228544,0.237379,0.472133,0.0463711,0.550886,0.0531566,0.266315,1,0.15569,0.231193,0.11381,0,0.0576338,0.143913,0.504216,0.0570414,0.484424,0.341756,0.579246,0.49606,0.34616,0.391411,0.407531,0.342131,0.138881,0.113873,0.194874,0.390365,0.17735,0.409132,0.49261,0.055492,0.123,0.180981,0.320932,0.141261,0.257988,0.186886,0.136322,0.0510702,0.0526101,0.0636389,0.388836,0.633061,0.140507,0.0725348,0.0998992,0.541409,0.0424808,0.200575,0.232342,0.271374,0.0518934,0.11134,0.0711826,0.190423,0.0909492,0.183353,0.0692732,0.60823,0.131877,0.216455,0.0394678,0.339346,0.373553,0.181558,0.148101,0.451834,0.316444,0.113386,0.199685,0.170589,0.147444,0.837563,0.742458,0.0560966,0.38778,0.385736,0.111297,0.187173,0.0344494,0.121629,0.759514,0.0671881,0.275106,0.135663,0.12107,0.0732359,0.142247,0.136685,0.143871,0.349362,0.314581,0.249664,0.365847,0.141381,0.0589015,0.167998,0.0780509,0.501388,0.291406,0.390495,0.426743,0.234788,0.753814,0.411606,0.0885434,0.108199,0.105493,0.388161,0.155992,0.0764596,0.110277
0.710796,0.60711,0.500473,0.219404,0.434884,0.751438,0.198499,0.098737,0.812744,0.221402,0.283006,0.0518665,0.245045,0.0906009,0.118266,0.225611,0.320833,0.259566,0.421625,0.313745,0.676269,0.401937,0.27149,0.347897,0.439153,0.517,0.533145,0.62114,0.666225,0.6452,0.570141,0.489373,0.441676,0.694697,0.667051,0.249036,0.430437,0.37826,0.395972,0.475499,0.480812,0.568063,0.573957,0.307673,0.390217,0.0688483,0.0794872,0.305084,0.458232,0.513849,0.124485,0.700932,0.429773,0.747554,0.180536,0.837828,0.290721,0.780525,0.937826,0.960917,0.895671,0.941036,0.107104,0.126871,0.242869,0.123719,0.203241,0.76974,0.405512,0.39495,0.395027,0.29755,0.116262,0.721084,0.200653,0.63416,0.264105,0.0737735,0.0601505,0.438641,0.645044,0.172042,0.00851043,0.424117,0.922303,0.3791,0.46176,0.0948169,0.565559,0.526232,0.726351,0.154221,0.173014,0.511938,0.538028,0.0667723,0.85918,0.293295,0.694697,0.667051,0.537488,0.767824,0.387944,0.204278,0.338392,0.889332,0.729035,0.326712,0.47477,0.810723,0.297258,0.134359,0.449789,0.266673,0.0968828,0.234914,0.34667,0.359013,0.0825165,0.326324,0.808811,0.0882344,0.209991,0.257032,0.206377,0.742457,0.030985,0.242149,0.361661,0.137995,0.530012,0.551025,0.0483791,0.0885788,0.251604,0.144442,0.105152,0.239093,0.598202,0.534667,0.324449,0.455506,0.464133,0.215733,0.601639,0.128896,0.648602,0.398987,0.470567,0.254896,0.149135,0.73951,0.165102,0.843105,0.967423,0.139305,0.539686,0.514898,0.335746,0.569216,0.193842,0.803801,0.486576,0.0735987,0.234736,0.08825,0.372091,0.130645,0.194031,0.211652,0.679399,0.242369,0.29684,0.157095,0.24475,0.386932,0.0383774,0.156703,0.299953,0.104116,0.663123,0.246542,0.437946,0.13951,0.22077,0.269243,0.331948,0.788469,0.783331,0.397866,0.114332,0.580595,0.480501,0.437688,0.373685,0.205686,0.356455,0.182637,0.285053,0.298932,0.0763852,0.242961,0.113818,0.648003,0.43799,0.54694,0.510641,0.419849,0.18708,0.298852,0.491448,0.277077,0.216662,0.278913,0.493831,0.256784,0.305552,0.824176,0.299225,0.129711,0.371097,0.581334,0.352965,0.0251544,0.0884404,0.487579,0.716329,0.308086,0.509394,0.217682,0.428304,0.504828,0.429019,0.578006,0.18352,0.121624,0.581334,0.352965,0.421595,0.189809,0.847185,0.291233,0.487615,0.433971,0.515445,0.1251,0.176381,0.800177,0.315857,0.571885,0.0851775,0.119472,0.482954,0.138299,0.246096,0.629702,0.541812,0.537445,0.347886,0.475334,0.386783,0.49605,0.167722,0.231468,0.353853,0.461334,0.461808,0.321884,0.458248,0.0946274,0.655059,0.235884,0.376054,0.105647,0.358395,0.884665,0.556381,0.837821,0.327615,0.395695,0.31936,0.337611,0.299651,0.482954,0.138299,0.758257,0.458884,0.580928,0.24137,0.633192,0.223083,0.616668,0.872633,0.34506,0.309339,0.433986,0.499521,0.273135,0.284681,0.214225,0.381436,0.363555,0.73171,0.741851,0.151914,0.583658,0.355888,0.448233,0.199046,0.556772,0.330351,0.632285,0.149041,0.230665,0.755347,0.659041,0.215601,0.284884,0.082459,0.421589,0.738183,0.410026,0.419849,0.18708,0.594561,0.188658,0.144996,0.571413,0.13383,0.377004,0.329217,0.0754217,0.197573,0.154632,0.403249,0.107657,0.132565,0.530542,0.496417,0.884576,0.216921,0.837709,0.682427,0.508654,0.264283,0.322127,0.295696,0.318433,0.226735,0.269493,0.284658,0.161956,0.628554,0.235054,0.154509,0.191218,0.317228,0.42588,0.10547,0.763867,0.222122,0.771014,0.113458,0.129222,0.291554,0.480501,0.437688,0.46375,0.202787,0.233116,0.265753,0.0837005,0.148852,0.251019,0.324142,0.0576222,0.464666,0.40634,0.360149,0.0633581,0.204842,0.0516245,0.600347,0.303776,0.163952,0.101607,0.73171,0.741851,0.373683,0.388409,0.504369,0.124432,0.323304,0.220312,0.264326,0.245932,0.932512,0.602651,0.150097,0.415105,0.0836635,0.395182,0.248403,0.222413,0.150081,0.569314,0.0909874,0.695697,0.271668,0.400863,0.184372,0.197088,0.338142,0.150023,0.378635,0.448514,0.371944,0.292145,0.150182,0.0672889,0.306917,0.278019,0.384371,0.381523,0.604973,0.551348,0.197069,0.823072,0.437877,0.100842,0.693648,0.337924,0.261036,0.241472,0.215469,0.281236
0.68394,0.493642,0.339437,0.508205,0.552211,0.586016,0.551236,0.0653771,0.625251,0.573175,0.594184,0.448101,0.389051,0.568353,0.325827,0.322812,0.251182,0.69937,0.470648,0.468108,0.332731,0.580539,0.154008,0.0435694,0.197934,0.133764,0.495518,0.433963,0.428912,0.599594,0.567144,0.298002,0.126794,0.325933,0.414449,0.225998,0.119125,0.251603,0.356172,0.38897,0.379292,0.516777,0.383117,0.809449,0.174724,0.420824,0.456922,0.474359,0.531395,0.504748,0.595977,0.673293,0.671097,0.620684,0.22341,0.726139,0.326569,0.803487,0.453696,0.689921,0.663169,0.611454,0.698883,0.558346,0.572062,0.150502,0.48655,0.464168,0.283583,0.452509,0.642844,0.367086,0.09606,0.483936,0.475231,0.697179,0.632507,0.514907,0.397685,0.248452,0,0.687825,0.35715,0.138457,0.299856,0.222428,0.376497,0.126961,0.263547,0.337975,0.480307,0.129962,0.194863,0.310663,0.506764,0.670964,0.906779,0.119883,0.325933,0.414449,0.557555,0.477357,0.256423,0.146674,0.468678,0.785706,0.475093,0.0200127,0.431575,0.666407,0.269151,0.616004,0.522273,0.314417,0.0284074,0.232625,0.324101,0.207992,0.0971778,0.547737,0.49075,0.319965,0.511512,0.315875,0.303952,0.75743,0.224756,0.022343,0.648172,0.293271,0.241414,0.168067,0.108108,0.165321,0.133881,0.178681,0.499358,0.248693,0.401902,0.094101,0.287811,0.64112,0.480741,0.356979,0.868497,0.32148,0.602684,0.455972,0.646631,0.0605178,0.487004,0.339255,0.0577166,0.758347,0.393037,0.176427,0.403974,0.590152,0.406723,0.188519,0.228604,0.934294,0.264711,0.157444,0.177661,0.0322186,0.437644,0.353601,0.551681,0.106179,0.240262,0.205688,0.0257991,0.155852,0.537562,0.233437,0.370643,0.149749,0.446525,0.242168,0.285947,0.299668,0.149854,0.207554,0.232157,0.390216,0.285074,0.642243,0.261122,0.450099,0.216224,0.396685,0.29583,0.56678,0.217568,0.212434,0.428842,0.434336,0.127417,0.27297,0.0988124,0.121204,0.138809,0.224965,0.504622,0.712294,0.127301,0.124025,0.39462,0.420748,0.235638,0.486814,0.21896,0.498589,0.234915,0.0873488,0.389257,0.117141,0.170196,0.409734,0.151753,0.492681,0.218275,0.348841,0.330567,0.207417,0.340101,0.110686,0.375202,0.233131,0.0712662,0.0951296,0.465977,0.387152,0.727814,0.321909,0.492681,0.218275,0.189451,0.312793,0.903143,0.17756,0.507513,0.396348,0.633973,0.164344,0.204123,0.780063,0.199782,0.570524,0.269213,0.10714,0.292092,0.126859,0.154758,0.485381,0.206863,0.538307,0.116208,0.375007,0.152739,0.388426,0.221353,0.129172,0.307835,0.133524,0.226216,0.206061,0.0734374,0.0646338,0.724547,0.0963615,0.199529,0.378426,0.266336,0.882151,0.410207,0.860689,0.209746,0.0728885,0.075772,0.154139,0.128508,0.292092,0.126859,0.635714,0.399708,0.202302,0.157139,0.446498,0.0815996,0.679646,0.707307,0.355654,0.268833,0.310973,0.445535,0.50226,0.188886,0.196759,0.114515,0.144294,0.583145,0.35882,0.0969366,0.678466,0.163066,0.199526,0.223062,0.234572,0.128518,0.613808,0.200267,0.145252,0.223075,0.0620788,0.214315,0.0827678,0.30269,0.257762,0.693915,0.234514,0.124025,0.39462,0.128512,0.624182,0.109776,0.500801,0.0428016,0.191623,0.357843,0.0950008,0.141469,0.12842,0.195786,0,0.221527,0.46955,0.0222139,0.485815,0.390856,0.769567,0.269421,0.321755,0.320759,0.373277,0.176677,0.257058,0.163294,0,0.506927,0.18142,0.369508,0.316236,0.0555698,0.111973,0.153621,0.327552,0.0404955,0.11137,0.304352,0.0716755,0.0679691,0.105442,0.108671,0.29583,0.56678,0.114938,0.057498,0.0508827,0.195786,0.0232564,0.61313,0.278639,0.170394,0.0488697,0.194034,0.116157,0.128587,0.14415,0.53704,0.0457789,0.74394,0.196108,0.206133,0.102764,0.583145,0.35882,0.388104,0.203553,0.620515,0.173465,0.182953,0.118026,0.240051,0.199459,0.899015,0.384716,0.15689,0.372768,0.415926,0.0734728,0.152629,0.157691,0.082598,0.365564,0.0172717,0.257278,0.124027,0.264322,0.0401514,0.104244,0.139801,0.116847,0.297114,0.229538,0.104309,0.392172,0.0620942,0.0824668,0.180773,0.0748485,0.310718,0.188194,0.57472,0.242496,0.210088,0.68114,0.167561,0.0783784,0.140219,0.14417,0.830823,0.186185,0.117569,0.100948
0.700109,0.45354,0.412373,0.327458,0.659132,0.651595,0.475087,0.019912,0.599421,0.379526,0.41214,0.208116,0.556463,0.308044,0.395559,0.28758,0.257275,0.343459,0.238362,0.431759,0.215898,0.53794,0.349928,0.702355,0.184719,0.265855,0.223896,0.543905,0.590389,0.730493,0.698601,0.400604,0.221137,0.621392,0.474297,0.221993,0.211205,0.175756,0.352855,0.450401,0.61344,0.48071,0.434998,0.683325,0.189875,0.265319,0.343903,0.227663,0.655584,0.635562,0.155468,0.726383,0.373193,0.670753,0.265167,0.732099,0.521679,0.721659,0.590478,0.462615,0.556558,0.494721,0.760713,0.61543,0.78697,0.168737,0.307385,0.39433,0.334809,0.120462,0.497009,0.326709,0.244042,0.456699,0.382777,0.794683,0.735443,0.212785,0.594117,0.237523,0.326003,0.376221,0.277941,0.192426,0.278983,0.260966,0.490915,0.111896,0.311149,0.921899,0.83611,0.131817,0.18016,0.45396,0.582525,0.358661,0.871994,0.168564,0.621392,0.474297,0.731734,0.724605,0.268242,0.364341,0.898542,0.585145,0.399929,0.252826,0.629415,0.852481,0.188585,0.480791,0.55396,0.269283,0.174736,0.458782,0.392666,0.222195,0.126461,0.756788,0.491444,0.156289,0.324574,0.348249,0.25256,0.718313,0.382937,0.0843638,0.7363,0.134805,0.257646,0.205019,0.155007,0.186453,0.146881,0.111156,0.736834,0.2638,0.386393,0.157026,0.272103,0.598508,0.529209,0.545395,0.76293,0.714906,0.723384,0.207975,0.798248,0.125914,0.50626,0.386254,0.0711867,0.741675,0.35171,0.156123,0.294653,0.584419,0.227835,0.361712,0.200666,0.883596,0.302339,0.119529,0.193671,0.0661194,0.376524,0.579673,0.556867,0.134574,0.270702,0.192216,0.159739,0.151107,0.541251,0.417616,0.511034,0.17037,0.296901,0.13263,0.498477,0.196561,0.407349,0.174351,0.215847,0.242254,0.192701,0.738471,0.417996,0.435254,0.15301,0.375181,0.467448,0.404721,0.258652,0.154267,0.241678,0.59217,0.143081,0.137332,0.140955,0.113122,0.204912,0.363293,0.378744,0.656202,0.300188,0.214298,0.451155,0.28135,0.284701,0.960033,0.205196,0.315742,0.0929104,0.158424,0.234746,0.123336,0.236955,0.51112,0.301775,0.586176,0.163654,0.272002,0.422718,0.218355,0.535779,0.111739,0.359688,0.279813,0.47882,0.167366,0.367444,0.57008,0.294979,0.544325,0.586176,0.163654,0.288254,0.198994,0.892748,0.490397,0.469715,0.352979,0.43845,0.232057,0.165233,0.738148,0.173879,0.278458,0.165999,0.0594761,0.329599,0.247022,0.258834,0.555933,0.1579,0.535667,0.224592,0.242391,0.254775,0.466574,0.183096,0.135679,0.207757,0.16342,0.279393,0.196669,0.188351,0.082427,0.644577,0.17097,0.133204,0.301021,0.193926,0.859675,0.417994,0.848523,0.373215,0.0907228,0.133461,0.180893,0.224493,0.329599,0.247022,0.805582,0.185306,0.343155,0.120574,0.27651,0.139002,0.562152,0.748,0.332367,0.217185,0.232837,0.458565,0.340314,0.203267,0.38442,0.165613,0.153281,0.86622,0.621694,0.118962,0.394912,0.153986,0.234276,0.110316,0.327503,0.125822,0.307728,0.104224,0.145529,0.190085,0.225067,0.166375,0.109342,0.425167,0.346813,0.340382,0.124777,0.214298,0.451155,0.244121,0.447754,0.0876479,0.426278,0.0668763,0.354776,0.466828,0.192042,0.133413,0.121225,0.261913,0.0836396,0.23429,0.245002,0.136835,0.406027,0.231121,0.821184,0.311405,0.300849,0.240804,0.265043,0.0916487,0.142804,0.0737788,0.219461,0.252132,0.178648,0.267952,0.216494,0.0763412,0.131597,0.183253,0.425423,0.0786519,0.359564,0.36712,0.0717825,0.0731966,0.0605582,0.109289,0.467448,0.404721,0.117845,0.0592843,0.0893939,0.0909181,0.0913438,0.232981,0.207686,0.269461,0.0481238,0.209799,0.144918,0.215277,0.0634528,0.446052,0.0752534,0.700573,0.175022,0.364399,0.100105,0.86622,0.621694,0.570191,0.226673,0.729989,0.187825,0.156657,0.118867,0.26313,0.227606,0.907605,0.384864,0.1464,0.245351,0.415449,0.135511,0.147582,0.275245,0.113397,0.375851,0.0903295,0.350645,0.108389,0.239283,0.119851,0.128312,0.232688,0.0855554,0.6401,0.424016,0.344954,0.365075,0.141175,0.0962225,0.312865,0.166117,0.212488,0.302349,0.846498,0.279344,0.175254,0.649307,0.171137,0.0708157,0.171109,0.237482,0.619917,0.220004,0.11889,0.126397
0.495139,0.373501,0.488526,0.478188,0.512593,0.911501,0.216878,0.111334,0.563947,0.241544,0.244176,0.174525,0.487504,0.163453,0.468496,0.281102,0.178712,0.664915,0.559173,0.569611,0.582535,0.399071,0.24923,0.529628,0.728072,0.188442,0.461127,0.44694,0.610542,0.411735,0.500352,0.254598,0.150683,0.520191,0.36467,0.343823,0.225281,0.416739,0.467514,0.403221,0.407176,0.584609,0.484833,0.775474,0.278108,0.0782632,0.5446,0.57701,0.610062,0.672804,0.91319,0.392213,0.517643,0.610309,0.224522,0.407373,0.319404,0.676855,0.310926,0.440437,0.41201,0.402854,0.154336,0.161696,0.107515,0.397263,0.483055,0.371055,0.434281,0.483926,0.567151,0.277807,0.0905153,0.471776,0.417377,0.669984,0.156481,0.107214,0.0498925,0.347522,0.427034,0.120375,0.115476,0.101445,0.163273,0.313131,0.383186,0.0833335,0.551096,0.206937,0.675572,0.271246,0.234833,0.400917,0.395136,0.293056,0.735492,0.296945,0.520191,0.36467,0.634541,0.493102,0.186861,0.121195,0.308216,0.678723,0.407693,0.20518,0.475482,0.419906,0.659232,0.172478,0.595418,0.464385,0.200853,0.40522,0.515449,0.24948,0.254847,0.699483,0.24866,0.114466,0.0580986,0.374187,0.284478,0.522657,0.0266286,0.0528263,0.602601,0.301827,0.327563,0.420892,0.116039,0.316441,0.117135,0.240286,0.238232,0.301314,0.448013,0.148538,0.291413,0.83114,0.556256,0.563935,0.646069,0.0973091,0.51564,0.507793,0.6629,0.0557504,0.14511,0.488582,0.247679,0.680341,0.378794,0.171739,0.520412,0.696812,0.626647,0.336525,0.204326,0.609858,0.549151,0.167979,0.268925,0.159383,0.570181,0.0924457,0.0468022,0.129554,0.275792,0.388023,0.0447931,0.161425,0.498458,0.425376,0.0820908,0.166178,0.406296,0.294156,0.364655,0.381048,0.351217,0.258706,0.298884,0.451024,0.336355,0.478122,0.462626,0.455629,0.34829,0.554194,0.327021,0.611545,0.46057,0.308521,0.501846,0.0711068,0.0992039,0.227372,0.162803,0.107981,0.0403566,0.236619,0.455995,0.492725,0.207319,0.222532,0.138121,0.400137,0.56304,0.613628,0.325419,0.26225,0.279005,0.368278,0.450831,0.0848578,0.267236,0.022261,0.135421,0.688291,0.371507,0.401662,0.212442,0.337392,0.4167,0.0612008,0.399949,0.363425,0.617362,0.145351,0.209345,0.569466,0.383786,0.0859113,0.688291,0.371507,0.159664,0.415653,0.81161,0.621263,0.674993,0.389514,0.593173,0.319316,0.379635,0.744081,0.339492,0.438572,0.167107,0.106736,0.192147,0.287954,0.316363,0.532503,0.421489,0.541748,0.329583,0.541564,0.161558,0.43059,0.300663,0.16705,0.50287,0.0985438,0.283904,0.191467,0.069856,0.0548576,0.776656,0.231003,0.0899221,0.161882,0.403328,0.870984,0.185874,0.856743,0.127022,0.124871,0.140633,0.137497,0.0943511,0.192147,0.287954,0.551843,0.312915,0.346345,0.208816,0.410904,0.184772,0.808382,0.680727,0.262877,0.239188,0.524903,0.454141,0.785255,0.173207,0.251503,0.0920722,0.211409,0.706411,0.271422,0.123386,0.60636,0.139679,0.212408,0.110264,0.320119,0.155994,0.527272,0.227726,0.243017,0.338555,0.0566096,0.512831,0.0852802,0.142528,0.431748,0.549998,0.322671,0.222532,0.138121,0.216076,0.248057,0.208842,0.601958,0.0180994,0.30957,0.161324,0.164892,0.237643,0.177386,0.699263,0.0812847,0.293982,0.369822,0.100004,0.458398,0.37994,0.701087,0.524652,0.142349,0.481959,0.399295,0.191017,0.0928096,0.143578,0.217511,0.460565,0.16776,0.717757,0.391839,0.106746,0.0915594,0.191901,0.246532,0.12775,0.312689,0.477359,0.12414,0.0780752,0.138099,0.064302,0.327021,0.611545,0.166152,0.148224,0.0800072,0.0176756,0.046917,0.798616,0.318952,0.388982,0.0302312,0.00393589,0.0789831,0.29688,0.381811,0.440241,0.0771424,0.596312,0.143285,0.0708286,0.272156,0.706411,0.271422,0.552289,0.244183,0.747496,0.205796,0.0867061,0.0214,0.596185,0.22026,0.819651,0.186335,0.174656,0.320932,0.739581,0.0650541,0.170023,0.164368,0.0762085,0.226601,0.176038,0.324975,0.165025,0.329034,0.0704216,0.0795436,0.276188,0.156715,0.187077,0.0512704,0.256459,0.584281,0.0690734,0.0627589,0.184425,0.0678114,0.441603,0.166782,0.664706,0.39998,0.392676,0.481099,0.221313,0.076188,0.177532,0.138284,0.699491,0.17187,0.101931,0.0513889
0.72799,0.591637,0.591725,0.229487,0.512119,0.23127,0.150975,0.0813637,0.72528,0.361394,0.396872,0.193017,0.385955,0.204078,0.27188,0.276828,0.217283,0.319798,0.673587,0.596368,0.517047,0.709812,0.0935045,0.316135,0.657763,0.614993,0.466386,0.607119,0.692827,0.721287,0.687277,0.253091,0.177608,0.490064,0.624591,0.330997,0.366224,0.474967,0.496162,0.55834,0.278373,0.682919,0.629518,0.64086,0.312192,0.227418,0.435593,0.487178,0.905633,0.842406,0.163079,0.569494,0.117503,0.449885,0.206159,0.678246,0.290997,0.796646,0.693638,0.556217,0.583434,0.641027,0.0998356,0.0451553,0.375459,0.323357,0.371571,0.694014,0.40757,0.242778,0.620853,0.418479,0.127895,0.427363,0.237147,0.561162,0.260667,0.306936,0.0636833,0.290446,0.518171,0.115284,0.195687,0.290043,0.49062,0.292872,0.814369,0.162951,0.519385,0.779034,0.823982,0.156722,0.360471,0.520818,0.66593,0.147095,0.861347,0.43224,0.490064,0.624591,0.609758,0.705464,0.215654,0.128106,0.749125,0.811636,0.599409,0.174634,0.639214,0.682608,0.612242,0.220658,0.751865,0.2984,0.302009,0.355156,0.334331,0.160263,0.147462,0.37998,0.449421,0.0633356,0.153503,0.471205,0.16948,0.811765,0.0525487,0.121155,0.578858,0.198636,0.338759,0.385795,0.0323982,0.291156,0.178796,0.195664,0.188484,0.251025,0.466584,0.327527,0.195098,0.534878,0.676681,0.482573,0.916798,0.156106,0.557038,0.493793,0.685807,0.185052,0.0730067,0.459459,0.0815053,0.75875,0.436445,0.11642,0.40777,0.838023,0.291187,0.307484,0.323093,0.681591,0.560048,0.129753,0.391265,0.0624537,0.463418,0.157254,0.0640562,0.176384,0.231711,0.252109,0.10636,0.285482,0.580997,0.327609,0.098484,0.297216,0.382362,0.0734226,0.521064,0.215738,0.2391,0.182222,0.229198,0.182221,0.220796,0.583063,0.600366,0.430141,0.219588,0.4998,0.428751,0.466837,0.505989,0.0914407,0.264784,0.117703,0.248401,0.144074,0.148683,0.143323,0.161101,0.271238,0.244687,0.768489,0.206517,0.209127,0.0399,0.454648,0.402209,0.7391,0.219044,0.555097,0.22596,0.19214,0.303279,0.290262,0.189921,0.075176,0.298536,0.548795,0.245674,0.252181,0.211705,0.402883,0.367754,0.0941141,0.431106,0.349157,0.26166,0.151462,0.470659,0.454354,0.357625,0.120856,0.548795,0.245674,0.25387,0.222147,0.768559,0.24264,0.634535,0.479332,0.428671,0.445613,0.217703,0.727419,0.149712,0.340437,0.106612,0.143225,0.597732,0.231252,0.313928,0.5939,0.300852,0.535305,0.213388,0.409253,0.213784,0.839205,0.241383,0.135364,0.264592,0.287887,0.278458,0.229186,0.185214,0.276386,0.818661,0.217065,0.243536,0.163196,0.283075,0.825993,0.811105,0.839361,0.20839,0.229722,0.0930865,0.283131,0.212751,0.597732,0.231252,0.639326,0.633462,0.593906,0.31079,0.553604,0.0155523,0.629661,0.627146,0.352881,0.252152,0.310058,0.434019,0.498588,0.298469,0.286622,0.193409,0.107583,0.756849,0.298034,0.113809,0.457857,0.22334,0.362223,0.14451,0.312965,0.198535,0.55402,0.215521,0.179046,0.206631,0.251799,0.266908,0.188903,0.0581775,0.284506,0.57506,0.324465,0.209127,0.0399,0.326835,0.174253,0.114685,0.517134,0.122231,0.260408,0.0489071,0.525711,0.275105,0.136523,0.304553,0.0875214,0.175989,0.48806,0.276729,0.660509,0.309712,0.789531,0.659386,0.357454,0.374121,0.162963,0.263272,0.243405,0.202583,0.16412,0.179716,0.277041,0.630769,0.341743,0.196373,0.175722,0.218775,0.309865,0.150922,0.220717,0.394197,0.273559,0.115408,0.151477,0.189682,0.428751,0.466837,0.217765,0.239957,0.13236,0.213834,0.102739,0.295196,0.286534,0.0711496,0.126863,0.200661,0.176546,0.285886,0.220061,0.467837,0.037066,0.618423,0.148885,0.0830416,0.235641,0.756849,0.298034,0.266432,0.238227,0.417833,0.184232,0.149639,0.156832,0.326999,0.101998,0.653965,0.362629,0.16469,0.248075,0.667288,0.150827,0.143894,0.15066,0.0510818,0.378028,0.0720501,0.191163,0.214546,0.191544,0.105215,0.192359,0.268216,0.155898,0.197187,0.105401,0.195194,0.52183,0.212554,0.161356,0.284249,0.207118,0.466279,0.46977,0.368632,0.315802,0.221385,0.484432,0.208026,0.160365,0.363154,0.180318,0.508632,0.172149,0.161203,0.25753
0.589992,0.499105,0.269666,0.619047,0.3801,0.509258,0.499115,0.0794128,0.601404,0.280219,0.312547,0.285653,0.400709,0.260478,0.385818,0.301829,0.311114,0.650017,0.594369,0.613984,0.483346,0.438397,0.329979,0.388836,0.418679,0.0706716,0.478848,0.308702,0.397046,0.547456,0.509922,0.187941,0.1365,0.312101,0.506068,0.210759,0.15162,0.43407,0.150931,0.152996,0.578061,0.361708,0.306351,0.839381,0.300066,0.399494,0.458559,0.632047,0.60802,0.680659,0.536603,0.533144,0.569352,0.713087,0.290077,0.599551,0.423272,0.85029,0.509274,0.582143,0.566342,0.379042,0.407625,0.257331,0.322392,0.471694,0.463586,0.369112,0.301591,0.480498,0.803169,0.562842,0.165474,0.463734,0.676406,0.510045,0.640463,0.118692,0.385532,0.369949,0.344259,0.210927,0.293168,0.163288,0.152741,0.460057,0.48569,0.204181,0.348548,0.195924,0.515022,0.131443,0.126922,0.196756,0.429697,0.202264,0.609188,0.0873838,0.312101,0.506068,0.418478,0.210477,0.328884,0.0815067,0.264947,0.639148,0.424992,0.388896,0.611737,0.481441,0.612118,0.525017,0.60796,0.458728,0.381274,0.2869,0.473208,0.262655,0.309108,0.328034,0.416538,0.385383,0.249631,0.349442,0.287427,0.681808,0.145979,0.0865797,0.407138,0.268412,0.201084,0.232547,0.347272,0.183595,0.133256,0.311143,0.480059,0.351905,0.443918,0.287472,0.24684,0.704744,0.55511,0.292579,0.504234,0.292342,0.434462,0.346305,0.283252,0.137644,0.515657,0.184612,0.18758,0.682809,0.505901,0.243355,0.416967,0.57748,0.44854,0.216018,0.220985,0.340242,0.396304,0.28385,0.535447,0.147135,0.490734,0.328636,0.438893,0.109916,0.215316,0.449295,0.0947629,0.211166,0.404073,0.441214,0.315639,0.154671,0.466067,0.184591,0.588995,0.30915,0.225636,0.295571,0.257263,0.321025,0.201371,0.57708,0.478584,0.48544,0.278221,0.501967,0.323271,0.555365,0.341349,0.243594,0.41419,0.403356,0.149727,0.206363,0.245579,0.151808,0.299103,0.228062,0.456656,0.717987,0.350502,0.168166,0.244888,0.431934,0.533139,0.269977,0.196787,0.386232,0.218881,0.239426,0.362846,0.197647,0.151108,0.350779,0.353233,0.40742,0.197959,0.498104,0.571285,0.274996,0.385763,0.148127,0.3672,0.247809,0.159447,0.189898,0.340084,0.453621,0.349247,0.282604,0.40742,0.197959,0.213816,0.418036,0.872711,0.603957,0.345953,0.57964,0.614116,0.385924,0.194441,0.781438,0.185058,0.265212,0.156149,0.130117,0.266029,0.324336,0.245775,0.566341,0.217403,0.537772,0.192465,0.345695,0.201151,0.415282,0.281895,0.341463,0.336571,0.240144,0.262639,0.134307,0.196055,0.126349,0.536798,0.185485,0.228546,0.413105,0.215855,0.877368,0.273852,0.841057,0.261483,0.144962,0.127312,0.182937,0.145707,0.266029,0.324336,0.762791,0.421322,0.241865,0.18919,0.405975,0.227446,0.60963,0.74084,0.614263,0.329738,0.268282,0.453101,0.440476,0.259965,0.108596,0.220881,0.112276,0.280722,0.361647,0.130542,0.395246,0.146459,0.255648,0.103389,0.285082,0.195833,0.582821,0.138852,0.0748033,0.400675,0.152882,0.239113,0.0983023,0.175801,0.268148,0.498066,0.193267,0.168166,0.244888,0.220968,0.414143,0.113163,0.22439,0.0739991,0.219222,0.189132,0.123123,0.100501,0.112834,0.309127,0.0924527,0.20603,0.334877,0.130163,0.615893,0.366452,0.672009,0.537465,0.276662,0.456312,0,0.459036,0.216621,0.120192,0.228044,0.243414,0.212353,0.472411,0.357556,0.0826029,0.15634,0.206439,0.381203,0.0669803,0.354123,0.188642,0.123091,0.0882014,0.107159,0.141176,0.323271,0.555365,0.136554,0.156664,0.121158,0.136202,0.136984,0.331414,0.288815,0.198537,0.0614676,0.140987,0.113808,0.266921,0.267788,0.134776,0.0299597,0.429906,0.114913,0.189149,0.13683,0.280722,0.361647,0.25885,0.165216,0.464268,0.242971,0.131374,0.0908403,0.301663,0.243135,0.886456,0.541319,0.118759,0.157483,0.561341,0.111274,0.114011,0.287277,0.0831728,0.588826,0.0926774,0.344839,0.0324031,0.287252,0.0937231,0.0403242,0.179175,0.138908,0.289396,0.255625,0.124113,0.429164,0.149614,0.141057,0.174046,0.1502,0.314051,0.305439,0.332593,0.10279,0.142723,0.658409,0.0804865,0.0988006,0.114176,0.118537,0.296932,0.155494,0.1246,0.147446
0.402119,0.549782,0.667507,0.0432202,0.627735,0.746209,0.485117,0.0514659,0.406525,0.851678,0.851191,0.218214,0.448565,0.378341,1,0.670699,0.574842,0.262257,0.297427,0.0333529,0.1681,1,0.132595,0.0459386,0.180533,0.673879,0.309359,0.727419,0.788088,0.715797,0.666617,0.220123,0.164868,0.838015,0.24607,0.461603,0.523861,0.114239,0.675661,0.63066,0.44976,0.689139,0.695439,0.249759,0.175687,0.313437,0.926779,0.0957478,0.288745,0.245655,0.0459811,0.518015,0.995795,0.648905,0.729569,0.504679,0.547221,0.761554,0.567428,0.434287,0.538881,0.773112,0.746796,1,0.667681,0.551868,0.929346,0.209125,0.699894,0.486008,0.313745,0.221995,0.15214,0.663053,0.120282,0.790877,0.691011,0.105496,0.577484,0.176062,0.475365,0.212269,0.348072,0.166117,0.439798,0.249209,0.561258,0.188648,0.310131,0.969479,0.882128,1,0.825933,0.586273,0.338044,0.311858,0.805515,0.451495,0.838015,0.24607,0.683982,1,0.820053,0.119096,0.87474,0.881531,0.345258,0.282208,0.600591,0.739471,0.35138,0.482914,0.570821,0.14507,0.0927784,0.555317,0.247903,0.113964,0.153831,0.727976,0.37301,0,0.248571,0.240096,0.926068,0.809794,0.285904,0.274229,0.746936,0.156953,0.342911,0.19556,0,0.355374,0.107711,0.103323,0.737592,0.605377,0.445354,0.211144,0.286914,0.740141,0.496691,0.574362,0.427362,0.601427,0.980648,0.21236,0.439918,0.16108,0.514211,0.420526,0.0757664,0.773437,0.260071,0.0297656,0.281548,0.547773,0.232087,0.32237,0.0901123,0.596478,0.358934,0.0410287,0.112975,0.0559896,0.353411,0.635618,0.508871,0.754721,0.0884589,0.105412,0.0306668,0.157977,0.22564,0.170817,0.548911,0.336225,0.282124,0.073548,0.488411,0.18236,0.433811,0.0841125,0.190606,0.227009,0.198024,0.849292,0.540578,0.748326,0.326335,0.390833,0.583827,0.434415,0.288215,0.136114,0.246665,0.474366,0.306594,0.196287,0.0431093,0.0981158,0.228044,0.103848,0.848017,0.649573,0.323392,0.181509,0.443693,0.27163,0.192079,0.914953,0.168583,0.387289,0.268703,0.125782,0.183464,0.160767,0.183645,0.391597,0.323031,0.592381,0.25308,0.114203,0.42152,0.307572,0.618815,0.0423515,0.358299,0.344783,0.168155,0.112183,0.406312,0.532253,0.175294,0.471179,0.592381,0.25308,0.177217,0.154337,0.924601,0.33086,0.382323,0.145032,0.603076,0.0929021,0.145938,0.76984,0.152328,0.468896,0.108031,0.0626213,0.652007,0.169014,0.17288,0.589894,0.10794,0.535349,0.163106,0.344785,0.225478,0.508244,0.149475,0.146378,0.229011,0.20665,0.337656,0.176669,0.208502,0.10053,0.764724,0.225206,0.186445,0.37185,0.280776,0.920676,0.8716,0.942591,0.468529,0.125868,0.0872498,0.233794,0.251706,0.652007,0.169014,0.63172,0.406066,0.822642,0.156505,0.408954,0.134955,0.643852,0.643264,0.580964,0.163432,0.318255,0.436697,0.9598,0.183164,0.385387,0.166574,0.187689,0.45307,0.720258,0.0159025,0.497893,0.196474,0.189761,0.133941,0.301442,0.141086,0.347863,0.175932,0.16081,0.242084,0.210012,0.134516,0.110735,0.332519,0.324701,0.429974,0.182997,0.181509,0.443693,0.150546,0.585723,0.0612813,0.406813,0.0763523,0.233327,0.368113,0.0405863,0.144608,0.111906,0.215579,0.0559576,0.220528,0.364664,0.182848,0.65278,0.242823,0.712791,0.157093,0.354999,0.173796,0.314178,0.287237,0.211868,0.161062,0.149478,0.269958,0.306263,0.424321,0.175434,0.0345398,0.129185,0.202636,0.224448,0.113065,0.392263,0.0138355,0.0953746,0.049139,0.0775497,0.0997891,0.583827,0.434415,0.157814,0.208992,0.0920793,0.0907747,0.141163,0.0955664,0.245032,0.197657,0.0683999,0.224869,0.0994617,0.209295,0.0437933,0.236698,0.0313672,0.72235,0.193769,0.447232,0.118355,0.45307,0.720258,0.177743,0.225837,0.381012,0.215853,0.207253,0.127432,0.107809,0.11716,0.844363,0.297806,0.183879,0.338359,0.0346409,0.142818,0.0908553,0.229773,0.0960058,0.305051,0.328658,0.331744,0.130633,0.112191,0.0571207,0.118931,0.189669,0.123789,0.607618,0.397278,0.198301,0.346068,0.110028,0.10687,0.167899,0.128422,0.331407,0.337671,0.293884,0.280606,0.188256,0.46789,0.123911,0.143572,0.0925676,0.0433659,0.290623,0.143636,0.0897089,0.185399
0.508992,0.912395,0.620377,0.303566,0.681814,0.722947,0.661165,0.067514,0.609295,0.460622,0.506857,0.226569,0.394594,0.340419,0.449468,0.603812,0.427485,0.604767,0.21942,0.20453,0.439402,0.534335,0.73993,0.202001,0.572558,0.342907,0.153423,0.45721,0.387209,0.686627,0.591699,0.266315,0.203345,0.822347,0.697598,0.289075,0.315357,0.274978,0.546056,0.530623,0.00529936,0.714945,0.541705,0.638359,0.171569,0.332491,0.615395,0.63505,0.120558,0.245178,0.426655,0.348458,0.18293,0.543434,0.764995,0.525735,0.208534,0.762246,0.591156,0.712648,0.687132,0.574972,0.452895,0.423619,0.664718,0.178534,0.470411,0.218292,0.363578,0.310516,0.482957,0.32642,0.122957,0.677206,0.323752,0.824404,0.521667,0.181919,0.38893,0.301331,0.152187,0.253106,0.498787,0.228932,0.278411,0.341667,0.628885,0.654344,0.409005,0.531384,0.69656,0.291404,0.23587,0.849604,0.481069,0.318579,0.739487,0.342405,0.822347,0.697598,0.569469,0.355258,0.395809,0.19849,0.307272,0.693703,0.332692,0.899267,0.586268,0.624896,0.112797,0.461704,0.747516,0.211686,0.32772,0.394787,0.265462,0.19096,0.204112,0.683159,0.625435,0.227292,0.512221,0,0.316888,0.644284,0.0828482,0.14036,0.518678,0.800067,1,0.320049,0.0978559,0.476418,0.228648,0.188689,0.555727,0,0.316357,1,0.425257,0.633801,0,0.345871,0.5388,0.336189,0.771946,0.136101,0.848869,0.225907,0.222327,0.429161,0.180929,0.7211,0.354098,0.147827,0.459841,0,0.432722,0.643472,0.144979,0.658816,0.48654,0.110699,0.0143971,0.175094,0,0.169478,0.362999,0.188673,0.248101,0.354673,0.0883034,0.178463,0.368463,0.300981,0.356277,0.20066,0,0.116305,0.302944,0.0527432,0.407531,0.128843,0.288823,0.526545,0.606822,0.55512,0.537385,0,0.0960344,0.359345,0.471708,0.627816,0.841081,0.137141,0.270347,0.3816,0.977034,0.279832,0.184665,0.736941,0.370232,0.165755,0.298181,0.611206,0.44092,0.667046,0.442346,0.0142223,0.398751,0.424335,0.311516,0.0158133,1,0.260762,0.293991,1,1,0.373674,0.58232,0.564007,0.218716,0.398523,0.0666805,0.973832,0.484299,1,0,0.104215,0.251108,1,1,0.405182,0.310473,0.279891,0.564007,0.218716,0.685917,0.373267,0.791279,0.243116,0.683115,0.367171,0.667927,0.158282,0.207623,0.757315,0.427148,0.809454,0.287101,0.447892,0.379183,0.256628,0.761244,0,0.189219,0.0445428,0.431361,0.0534427,0.415015,0.452893,0.0954964,0.138296,0.239898,0.914176,0.39168,0.704836,0.484633,0.117907,0.674602,0.553626,1,0.223479,0.436728,0.878844,0.368131,0.886159,0.329548,0.485878,0.114039,0.634697,0.351469,0.379183,0.256628,0.539184,0.346982,0.75511,0.280696,0.0635793,0.55156,0.720957,0.578452,0.365361,1,0.408009,0,0.420342,0.789653,0.264644,0.640528,0.114643,0.581079,0.826995,0.126481,0.485085,0.562724,0.884949,0.108661,0.502955,0.440748,0.329643,0.227317,0.2416,0.612833,0.74387,0.225423,0.213388,0.228667,0.57104,0.243877,0.163109,0.667046,0.442346,0.364293,0.317389,0.116993,0.867408,0.175621,0.613888,0.342216,0.131738,0.282081,0.128069,0.406126,0.164111,0.165618,0.544034,0.152401,0.592553,0.514275,0.630384,0.44453,0.366349,0.338268,0.478566,0.0878042,0.617551,0.634952,0.576855,0.214198,0.29102,0.674434,0.00269492,0.763712,0.493089,0.3383,1,0.261071,1,0.447685,1,0.273399,0.423989,0.0460835,0.471708,0.627816,0.516998,0.703298,0.359455,0.671595,0.156909,0.71532,0.328641,0.596482,0.0969024,0.634066,0.515158,0.816107,0.754901,0.44459,0.065559,0.606994,0.162727,0.330441,0.108962,0.581079,0.826995,0.320722,0.648036,0.133323,0.052974,0.357429,0.318017,0.418831,0.276909,0.913407,0.459966,0.442537,0.755306,0.319951,0.407615,0.257165,0.563939,0.346115,0.450532,0.105449,0.607521,0.120045,0.574637,0.270248,0.255868,0.710878,0.32661,0.511079,0.709617,0.298646,0.35727,0.288135,0.420343,0.279433,0.436947,0.290273,0.8187,0.342485,0.461217,0.317026,0.676426,0.352025,0.307838,0.667544,0.307886,0.674098,0.504584,0.324323,0.239587
0.326811,0.513645,0.24382,0.458541,0.542913,0.619208,0.453165,0.0447112,0.49954,0.353464,0.391836,0.267057,0.244719,0.488567,0.391356,0.395057,0.175287,0.694881,0.834804,0.549946,0.481656,0.415117,0.254787,0.689688,0,0.214105,0.225495,0.50245,0.54607,0.534637,0.484696,0.454261,0.368709,0.413265,0.508151,0.197241,0.198113,0.722537,0.0729423,0.122114,0.425288,0.303298,0.297584,0.777796,0.275379,0.228096,0.53536,0.66839,0.684988,0.777274,0.662071,0.427505,0.552488,0.54948,0.817328,0.545436,0.44802,0.78822,0.655632,0.80683,0.718492,0.651755,0.482779,0.416437,0.243625,0.462665,0.588482,0.280775,0.33873,0.712638,0.879041,0.50626,0.131183,0.552196,0.725964,0.489359,0.615252,0.616659,0.367109,0.399572,0.333919,0.359861,0.269525,0.170744,0.233302,0.205852,0.521347,0.0626684,0.369778,0.303254,0.361747,0.157924,0.340237,0.241246,0.484469,0.29957,0.710532,0.113605,0.413265,0.508151,0.620932,0.236798,0.343743,0.181757,0.301654,0.538341,0.371315,0.195035,0.542999,0.47438,0.908024,0.59545,0.626139,0.33991,0.13809,0.325775,0.740927,0.406913,0.0953935,0.435032,0.572647,0.342175,0.169496,0.165216,0.431514,0.742033,0.190941,0.0879926,0.549709,0,0.347738,0.38524,0.339518,0.0453057,0.113145,0.322255,0.468116,0.226856,0.465408,0.41132,0.162882,0.601719,0.232688,0.390868,0.556463,0.369982,0.501636,0.417691,0.673235,0.131569,0.440892,0.607784,0.21973,0.673961,0.208227,0.149032,0.387162,0.414288,0.478599,0.164156,0.228814,0.630433,0.344411,0.250232,0.384974,0.132021,0.255371,0.219186,0.429256,0.0672042,0.235738,0.410367,0.0631074,0.255872,0.353369,0.655407,0.311603,0.321194,0.292627,0.144521,0.561943,0.253877,0.105605,0.380077,0.3779,0.0406002,0.264613,0.551823,0.395326,0.244395,0.291806,0.577451,0.282278,0.548154,0.35224,0.371631,0.523686,0.432149,0.118301,0.178681,0.248414,0.16982,0.180468,0.19936,0.481045,0.665735,0.303388,0.233428,0.178409,0.238924,0.248451,0.399158,0.348572,0.196591,0.18953,0.25628,0.266561,0.243037,0.272178,0.483254,0.378032,0.373671,0.121895,0.394694,0.464696,0.243191,0.6019,0.0376918,0.138877,0,0.233946,0.215105,0.502666,0.537175,0.522554,0.30956,0.373671,0.121895,0.117022,0.420475,0.776068,0.642513,0.544902,0.541575,0.359828,0.505911,0.239905,0.801389,0.358877,0.433074,0.335167,0.103141,0.291509,0.363181,0.23684,0.165871,0.249772,0.143571,0.0516831,0.226493,0.198879,0.479372,0.202823,0.117698,0.441125,0.207913,0.278165,0.256003,0.0582496,0.105418,0.524789,0.381451,0.2338,0.493376,0.287665,0.793541,0.34918,0.81858,0.170511,0.202022,0.086664,0.212828,0.158078,0.291509,0.363181,0.791184,0.348621,0.411318,0.0349649,0.236877,0.221842,0.789597,0.837011,0.299314,0.204651,0.419257,0.141523,0.620263,0.173927,0.157152,0.275349,0.737427,0.479658,0.352352,0.0381381,0.553245,0.193835,0.190703,0.169254,0.267675,0.228595,0.422614,0.222496,0.148783,0.259781,0.390258,0.161929,0.11528,0.233235,0.364148,0.323776,0.237903,0.233428,0.178409,0.366922,0.510528,0.0556618,0.424364,0.0676543,0.495156,0.268757,0.144173,0.190736,0.0657972,0.155076,0.102672,0.184474,0.345181,0.0212219,0.759764,0.0891599,0.680993,0.565935,0.250118,0.34696,0.459202,0.320976,0.206709,0.290256,0.142091,0.459533,0,0.373815,0.272183,0.182292,0.17813,0.144948,0.293174,0.0725735,0.363205,0.573133,0.156059,0.0636723,0,0.137111,0.282278,0.548154,0.181216,0.15119,0.139252,0.117676,0.113513,0.474269,0.315966,0.516544,0.0765108,0.16416,0.312357,0.155805,0.159167,0.310887,0.0445749,0.406609,0.165773,0.142262,0.121801,0.479658,0.352352,0.295654,0.127766,0.146277,0.195158,0.276229,0.156834,0.148416,0.30802,0.830457,0.365249,0.197575,0.0951687,0.488251,0.105547,0.163051,0.284483,0.0423329,0.4004,0.0991861,0.323693,0.0804833,0.301854,0.151914,0.0796413,0.063444,0.0815286,0.320626,0.329552,0.183553,0.41941,0.114671,0.16051,0.188413,0.0815255,0.366685,0.447249,0.391916,0.187958,0.26654,0.443141,0.0968098,0.109106,0.46149,0.140758,0.521279,0.0753089,0.0923661,0.0904334
0.544628,0.462612,0.408612,0.452011,0.463569,0.84963,0.464149,0.0685735,0.583582,0.281619,0.312374,0.221788,0.361888,0.545005,0.54191,0.199705,0.235084,0.400375,0.456289,0.502941,0.442678,0.542066,0.195478,0.117821,0.2468,0.312374,0.464141,0.433771,0.410652,0.592562,0.584925,0.360068,0.217369,0.55198,0.532169,0.250862,0.204278,0.460452,0.37094,0.430303,0.545394,0.475859,0.427145,0.696263,0.140671,0.241739,0.489045,0.594759,0.692022,0.688033,0.328067,0.723236,0.680171,0.669918,0.194031,0.817693,0.420074,0.795008,0.45853,0.596779,0.617587,0.514045,0.447674,0.385893,0.420849,0.20124,0.463732,0.367527,0.249345,0.268873,0.47946,0.332014,0.244987,0.422194,0.38434,0.471815,0.59845,0.0715423,0.339652,0.178644,0.294181,0.159959,0.232505,0.288288,0.243526,0.216008,0.535569,0.116191,0.435699,0.372277,0.947878,0.171204,0.250171,0.337602,0.655597,0.272589,0.778879,0.185947,0.55198,0.532169,0.466776,0.604712,0.295042,0.224007,0.612948,0.733128,0.427664,0.15718,0.639157,0.709341,0.544015,0.427598,0.598329,0.405683,0.0876174,0.297039,0.490842,0.214004,0.101442,0.527879,0.474738,0.0999438,0.27641,0.340258,0.514657,0.784553,0.193007,0.147432,0.458822,0.148919,0.274098,0.245307,0.152376,0.193339,0,0.126976,0.403554,0.506481,0.441763,0.211526,0.372659,0.549325,0.538554,0.309508,0.651192,0.378839,0.513851,0.374438,0.713139,0.107611,0.441349,0.337028,0.0685761,0.745133,0.32433,0.153091,0.449097,0.808871,0.361594,0.178386,0.197224,0.513325,0.334464,0.131613,0.291184,0.0112857,0.427617,0.350712,0.446159,0.0886988,0.108546,0.212287,0.054657,0.24121,0.450491,0.639492,0.321119,0.119914,0.302407,0.119609,0.40419,0.209573,0.287266,0.210723,0.191722,0.197488,0.141512,0.677472,0.350028,0.590765,0.242272,0.487982,0.406499,0.446974,0.163519,0.222706,0.317284,0.449943,0.154028,0.205052,0.134861,0.115421,0.131471,0.126425,0.565757,0.592706,0.151207,0.203239,0.271447,0.283564,0.568883,0.642186,0.228634,0.422192,0.156832,0.205168,0.296428,0.15645,0.143874,0.433802,0.379339,0.545344,0.170104,0.211006,0.405889,0.246604,0.375892,0.187596,0.357019,0.236013,0.229289,0.160358,0.428326,0.41333,0.448512,0.401509,0.545344,0.170104,0.109516,0.2181,0.935502,0.409135,0.45594,0.277475,0.588861,0.234364,0.209983,0.780374,0.21084,0.43434,0.17183,0.0938887,0.383773,0.26488,0.244289,0.524372,0.178879,0.52877,0.127137,0.38179,0.245251,0.489492,0.173852,0.108047,0.225115,0.19605,0.229436,0.19232,0.178607,0.192457,0.700299,0.23651,0.144187,0.343685,0.0990725,0.860072,0.531938,0.905756,0.21603,0.110266,0.101824,0.175878,0.16285,0.383773,0.26488,0.709346,0.296569,0.518316,0.22908,0.470756,0.132299,0.687999,0.615672,0.263822,0.166802,0.163137,0.439177,0.381128,0.244861,0.15135,0.16399,0.33656,0.911001,0.425512,0.125986,0.561543,0.110488,0.228616,0.0885132,0.139119,0.108633,0.513899,0.184444,0.22919,0.250855,0.101382,0.231152,0.111887,0.326512,0.323401,0.614956,0.0864563,0.203239,0.271447,0.238348,0.571625,0.0961952,0.431107,0.0452749,0.495582,0.287076,1,0.161803,0.0998992,0.25765,0.0790446,0.202149,0.175106,0.164831,0.232227,0.254671,0.661365,0.332805,0.272711,0.302622,0.342971,0.355457,0.132254,0.11203,0.164672,0.194508,0.166095,0.399731,0.268148,0.131665,0.138799,0.144616,0.307475,0.124349,0.290993,0.248617,0.11323,0.0873059,0.094257,0.0886261,0.406499,0.446974,0.159376,0.129157,0.113874,0.134739,0.0886389,0.222454,0.278741,0.337228,0.0987885,0.171257,0.155666,0.182069,0.146173,0.619285,0.2324,0.5139,0.143227,0.177489,0.14969,0.911001,0.425512,0.290011,0.15881,0.447485,0.145588,0.159649,0.11531,0.231191,0.170338,0.849994,0,0.218347,0.279243,0.733067,0.107045,0.142344,0.249489,0.301094,0,0.0792287,0.202661,0.117939,0.252376,0.173574,0.100707,0.114641,0.134021,0.456372,0.25763,0.184308,0.368003,0.127241,0.0857428,0.418719,0.119374,0.175717,0.327187,0.405427,0.288799,0.239353,0.344966,0.118896,0.0747333,0.207628,0.248805,0.744422,0.187942,0.12975,0.123092
0.672721,0.555015,0.565822,0.365342,0.554607,0.694268,0.208144,0.0754609,0.706677,0.239548,0.269641,0.117346,0.390867,0,0.259049,0.0426684,0.319434,0.303416,0.738714,0.45428,0.549671,0.567429,0.253322,0.459329,0.660179,0.656045,0.320288,0.58736,0.803191,1,1,0.314985,0.222694,0.534044,0.553681,0.411674,0.37329,0.191516,0.501838,0.558893,0.324058,0.549969,0.49495,0.502031,0.25682,0.0145556,0.238737,0.427338,0.499235,0.628581,0.147726,0.697923,0.338228,0.804212,0.241001,0.789005,0.520945,0.71904,0.511029,0.640757,0.587477,0.35582,0.52374,0.320513,0.500889,0.141578,0.282997,0.218384,0.110618,0.337373,0.743513,0.409776,0.079857,0.644101,0.505251,0.520466,0.530667,0.0395922,0.405724,0.465985,0.404158,0.323979,0.163944,0.192753,0.415875,0.244685,0.673091,0.0235124,0.466743,0.402009,0.674001,0.121083,0.210313,0.387944,0.534257,0.0749038,0.711784,0.39107,0.534044,0.553681,0.49073,0.249436,0.254955,0.141055,0.225895,0.530944,0.62984,0.107056,0.525633,0.540869,0.410656,0.50621,0.75809,0.307761,0.24423,0.531601,0.458279,1,0.118608,0.461805,0.516878,0.208468,0.119166,0.417623,0.0546313,0.562221,0.23891,0.0756745,0.614725,0.311443,0.296553,0.349185,0.154374,0.206103,0.204728,0.154134,0.660572,0.185362,0.468726,0.186479,0.294334,0.42754,0.579368,0.608284,0.831109,0.561441,0.532912,0.358647,0.711661,0.136084,0.514307,0.0615749,0.0709477,0.637791,0.526674,0.0743265,0.488105,0.227834,0.401742,0.265781,0.396156,0.576283,0.549295,0.106892,0.329997,0.0559773,0.413136,0.434581,0.451523,0.196215,0.0662977,0.283831,1,0.180167,0.317926,0.51668,0.386326,0.145764,0.358057,0.180232,0.448244,0.238669,0.314313,0.221273,0.213418,0.299651,0.448353,0.533825,0.522552,0.300822,0.28414,0.447202,0.428153,0.56507,0.443233,0.226786,0.30563,0.531237,0.0829865,0.152316,0.142522,0.122302,0.0637466,0.132116,0.349442,0.72663,0.102659,0.154293,0.200918,0.356459,0.506495,0.476046,0.297164,0.577109,0.173114,0.158984,0.296227,0.164028,0.150455,0.510025,0.384072,0.557967,0.192895,0.363146,0.55606,0.289335,0.442991,0.0703776,0.375514,0.289143,0.209788,0.127101,0.393409,0.468626,0.294131,0.404255,0.557967,0.192895,0.121838,0.310358,0.778124,0.316419,0.681342,0.266885,0.729214,0.653596,0.193824,0.614843,0.138423,0.338297,0.0909483,0.0881255,0.29759,0.310441,0.250151,0.569952,0.331142,0.534872,0.18079,0.332418,0.246722,0.485255,0.281622,0.0996233,0.336514,0.151124,0.264651,0.0980141,0.151573,0.101725,0.661294,0.221717,0.20407,0.294619,0.199364,0.760036,0.586861,0.791983,0.257772,0.097161,0.0823285,0.127249,0.182089,0.29759,0.310441,0.749222,0.241744,0.299933,0.113414,0.322317,0.122955,0.820282,0.753524,0.0404418,0.240048,0.233703,0.426661,0.352771,0.191205,0.397026,0.116367,0.0916143,0.271651,0.245111,0.28185,0.547797,0.156126,0.25179,0.0810631,0.15493,0.100883,0.368303,0.196636,0.21751,0.307932,0.104829,0.318891,0.0902909,0.321824,0.373874,0.398334,0.170368,0.154293,0.200918,0.268881,0.667008,0.302808,0.422078,0.0740262,0.218228,0.30468,0.254962,0.0744001,0.117728,0.323981,0.10854,0.310867,0.259328,0.0934902,0.688703,0.322979,0.624696,0.620974,0.356332,0.343259,0.309788,0.238398,0.085884,0.142998,0.212677,0.336848,0.13416,0.703428,0.261513,0.13779,0.136702,0.15805,0.29743,0.047719,0.169499,0.150401,0.100241,0.0855813,0.0699917,0.124538,0.428153,0.56507,0.101542,0.135397,0.074438,0.132633,0.0766611,0.250628,0.192647,0.471293,0.0400294,0.197254,0.14356,0.266442,0.237933,0.164518,0.0442219,0.339269,0.182961,0.168923,0.19485,0.271651,0.245111,0.280597,0.435865,0.417226,0.282389,0.0876759,0.0686511,0.563511,0.277069,0.784355,0.516623,0.129515,0.208434,0.896242,0.124821,0.121884,0.305043,0.095815,0.630497,0.0439159,0.437621,0.0784781,0.260629,0.0611259,0.167452,0.306604,0.155827,0.303832,0.135851,0.128755,0.410181,0.11315,0.0650952,0.130401,0.128056,0.265428,0.12648,0.349222,0.210487,0.266926,0.677683,0.15627,0.108206,0.178984,0.269516,0.217431,0.0849431,0.100093,0.0280558
0.575447,0.297649,0.166224,0.656479,0.198291,0.250249,0.781175,0.172174,0.598915,0.224397,0.345072,0.478769,0.151381,0.396996,0.341213,0.560693,0.146963,0.190248,0.110029,0.552705,0.452114,0.458941,1,0.541643,1,0,0.491717,0.637847,0.74748,0.537289,0.45979,0.244614,0.181891,0.202863,0.773968,0.146323,0.178569,0.369845,0,0,0.340935,0.270912,0.102225,0.182144,0.552392,0.30941,0.289423,0.491952,0.177321,0.418362,0.152153,0.274208,0.483237,0.466425,0.157389,0.385669,0.355986,0.808371,0.366357,0.629071,0.776541,0.468322,0.443942,0.489258,0.372451,0.316789,0.389785,0.640594,0.24293,0.353367,0.572504,0.274535,0.100706,0.552396,0.777412,0.253301,0.557873,0.238122,0.371784,0.28491,0.237263,0.350356,0.613656,0.217587,0.422483,0.327472,0.473425,0.136266,0.45535,0.557241,0.33148,0.215434,0.137949,0.84412,0.338775,0.445549,0.719666,0.11285,0.202863,0.773968,0.382178,0.340876,0.32381,0.166952,0.281734,0.573187,0.395629,0.361913,0.650817,0.205409,0.0483443,0.538659,0.610432,0.565781,0.237107,0.457375,0.487403,0.375707,0.32053,0.368017,0.467487,0.191982,0.921513,0.152633,0.311271,0.712259,0.32562,0.0102202,0.233572,0.413771,0.890905,0.299049,0.612037,0.483536,0.112923,0.38235,0.635353,0.102294,0.436326,0.354011,0.436931,0.407902,0.49639,0.387938,0.477127,0.303384,0.352434,0.414164,0.345421,0,0.588621,0.377234,0.12137,0.518433,0.373504,0.388585,0.558651,0.122049,0.559004,0.442992,0.202397,0.518453,1,0.41212,0.534955,0.0808532,0.597497,0.364096,0.361614,0.0725206,0.281377,0.71834,0.0453607,0.20455,0.561478,0.54418,0.37613,0.313385,0.145957,0.237255,0.650047,0.456202,0.354205,0.472429,0.528218,0.540687,0.793841,0.447781,0.104507,0.117156,0.301995,0.539594,0,0.624861,0.88063,0.47744,0.54587,0.36204,0.415803,0.699711,0.191497,0.235544,0.204661,0.287161,0.420048,0.534438,0.476731,0.323138,0.344526,0,0.710057,0.393903,0.566141,0.216423,0.540049,0.889123,0.543051,0.480052,0.483812,0.328119,0.701718,0.536793,0.37023,0.322829,0.600228,0.709749,0.369344,0.536317,0.216278,0.0943099,0.0828048,0.2515,0.53427,0.514728,0.749872,0.245466,0.536793,0.37023,0.337397,0.655206,0.921772,0.27203,0.377845,0.0342425,0.674325,0.698696,0.310582,0.771374,0.595256,0.745009,0.348017,0.08081,0.345045,0.317781,0.355289,0.488397,0.442427,0.463817,0.32953,0.24745,0.305522,0.299267,1,0.24208,0.393289,0.75942,0.349476,0.307337,0.253981,0.123074,0.538638,0.452851,0.2123,0.556982,0.174974,0.8487,0.294404,0.945984,0.213191,0.303132,0.329672,0.321844,0.127584,0.345045,0.317781,0.58529,0.35918,0.540839,0.110414,0.336066,0.506547,0.725996,0.768869,0.130235,0.901237,0.220386,0.337475,0.376547,0.407175,0.598493,0.379825,0.165034,0.334908,0.650787,1,0.866769,0.399359,0.411074,0.19183,0.770596,0.277441,0.491614,0.217227,0.393305,0.595806,0.259697,1,0.250424,0.238769,0.392809,0.398765,0.281381,0.323138,0.344526,0.11661,0.450584,1,0.472127,0.291473,0.29015,0.739706,0.133135,0.919981,0.238096,0.376176,0.141456,1,0.263364,0.101762,0.338091,0.159834,0.508344,0.440623,0.257036,0.447342,0.478873,0.257216,0.500682,0.0942423,0.530973,0.138852,0.167908,1,0.273672,0.174632,0.368668,0.240537,0.365173,0.531415,0.629437,0.433292,0.275005,0.169985,0.192291,0.0755151,0,0.624861,0.113119,0.564381,0.127948,0.262017,0.443603,0.206669,0.493523,0.374226,0.0633041,0.0621574,0.261105,0.350701,0.0629074,0.239136,0.0799822,0.315299,0.267772,0.217495,1,0.334908,0.650787,0.110244,0.314943,0.413763,0.0864225,0.251318,0.121071,0.745961,1,0.810007,0.159271,0.272433,0.948717,0.429596,0.271035,0.336956,0.824695,0.168815,0.529247,0.035001,1,0.139892,0.717628,0.193903,0.548524,0.570569,0.152602,0.400958,0.295705,0.159144,0.617385,0.110498,0.225607,0.247155,0.0899191,0.296786,0.735329,0.387357,0.44949,0.904264,0.306393,0.48685,0.124271,1,0.619276,0.230524,0.357157,0.287506,0.334538
